nb,run,a<sub>HSC</sub>,p<sub>HSC→MPP</sub>,p<sub>MPP→CMP</sub>,p<sub>CMP→GMP</sub>,p<sub>CMP→MEP</sub>,p<sub>MPP→MLP</sub>,p<sub>MEP→EP+</sub>,p<sub>EP+→EP-</sub>,k<sub>MPP</sub>,d<sub>CMP</sub>,p<sub>GMP→M</sub>,d<sub>MEP</sub>,p<sub>MLP→M</sub>,d<sub>EP+</sub>,p<sub>EP-→M</sub>
1,1,0.007956507001870798,0.39468998060373695,5.34923238128686,0.08927790570661834,1.4330938759462715,0.022614146548990577,4.574266720268047,1.0747993703055838,5.051353618574164,0.2317197150894864,0.017282203146624053,0.1515879730213797,0.0005247318854436064,0.17943973084386872,0.6972900067881125
2,1,0.0048137379557978855,0.37935960096867327,5.361155613541131,0.07203232593201922,1.4572138615931256,0.08053283110857211,4.600332096180571,1.1067032111632822,5.091560126174443,0.2273979292356575,0.01096490523192518,0.008545299910536128,0.020378971829432053,0.1276828737141323,0.6752833309369565
3,1,0.01431902321833355,0.3800146360392089,5.337869999153241,0.10588195119646215,1.3697735155121216,0.08992279940501652,4.585327429870627,1.1532274526316904,5.023368521334508,0.2387868556996788,0.0021938142362488227,0.09655924282166899,0.05651398505700083,0.10156111017718401,0.7127613162219661
4,1,0.020082595953570686,0.26292819198969547,5.296517221100534,0.09637560744632738,1.2922047204048592,0.09394964430274426,4.579644765754019,1.1054040160284986,5.044103494195426,0.20858401259342138,0.010844461317394997,0.12380825900841037,0.05552798402580524,0.10098775211509849,0.725787971259529
5,1,0.011990423910591689,0.1969609014053406,5.213356027156653,0.13317656776952222,1.3488031633873225,0.06513759959327121,4.510521265813086,1.1231939730481495,5.0437809549378,0.15860337088411514,0.029643892185967035,0.17409177887205932,0.021351399718283568,0.11775198507244691,0.5674934061394507
6,1,0.012222595081479628,0.1153343377870824,5.163374726540835,0.13829034312095465,1.345327025760112,0.09959817799628652,4.51049703904007,1.2302230710369162,5.076629888934375,0.10020900566848989,0.001916771625749867,0.16469859447140328,0.01365616203019343,0.09959493400638626,0.55455054043354
7,1,0.012044309768618275,0.10206207042580233,5.1626338914569905,0.08745504487466643,1.3906252430737354,0.0774976265469193,4.585573792604907,1.1588426954374993,5.120223886496534,0.11686481720982644,0.010479397356671527,0.17809017906202074,0.03269688640760529,0.08613020069747979,0.6045393520411383
8,1,0.0018809876632386068,0.13916817802462567,5.212952945256178,0.11200454334917771,1.4046852529270997,0.0557703957006565,4.625702516282175,1.1381519660956845,5.142952263245393,0.15118446332807287,0.0171320828168804,0.13770256672984774,0.02461744909839086,0.08274437820098667,0.7147431604276554
9,1,0.002808918861037908,0.1895483282979105,5.221716686141041,0.08685141015010124,1.3741963920602132,0.044269071326892624,4.615414113552413,1.1519332116972518,5.146346201773754,0.2353984981917415,0.016806992153354582,0.18634527619310493,0.019766545696663314,0.12151198682454506,0.6355569777104665
10,1,0.019579978477342695,0.19551084014220305,5.256786237158698,0.09156093283883451,1.3735290632891988,0.09443104053461317,4.6247087051858715,1.123252160649374,5.104620073302847,0.21613542916773498,0.019058950053840958,0.216224984849429,0.012355162238304388,0.16454923438682673,0.6437460478173296
11,1,0.006433543146614332,0.2074058145521479,5.336991595619048,0.07899873445663955,1.4370771980167911,0.075379130385122,4.6145193158440465,1.0881528929384416,5.202783163939556,0.2092758782228267,0.0003045074552610303,0.1366004635009809,0.0043323477384830155,0.21587290978445245,0.6223689011506051
12,1,0.004988727294218482,0.17173070119152165,5.352542194690807,0.1307044411157675,1.378038856888659,0.04073632525966364,4.702407161350523,1.0621642111238543,5.204003399868533,0.15870968737618435,0.024084611341857062,0.13395864380557299,0.008117198607294153,0.17374439381699303,0.6348091602270565
13,1,0.003510605730675216,0.22047705043532323,5.298110765359173,0.12247730633736113,1.3300588067319874,0.048323491044137884,4.645528214028536,1.062551434426424,5.1751300255881265,0.17572946020075436,0.008757716168979834,0.12762122279134905,0.007552929248406012,0.1455850246827816,0.6647344478693522
14,1,0.004065532265095774,0.30041781715334814,5.370666052661461,0.13443429024017922,1.295809912294017,0.09389711324398095,4.654157942059202,1.0778548496904752,5.197935437725764,0.031485859885110705,0.01870666215518632,0.043545059833599555,0.04641759766175857,0.09801550030313878,0.7157224672633095
15,1,0.010600846370622807,0.27978241215898003,5.35801435862101,0.08812586332048933,1.3368280475170973,0.09665727376910882,4.568222679043548,1.0283646827261126,5.203078762318086,0.06101719758962169,0.0019628659762819375,0.05801442627809973,0.06487895211790497,0.11168878419561343,0.6947869595895788
16,1,0.004584239543197487,0.3002118795810254,5.3372215801035,0.13639452575146965,1.3540282971286042,0.09246228094227257,4.537088358685135,1.071349892595022,5.152327381159942,0.016894118028542987,0.0043562935062087735,0.034934315448742266,0.017979556250171676,0.0734435742514979,0.7104687457603291
17,1,0.004594006661267886,0.21377652473867975,5.418668066934626,0.048195534725690485,1.4167942200553203,0.08757251521165708,4.49694566537234,1.1007724739684706,5.2165082901356135,0.00452572082579636,0.006088072170964084,0.01371022514031718,0.015067248457052412,0.02695561191511251,0.7682009162533114
18,1,0.010798588717390296,0.20882577168143787,5.479183610553548,0.06877082366213445,1.4394052270644286,0.049595132504707796,4.480995320135442,1.0781198221508341,5.280851301510171,0.06131308204273903,0.005722534790331001,0.1174231863611475,0.03329970148658817,0.07137634513370371,0.7949088333855198
19,1,0.018322044390632522,0.13379002065550166,5.471930800575029,0.1191191169992986,1.505880558323308,0.06853706282004862,4.448532660335448,1.0927376238971926,5.344493564343424,0.17208685537148302,0.02453022261649906,0.08292293403900822,0.00656130263787488,0.0942187363508751,0.7689053639340114
20,1,0.008271683052724361,0.14804025588594166,5.376347273685762,0.09340304069595508,1.549301805955816,0.08765672810381515,4.440240783731504,0.9936910257251631,5.3622347028812785,0.22125671414793782,0.023127678131833182,0.1623064874507141,0.04958297640368696,0.07639602324596095,0.8405879693935858
21,1,0.013798071176127623,0.11955197132777566,5.334589896038878,0.08017146119841881,1.5674772745493601,0.0976495723477407,4.417106304560215,0.9844482920421241,5.338594625168728,0.17439513662997977,0.012280133953072751,0.15182341131886223,0.059985787354250565,0.09788903086671645,0.8777535629654422
22,1,0.013242387255319982,0.11052340152872814,5.404033374110047,0.07648155616584455,1.5963057711183468,0.08888160670369934,4.410706420756687,0.9525224982735192,5.402947330614509,0.14996825546039552,0.012346350800027633,0.131109504533596,0.03763530397295678,0.12004747466699732,0.8484063117398356
23,1,0.008714690454773357,0.05929284717965849,5.351593426503288,0.07123602515379653,1.5901723887387746,0.06944259649467482,4.420185764348896,1.0191144383950386,5.379464071798424,0.17747802293658174,0.015419023369123683,0.138216619914125,0.06716051093752975,0.12447696650343004,0.8384104202924373
24,1,0.009282853547969776,0.1397504505942941,5.400896912223643,0.16940453019974938,1.5023250399466526,0.09463875182459668,4.4289851648528495,1.0245588262483079,5.392744812199326,0.15049869018360207,0.008612717353268635,0.08106631759438238,0.04155237245213221,0.1234573128166938,0.8522817060382055
25,1,0.007890806271422256,0.13864859247900194,5.37449948386362,0.1706945951745427,1.4092604667463933,0.07994881656683117,4.365707786204598,1.0035292445137405,5.377817023608535,0.11727405655567408,0.021957729950322375,0.1045734408761221,0.09995918957505,0.19730666584027373,0.8068322915971413
26,1,0.0023004707886270957,0.14213214701312857,5.412312099413503,0.18164211885818693,1.470029094536285,0.07481316936142353,4.384819704901977,1.02801224227855,5.363536464071823,0.20363498496361307,0.011268748428382493,0.11168063979276774,0.043921947148019065,0.19599565722078038,0.7154264150649571
27,1,0.010338115040170844,0.2173546982591874,5.466310212863267,0.09280014568849458,1.4767561933492026,0.04733830573158245,4.389871054386366,0.9928122381954674,5.3246708726105725,0.18769197674863441,0.01441378480169282,0.000983208035167859,0.027504243511887357,0.19886509368075211,0.7064014834424683
28,1,0.008973172616018698,0.29522854405268734,5.499106952745052,0.11480930596423274,1.4548244718201893,0.028819210040125783,4.403200162837508,1.0111775812016588,5.27775027810985,0.21158676123730166,0.009207677828690874,0.035333771587333196,0.011353804961801437,0.24285820768764163,0.6861116034520329
29,1,0.013010123448195937,0.31958259933681943,5.581309784183249,0.16351549965430126,1.422421679242273,0.06187112410927178,4.317371905173838,1.1524600814370443,5.339830393227389,0.23242891100985671,0.044561603825263106,0.011699237362060811,0.023622719578605754,0.23665347477845622,0.6280895505717982
30,1,0.0010240406827025145,0.38582116559383295,5.614098484476474,0.13132992995563458,1.419373450836315,0.05788459355837767,4.360051259757798,1.2715096427706445,5.414834780871556,0.17441394129135707,0.013447119894235278,0.004054181012772022,0.04181713080899163,0.2210122653857804,0.5761826412549232
31,1,0.0019325063071883065,0.3411345104325481,5.55499276416713,0.14221918226570351,1.4079237377185572,0.09576261320017461,4.35389837645393,1.3057845729363704,5.431883369625808,0.21228001032509222,0.015296593216841547,0.038788066016295565,0.03229991252443331,0.28783455981860173,0.5862485202479308
32,1,0.0023005509860720306,0.3409988555327467,5.617282170414104,0.10616053501554266,1.3994243802619313,0.045776905391639096,4.333477190704073,1.3347288947979923,5.453086981131763,0.30667895122710914,0.018730396963572368,0.09250006522598436,0.004906482390721209,0.24512018305055808,0.5731304744420986
33,1,0.004396236589063474,0.35893291928333365,5.539156411317389,0.1474741978285737,1.4022855037575508,0.08862013801374577,4.4319432024148115,1.3125411126033648,5.415220441310772,0.3773023319177239,0.044345719494360315,0.17656333129352053,0.05686019295653284,0.19889566534912792,0.607749192605555
34,1,0.003470362906500829,0.3665544471609867,5.425329832737322,0.10331258607837059,1.4293172558219789,0.08555001768597102,4.381797482569971,1.27972715723718,5.335081632293268,0.41651966159035375,0.030351842737175345,0.1701998716021381,0.03657090231831825,0.18649908881008215,0.7096258611910718
35,1,0.0009361789931833848,0.3221871520492861,5.399260981489303,0.14852487565757572,1.3482337872833439,0.07508028761464056,4.387923721688836,1.243986409692348,5.317423579503862,0.5310015728607033,0.0020285825124280177,0.12996769456687202,0.04239333778131063,0.11078377467787917,0.8044297670975228
36,1,0.0024799789853657403,0.29856912125513174,5.408204267908267,0.1702625972568842,1.4372294693078294,0.09115201974966786,4.438124299185259,1.199256577911116,5.296349013648181,0.5299027729784096,0.023812026444432106,0.11104841927891777,0.0598863283919546,0.11667827274418754,0.7468457561767112
37,1,0.007207784772953064,0.2477008706797538,5.417762178322209,0.15875275286345408,1.4774165424838077,0.08369887851581914,4.337686587235178,1.1004025466040321,5.3023576908008945,0.494562416346245,0.0067648899912480295,0.04121279913341142,0.03912181198152908,0.18785974881395345,0.7556767577907174
38,1,0.0157911450630766,0.2313548577929421,5.436999850911014,0.19986377362531532,1.4921521648745475,0.039174588759238196,4.338076717544824,0.9977502790426444,5.242164486726079,0.45993411959418323,0.03639883462106205,0.1369605954369153,0.014561410559435925,0.10477333082236398,0.6687221293486552
39,1,0.020334424745083814,0.24880045988118785,5.447468560878828,0.1828923908244418,1.5180101534270598,0.0638265401017177,4.306394390456476,1.007881764662965,5.204977296523438,0.4955376493128213,0.024271909884968124,0.27961090527090676,0.03677651037437371,0.10124914176757709,0.6834110280845628
40,1,0.010597460660077936,0.36050576834898246,5.505035784058534,0.14960146787538803,1.5786963196515518,0.06685207024210323,4.297473039597204,0.9232360085064485,5.17503615444039,0.5166163484452208,0.010179528959449412,0.37071818894229763,0.013272622816403144,0.020853715645588994,0.6873606810568959
41,1,0.01820148714426692,0.413939432362267,5.569955552659883,0.19589494054780573,1.6092928126442867,0.09588946107049262,4.349232129518075,0.8881766213672586,5.1396565368664096,0.5089092136950439,0.03067806794816793,0.3481450374799823,0.09767621988898151,0.09737292113100206,0.6831070337397162
42,1,0.016896437241299196,0.4632939962789762,5.583478611302705,0.19073584825451667,1.5721253020204078,0.07363589214043102,4.316944568916606,0.8930133571351623,5.142965233573814,0.5941573834965205,0.024766728461517583,0.37489822723304,0.032647469378550606,0.07479198877732518,0.7370491783087014
43,1,0.010234156742237106,0.4981586339108737,5.574803629911115,0.16936135421620466,1.5690222212469338,0.07764207903282125,4.3583449453205745,0.9256150279789512,5.161980087305916,0.5865379601640283,0.015486395338591965,0.4644487240666188,0.056711357866790046,0.0023038089327215698,0.7671547714628657
44,1,0.008685914750949196,0.44142909217926907,5.607540508116253,0.17220101037603594,1.6097117529183782,0.0994321966221906,4.402170599085768,0.9588944674161989,5.245419294297338,0.5761366932363235,0.017934613236220018,0.46648837361345985,0.02533052840268871,0.03642410820524575,0.7304875143129715
45,1,0.016224288651716143,0.4194748335105576,5.60969652871718,0.18588809197176717,1.6171985485971156,0.05027602301668086,4.458088151243634,0.9761424683868861,5.266494778881321,0.5835081282933684,0.04417447169419578,0.49832933412459246,0.03348665590440249,0.08481571452096914,0.7803708758365745
46,1,0.008227331661550945,0.3704142899501977,5.538921589993606,0.15847618024106852,1.6661236851417311,0.008858810972121954,4.4330199726332795,0.9450920942766755,5.241735659994689,0.6071296528422399,0.025193444442427982,0.5474127273229856,0.012607168197973383,0.03667086527674135,0.8129898707254704
47,1,0.004145307303735621,0.4008398909369741,5.454316845807532,0.12459731347162119,1.7588960404743816,0.04799117159596839,4.4920213581749895,0.9490272833380574,5.235338182030332,0.6322525953112619,0.014567197662583227,0.5320989460818797,0.0240973312781237,0.0887171290277976,0.7736448920570261
48,1,0.003985878530302875,0.4240171938785359,5.4927433425570324,0.12881910975443023,1.7960532119858288,0.07342837567663606,4.4404680364165845,0.9737866486413392,5.2733102081507806,0.719556063775131,0.021911083036738367,0.5382791423296936,0.05157352589628607,0.012995006386111126,0.7789110971442931
49,1,0.014857762209548766,0.35930288982010145,5.537998417086696,0.1392754541443952,1.845974032264781,0.04997733471359433,4.383644018115741,1.0183605638642474,5.259364107236335,0.8008831763372967,0.009443851706834028,0.5473582542503826,0.0409288751787461,0.06983871791719924,0.8021485994615741
50,1,0.010682350557084334,0.3554323439653284,5.547384454262066,0.16890298123754346,1.74992080342273,0.09056110710583604,4.383385259980432,0.9335866017545683,5.314315911535895,0.7827764716904146,0.013116895966982936,0.5098421751480773,0.021293023739275184,0.10629092316341097,0.7386701924638768
51,1,0.0018379716827291686,0.3706584881295337,5.540913662440226,0.18806187857243378,1.6818640884972689,0.07777110179927708,4.3605076915575625,0.9572253709868173,5.358012227189807,0.7803894233636269,0.03180226370049235,0.5117952236401951,0.038525705570469915,0.13221622172973635,0.7082307960890772
52,1,0.0018773352678132578,0.3750407529000927,5.5220226456369,0.15875985668600842,1.7604314566714498,0.08187998068359492,4.366309074235557,0.9481150582101003,5.380886850327024,0.7989907719735374,0.021843318383509475,0.47817350771784,0.03881617201917911,0.07238091992491542,0.7158166276239272
53,1,0.009299304091418235,0.2696247853066882,5.506963039470614,0.1540198564998403,1.7249123213768358,0.04084577771419801,4.296971955659053,0.8922764617647975,5.320567883528939,0.8282413358359679,0.0001535409475697901,0.4969593204035822,0.03630231596197756,0.06287742237936918,0.6528528903064729
54,1,0.014303536913187498,0.22902280334940153,5.504834885738477,0.12730610922773958,1.7455574978913997,0.08624949044970008,4.291483715828114,0.929323176721569,5.298497275611395,0.875763890022141,0.004603962730687337,0.5079583028490233,0.06756413344285196,0.02165896402070443,0.6838150610767504
55,1,0.015650489853014767,0.2471144954610133,5.496650098628948,0.1872936483780356,1.8036581446769822,0.09283715485394797,4.329023667326675,0.9691398936113762,5.3163279360362115,0.9127160640352373,0.0177259935956487,0.5471440206283935,0.02719693655537962,0.0174832150889215,0.6910813998674286
56,1,0.011734593906689857,0.25962686918797984,5.493908009784348,0.14907778683304698,1.8237869454929472,0.08800039073431201,4.331733102516223,1.0009058086239084,5.252089707925689,0.9816715237977378,0.00856443438631695,0.536032164131709,0.05051851507610955,0.07430179949343522,0.6649552352391991
57,1,0.016991221362922873,0.3176638662491119,5.527046391319241,0.17027249475945128,1.834937940503085,0.03764811505601632,4.295164575438511,0.9956688487602265,5.253485035513595,1.0599142355430475,0.00803116732977312,0.562396309837915,0.022219311364195526,0.1563445658879586,0.6204373832787541
58,1,0.015402027022615547,0.31915015368940935,5.509814459787691,0.1684503274670938,1.809299622201272,0.09504986425509422,4.2756413371556885,1.030825871216379,5.266142195918135,1.078330699100824,0.01467081866438007,0.6173663312924048,0.007836369220692183,0.1844719248897203,0.7025501088303239
59,1,0.01383295540524211,0.3461033528044157,5.50914208593879,0.13187750424712627,1.7980065880004812,0.055819540320777336,4.346835549206765,1.043592414269945,5.227718160926715,0.9673204045239274,0.009808831910826652,0.6717078658874572,0.005960557317286904,0.10385149214114531,0.7150881280391889
60,1,0.004882421020915112,0.4217804155274743,5.511268384127311,0.11660616698409636,1.7915520104440659,0.05591780138926681,4.351615058176062,1.0061408802647496,5.285243760286669,1.0708528573179343,0.013614885298712708,0.6250732485586558,0.01565653533198935,0.10350005965265482,0.6769214796111511
61,1,0.008136860522313879,0.3999362937647887,5.537827295094881,0.0987846931585351,1.8243306037306943,0.07069430359413159,4.403071544340877,0.9764464660109,5.348310907540731,1.1191164934433078,0.005548118559783618,0.5131424955872594,0.04291400063890054,0.19511451968928512,0.6775062485436611
62,1,0.0020956401921850875,0.39340333885644774,5.601326277311587,0.05484359259414116,1.865514929254208,0.06220493768245703,4.399304781285114,1.0124348887123902,5.420148254048382,1.1246469911372279,0.004634817055997414,0.5002711875928365,0.012548162075129954,0.2372584122809103,0.7356646938015283
63,1,0.011579305506718249,0.36310047032519166,5.554981905872755,0.10038997773509056,1.9095687327685513,0.08957612858808028,4.44275836110908,1.0688994033658994,5.3848449678782195,1.2218148376627949,0.010356105519361329,0.5359419476689616,0.02214061774394129,0.2910152694862753,0.7475212457855651
64,1,0.005210933898030319,0.38913553447623944,5.573211363518445,0.0952932238273947,1.9045960990368773,0.08382896790988928,4.4540555491250915,1.0467577696478358,5.434381562419326,1.2400837939447764,0.004381978763570191,0.49097727026183974,0.02097050205097087,0.2960066822342692,0.7683565893941559
65,1,0.0042863212822709315,0.4979077625000964,5.578651798530675,0.12909628353464694,1.8412380031353295,0.088764996542222,4.42833461169595,1.0515465615202086,5.4052105446537,1.2707448016380607,0.018270828919046685,0.452557349901763,0.055103705542294976,0.31251691860980657,0.7778686559610724
66,1,0.007903312362265465,0.4491613398728718,5.627691697105932,0.13314002403482456,1.7366305160421873,0.07455182859405518,4.38594409193662,1.0193476078180752,5.420728457399416,1.1897320886132499,0.02307227406627757,0.4662529152524354,0.040221450532652976,0.2705966038820984,0.8172335484460271
67,1,0.011962881425373436,0.3561744302730487,5.560234926229578,0.15969943472075593,1.6876272394519676,0.08384616009568865,4.356178690853769,1.0256776165672166,5.346721742677361,1.1666442763580152,0.002708390310290453,0.4979242400270344,0.042341096722109554,0.30931093285327865,0.7455162965779135
68,1,0.009259890180515342,0.3052510179005379,5.5614204830095355,0.13596092395253798,1.706072679328439,0.07007416350146281,4.280418099862175,1.0480742196139536,5.385599590322017,1.158827231478469,0.009601313465601913,0.37955607458588764,0.011043482378772266,0.4277387328080702,0.6833406851779872
69,1,0.011522080628386833,0.280043913989257,5.543385705459987,0.17855459945604168,1.6942489220048844,0.08819000381734832,4.342840924285871,1.1016208137467127,5.4019306119866135,1.0934068491853766,0.0338909708580104,0.3238578962319533,0.02061166794364003,0.3877961142302876,0.7004203721548856
70,1,0.018384942400809703,0.29996163531319603,5.638290972010764,0.1660811843361793,1.6209333929233156,0.09436702646593018,4.38412207061053,1.1229686852723617,5.4221179718202315,1.0418007985285942,0.02466751337777753,0.3654342143205615,0.08655046065863531,0.41253000150811153,0.7594219753162166
71,1,0.00758253657323455,0.4355466560341359,5.63300360830241,0.15850446454722192,1.582668151021886,0.09149434686287115,4.363261479540225,1.1048909763894543,5.43386709245659,1.0870592463795206,0.013374208921474683,0.39003827113246314,0.07621248327775063,0.4543264673274179,0.6901493750290565
72,1,0.010015410936886796,0.4222239246420843,5.677768110680089,0.11524164222136589,1.6401262267071428,0.0681630399259734,4.32357303273794,1.0498221635523775,5.429731993702787,1.0985591069925797,0.004626890258091894,0.36335681511174656,0.021523608961296008,0.4373326196037828,0.6367319131526434
73,1,0.013106767219253418,0.3514049830747158,5.731407011321642,0.16137979201073707,1.6756861427963194,0.06913758774210223,4.349126561737797,1.008969857218526,5.474492237007202,1.0595827191099227,0.0045384195105599165,0.354880676680679,0.012074877127827559,0.37006162585060176,0.6430486406647552
74,1,0.011121114882491403,0.3868303955139873,5.789711141322902,0.190211993870668,1.754996814896341,0.05216254884386068,4.324114226952211,0.922174528842382,5.5058974808492875,1.0783907297250455,0.013190556256610173,0.3486949129524559,0.029821679799047034,0.3784889692270737,0.635815887178626
75,1,0.0071162096535901855,0.3953299957444446,5.8043025805691055,0.17597760237872326,1.789193451633871,0.053111647683800334,4.266369950530191,0.8959764687924182,5.528320386418449,1.0794662025512605,0.006614419426342735,0.3768812779870908,0.02068732006480509,0.301733846662486,0.6039423768242937
76,1,0.008465012059099537,0.39889717296449234,5.769896719190086,0.14172468431103727,1.6484870978139778,0.08277926938466695,4.245873140268198,0.8122719012259789,5.567830647715554,1.065639441928769,0.009968837890541274,0.3928919674943165,0.035002263103693546,0.3081526855456864,0.629206315116679
77,1,0.0005952891875527741,0.40157715099322794,5.710942530865858,0.13978698752427263,1.6616151322984587,0.07251307901542892,4.265539377749716,0.840109915723199,5.615024494216144,1.007809949973512,0.014621740689546792,0.3420388357352757,0.04746100987085892,0.2777119452377924,0.6509418601431027
78,1,0.005705052576981458,0.3797533507585293,5.779455570258846,0.09106105359232818,1.7077401739043632,0.06655134962836513,4.294946058438762,0.7826476846008903,5.567816849660457,1.0158406319351752,0.01636772397794961,0.2833571915977272,0.027206981088751185,0.33324469884083,0.7171957274497298
79,1,0.011024640668496151,0.31286754469564076,5.753731167543735,0.07629199536323844,1.7852736506487825,0.04202779495635511,4.322569675145319,0.7573896243079896,5.5720740791517445,1.0288650843219498,0.003466911307748657,0.2433483914561161,0.04085586389784608,0.28061155984134434,0.6940005639036286
80,1,0.01724378784196439,0.29129413873810744,5.751334410192828,0.07681759327849057,1.8793354747991882,0.05491578606824457,4.406761262708008,0.74270739986531,5.524901652104714,1.0312861260255572,0.011950671021181013,0.2173868383169091,0.017981943512889065,0.21775308414695543,0.6693967556302126
81,1,0.01692934226971788,0.23019140669556787,5.762197528633809,0.09634810851846193,1.775486015309689,0.0634215996245942,4.418925481702704,0.685452142154585,5.490729715740345,0.9861022130019211,0.00795962776798977,0.2011134246264613,0.047361833247233816,0.15085481094599165,0.6291379625265211
82,1,0.015113612682756123,0.2817928834408821,5.836167681877469,0.11834397656150099,1.8136560018655499,0.08170624137887465,4.405017828025551,0.6475152304067207,5.554581761884334,0.9563900826776486,7.128366754198698e-5,0.20668240972344276,0.004900680981850113,0.10778638088576563,0.6614443924686375
83,1,0.012929457548088335,0.29199488645996297,5.811290819369957,0.08934752612631314,1.733861102976987,0.09152016619936194,4.380108972352346,0.800236845752612,5.561097919958643,0.9803139576706293,0.012321035775490152,0.1714072871591892,0.07605120193309126,0.12617502763580124,0.6564671245169825
84,1,0.017927682527405186,0.26132559399671634,5.8219551503809255,0.08483357509724235,1.6517945502487885,0.08919676654675976,4.3027742588302,0.7250072291526886,5.582543450124659,0.9789100831181388,0.0045812764446625685,0.1268655721485726,0.043596846569273866,0.08684776634392403,0.6266278120184101
85,1,0.018086796449784854,0.3072245257386377,5.909090109206423,0.14581972037566965,1.731163392917386,0.05050651364719005,4.189342677026292,0.6851710633333565,5.528990246209848,1.0087247093749974,0.015234273305167972,0.09906744654994588,0.0032398614041779204,0.10362944673290765,0.6867263845774518
86,1,0.016215069569004797,0.33908110314655343,5.883802311147079,0.14158057192322418,1.8192609434421174,0.07012872682070535,4.23560392625111,0.6875247013903995,5.554608091145663,0.9359361794129789,0.024093960228689495,0.08593128250407218,0.0627883680497297,0.09213109476387597,0.6834963653314146
87,1,0.008956216971679502,0.4112480251849435,5.888899338502271,0.09594807809132352,1.7767344186895542,0.03351074416904163,4.2482961037078155,0.7132495204849053,5.62171632992604,0.9189539458594401,0.004104586317732699,0.16197388857263495,0.005043412657805254,0.09787317036918985,0.6827340563328238
88,1,0.00451420089319753,0.44018809659513125,5.929035068357361,0.1598715193424779,1.7853078899311505,0.06630924627013574,4.266496633300365,0.7426513008840749,5.7278251949845895,0.9794562175504267,0.012601698010587886,0.2164090468747492,0.04941808810525657,0.08416919198391032,0.7183668712011518
89,1,0.007539904997293828,0.44127317219724,5.920703812040327,0.13163508235892538,1.844964543304097,0.07347429657962168,4.26571978478283,0.7510036708562371,5.715126979230521,1.0350594926320733,0.006361653534783591,0.19712862974577156,0.0696685669850555,0.053271344594493286,0.7524286534363128
90,1,0.007444305223843942,0.39842419970305026,5.975996353033551,0.18412367865922524,1.8462129678834078,0.08175138734891517,4.236001440310367,0.7646137946612516,5.790444982242101,1.039021509886799,0.03435113543402178,0.15358954263764987,0.051693135697831266,0.0022450280268101115,0.7054581932805912
91,1,0.005396478625710154,0.3947982498742913,5.9715207483979755,0.1928916244702506,1.9082307648154524,0.0820956194920529,4.151581543371366,0.7915049280743333,5.721959447813121,1.0279609358385713,0.005739311378068097,0.11500331001633955,0.04773132460427128,0.024811989317238135,0.6912499105849866
92,1,0.012878559833023282,0.3795794317005742,5.948257646497937,0.15570969528860842,1.9057945356922457,0.0705227603280207,4.169786285775707,0.8047546082001438,5.635153697909986,1.0796776449383179,0.024007166261236036,0.2473873733918082,0.039343808483088404,0.04280899617229184,0.6821516038442224
93,1,0.018006980067463884,0.3892945128615894,5.931162616782302,0.18154335755090012,1.9474048763047231,0.04642495983761702,4.193000686241739,0.8495522228066734,5.565719262287096,1.1423648533921822,0.03284820197878968,0.18460673698352628,0.055155104119094744,0.025443586977458337,0.6975709658198398
94,1,0.008138819412353952,0.42873213233345686,5.914565918117647,0.1430909284911864,1.9473079378073144,0.04639533772360524,4.222863927757685,0.7764149055030702,5.590178337061874,1.1970843618972604,0.011138022405360047,0.1630942591112817,0.00975709906975695,0.018676397379922566,0.6636383708516559
95,1,0.011411952080064824,0.3778298858833336,5.903347476593916,0.1571988800710699,1.9100126821333951,0.04922995340459061,4.328563181730626,0.8405322183779249,5.53594681405525,1.1759253067305753,0.00499069547949815,0.09760498422645116,4.1971811781653185e-5,0.04511464391984224,0.6592019373271442
96,1,0.020228689692320174,0.3477379758849009,5.936582192220032,0.0949587326636949,1.9449635981803859,0.022710589830585638,4.408129708753328,0.8072160273940607,5.5561901201333015,1.1885148161511578,0.0077222060283369635,0.05895501212989275,0.021928677898554415,0.08772801756821423,0.6604231281776985
97,1,0.013913437146940136,0.3636348337765137,5.995474792389353,0.14264060919834082,1.8972262018638535,0.024202633875641633,4.431654514032907,0.7603555854520236,5.586375982285918,1.225477889784937,0.010491960861327568,0.09371630611261397,0.010720563305895114,0.09102898895826325,0.6643040140273682
98,1,0.020133126815955103,0.2927374415636269,5.996588729988314,0.19761999532605115,1.8648194330444985,0.07699107125608051,4.389694376209193,0.803779082329137,5.606652544595343,1.2432412141074525,0.013917157434092936,0.09253673100062916,0.00929881825311491,0.12353082213499793,0.6444349816079463
99,1,0.01974826540222631,0.33184472055684855,5.995535526386249,0.1528112098223699,1.8299170940174467,0.09602875838135468,4.382332875723184,0.7603085577867421,5.673845831880939,1.1995603267887849,0.0045795777909384975,0.09611416714481961,0.0820540234558202,0.08507282680188887,0.5671505872510122
100,1,0.015508291039418911,0.31724651271075516,5.968599859939583,0.1948614977872829,1.803945235624768,0.09183558416706969,4.391630901950787,0.8287240457201578,5.598117502882683,1.1588259825630904,0.006911211524033773,0.07002971550614656,0.06916187405149271,0.045588868908121596,0.6142242398330156
101,1,0.010242505560797215,0.35993742913578064,5.973495185720358,0.16168882921226155,1.7928358873082981,0.089850333732086,4.426336649843467,0.8933871701480576,5.644602505966813,1.205683290902261,0.012585609574596195,0.047735206630800546,0.06708249308972745,0.16321450888562586,0.5734213074459029
102,1,0.011299794531012299,0.3813709369132902,5.978763432010165,0.15928363805342116,1.7757177832045221,0.053288759625541096,4.400546634830922,0.9678698234872883,5.658166278643276,1.2574657731781211,0.014432653090337092,0.0498096747990165,0.050807654822376494,0.2579428925730797,0.6358598492855072
103,1,0.012245672609840306,0.411814042885301,5.908438942945435,0.16466594933983028,1.83079463386756,0.07895963357194104,4.3526274190898455,0.9910406036538362,5.678961324444672,1.1993261517416958,0.031884488773468785,0.01688989271631361,0.05798312331824596,0.24636625209756155,0.6124250993503464
104,1,0.008427507610895432,0.44567426187798154,5.9068971587430275,0.1645709926766423,1.824818345109724,0.07605536258701302,4.318449296986072,0.9589882307863704,5.676773200129771,1.195089622609737,0.0004801240291684657,0.12300852828655387,0.043380104266408294,0.2651168903436543,0.5823283953645003
105,1,0.0015347159086026932,0.49882154041496596,5.878566354244286,0.1404194950923673,1.8778991395323044,0.0531864577362054,4.2715428499424375,0.9754796070914225,5.642313044357913,1.165299996564264,0.009586726278263874,0.008615320104228386,0.0026549344945568645,0.23958197845822427,0.5782650744859344
106,1,0.003866416793595564,0.47209987105907164,5.881193744998843,0.1726071175273255,1.8577844604945997,0.04532436295231849,4.264363194882273,0.9330859089185642,5.628676996576533,1.0570911590809053,0.000520929113801811,0.11472240096589739,0.008363090637479177,0.2406555671165116,0.6105701107744759
107,1,0.006037880923005169,0.4576748337262467,5.845934082813567,0.18077147087796766,1.9537190812903995,0.07468977928443236,4.268129677398812,0.9385440285590367,5.542974067205862,1.0473276836971073,0.01570333936576645,0.07709496903939532,0.02204709422046525,0.20809109045534838,0.6620915296207124
108,1,0.004976865882093023,0.47800013128457086,5.812419567386174,0.13971906664926367,1.942701272810892,0.05736455347917278,4.265792227475275,1.031502993069332,5.630116600672846,0.8677983413967751,0.031830517320836894,0.12215905329222503,0.036903478277909026,0.255437357956213,0.6764849915650408
109,1,0.00908726037890822,0.42332556929230125,5.826866205069526,0.17380439381786816,1.8944847192933856,0.07174638035393081,4.243832424440967,0.9848992542086756,5.602355209585974,0.8032589865882895,0.02333796242905811,0.0985743622102959,0.07914023249848241,0.2468183603092624,0.6472124094909852
110,1,0.0036582857922347087,0.4663595045586818,5.889776279201572,0.18179380804158765,1.8517423499787904,0.07168233955055778,4.322108079106923,1.0078328794254938,5.607045263644628,0.7877582401655081,0.026556274662381335,0.19705868993540396,0.03278257703196179,0.2165081988046123,0.6243548554392667
111,1,0.00639027330281945,0.4173143829245831,5.872755597125123,0.13163356592915065,1.8256017544281924,0.0665317844019657,4.418234795464867,0.9827201918997094,5.607190629260593,0.7904529745142974,0.00908757830644663,0.2860674312399404,0.0023887938566070034,0.28763122271892255,0.6837904185354908
112,1,0.0037038301113342283,0.4732639029568375,5.864448323989137,0.15039459468137253,1.8323294424227572,0.033130693986546035,4.449566855935494,0.9707602589606736,5.5827988597928,0.6775916443337922,0.014411938192362778,0.29451103590026034,0.025376054140155476,0.24362955342880988,0.7301711707707502
113,1,0.007522787029619745,0.4850572339605152,5.860022833705269,0.18563789011793055,1.8236345410498587,0.0957126236520786,4.5167150030002094,0.8886010652680446,5.593608018999641,0.6811430603967841,0.012993711698906844,0.34492621901143705,0.06618762150004778,0.19855245210729147,0.8176431249207181
114,1,0.0054935831297619215,0.4142014983041894,5.894713311040292,0.16570635067470757,1.7576248240193089,0.03779585749356654,4.455062875663312,0.9074129375380862,5.5973624983198444,0.6626218947986607,0.00470197742864686,0.3943256438922824,0.023087065851452634,0.25769465718624235,0.8235574199458291
115,1,0.008254281750353866,0.47311916972012824,5.817940570146464,0.15342277019241624,1.655245565018291,0.05459572002880237,4.459206677668142,0.8720917344383962,5.5804912631309875,0.7363652112924154,0.03350405278480208,0.4587700185511163,0.0694735048102669,0.26966369245773253,0.9001808298764442
116,1,0.0067779049520422414,0.472798020227947,5.764291823398138,0.1722205176487027,1.689592260001565,0.09998198867231703,4.458514161868003,0.8848108106016287,5.540899827220995,0.7095226924132524,0.017951349987920848,0.5259748921576833,0.03890241355654565,0.2950886689245965,0.8702985551649647
117,1,0.007452857907651984,0.4976828410075303,5.818126257593595,0.18890737116400314,1.741524203575118,0.05332355174535766,4.494359067958033,0.8262143297286733,5.583504796154868,0.7260552364927848,0.03870389828113135,0.5440792621747266,0.04232886195689534,0.2636404273771707,0.8663298368946557
118,1,0.0043951132629572965,0.4976783329188507,5.805706883242786,0.15596843742906066,1.7960820943068327,0.01573847243537738,4.45809284255998,0.7362909064336587,5.552509034970221,0.6497032408344143,0.04359290039702139,0.5234966187430994,0.019447909172854338,0.23971367189910395,0.8559676916629925
119,1,0.01296095785448007,0.4029255533975536,5.797535431997552,0.16307600733618813,1.8136151496400643,0.040391742092163396,4.49346167578959,0.7958691690593964,5.520278467641424,0.6459640949239156,0.03091912017754555,0.585300572077415,0.034945171943565695,0.28438283017986554,0.8239109840496914
120,1,0.006579677440829163,0.435331380093508,5.842506792853515,0.11947383134481536,1.8199705379306204,0.024810623300731863,4.482836371419271,0.7962799808327549,5.554430531882325,0.6566073479487403,0.020030516835811626,0.5247611275776666,0.024524719880709343,0.2824136366344837,0.7948625460950245
121,1,0.00294777740505429,0.44384624759964064,5.835671838470933,0.1423015255310173,1.802485409717848,0.07328987252077243,4.472124382631513,0.8484465505606286,5.560048755304496,0.5993738435671021,0.02577082258727554,0.5833972560299703,0.026245791091610137,0.22127557936236375,0.738198085027897
122,1,0.015274654336134895,0.43432535142127177,5.892555922680061,0.1509644351925929,1.8450381229607742,0.05369248887632234,4.591088464052753,0.8630478073677497,5.547770371856935,0.6369035690134967,0.0016708222360459714,0.588657029971494,0.03609013396506757,0.24566707138615537,0.6927053288391517
123,1,0.01378612975655946,0.39368308254707196,5.841822497785573,0.14998277820420075,1.751968451822182,0.07896438466076444,4.57136034585071,0.8088353349483376,5.600576626713867,0.6243986362686176,0.0058680266536111705,0.61068128082564,0.034552741224400156,0.30738092241965387,0.7801522109771484
124,1,0.014760819292518225,0.4376398299572603,5.8758689011833365,0.13983907846036042,1.8153493183324934,0.041869099414010236,4.632530966862608,0.7384572404015293,5.532861300534786,0.6465746413999393,0.022589482868617863,0.5625307980527627,0.03880481547382408,0.3105364476810553,0.7311416974374809
125,1,0.00888798343418272,0.44162608611793297,5.784592753005027,0.175027482020351,1.8049203677591548,0.05770666149856724,4.656874571922807,0.7268544140175859,5.567739489862599,0.7381615890134859,0.02291534129880715,0.6000527458251975,0.033766480984650175,0.3266481720475115,0.6552844992507186
126,1,0.007394297063075827,0.4004688700815282,5.819666627322025,0.14782731122809412,1.7626216751731294,0.08297785980307222,4.712077124429856,0.79215269319763,5.597245888659566,0.7851657183544933,0.019572419646609305,0.5712209989407132,0.030806002394636354,0.36100990474629685,0.6371107809422916
127,1,0.017259578860221687,0.35761744528328826,5.906988665770448,0.16457787184311237,1.716946353477127,0.04151738577482168,4.638661096106917,0.7474854873528176,5.533210841292455,0.8680380774839858,0.02786087009125552,0.5484127374697189,0.025723961286879038,0.3463776017739567,0.6883571057584671
128,1,0.015236176752762155,0.3512695543046145,5.888881407290043,0.15151564076645135,1.6446859252744215,0.05272246244154891,4.6113070936332194,0.8132313209677268,5.486056327509299,0.8340151593731683,0.017613329300587767,0.5385507942182404,0.026824716129838822,0.34124657345989623,0.6607510838334154
129,1,0.01614765101631211,0.3240217503114347,5.943415669412234,0.1919072920019599,1.5665728947026485,0.039277390223089834,4.666723828786875,0.7754008493536341,5.564999645814725,0.8241361048262237,0.03320233561991959,0.5058035509233018,0.009878321330659552,0.35308621920047517,0.6433285447470021
130,1,0.015226386622704967,0.35149245032042065,5.894053201448865,0.16922555538430448,1.5468312975106484,0.05105201359626849,4.708405737925077,0.7020476850039785,5.5669949591014545,0.8963642926107884,0.034166343541157274,0.4278826041993619,0.0015896265891336926,0.278132363617523,0.5879306100454714
131,1,0.013178897948998496,0.28420237585630986,5.750771997241317,0.1754655956414426,1.525162085232905,0.04035299316445541,4.7215700552269455,0.6410638364987085,5.572916923074221,1.013364900066447,0.012352856738580685,0.42819461054266583,0.00340277655505035,0.22165845725555555,0.5973756755907312
132,1,0.014311606544914075,0.2643155142316611,5.760875204173809,0.15783567983179023,1.5463665300779519,0.05164061259424011,4.697114026429568,0.642133085186904,5.566916739137944,0.9461012808212326,0.02841818242898309,0.5002780883859609,0.025741448809089313,0.18316594932879207,0.5002952966596745
133,1,0.006758991215461869,0.24345721300676576,5.73701917362142,0.16580174440728465,1.5987352185763135,0.0822003792644095,4.775806559234239,0.6095287127094903,5.577949032913076,0.9070941384640407,0.004952967373939859,0.46873926344000827,0.029025586791414905,0.17385170373398615,0.4733044160798102
134,1,0.015937091770921362,0.2812832073032198,5.782395231031781,0.15331020354612943,1.510357298058247,0.09980093684196138,4.7634349765062725,0.6442481736579033,5.527859403403985,0.7976793369989491,0.015469469516348932,0.4674987123995099,0.007442425709229622,0.16302475541452743,0.4344033520129682
135,1,0.010619150430642177,0.31437517365172596,5.832607016016481,0.17910670447467228,1.4838621574005326,0.06956526212440724,4.787430294782017,0.6297625051088227,5.506939310648041,0.8107344845137308,0.0171318784660283,0.5115516351298749,0.0025461849637223306,0.09400364475917453,0.43851282691876203
136,1,0.012375477054413747,0.33164958018151214,5.805841203219066,0.14700043154709297,1.4792154372863993,0.05181057716751004,4.798896884285669,0.6390905417049765,5.510676982303019,0.8018819415634241,0.019975134050332757,0.5136816508558167,0.01163459489522196,0.10742503369668407,0.4345171137970518
137,1,0.014299129006227098,0.30348954209720763,5.799128500007785,0.1307311321688097,1.4613096052621994,0.06553255928998615,4.835074716405098,0.5767945874334385,5.412183699790573,0.7592514836900612,0.01786147791505658,0.5236281000345712,0.04760301189515884,0.10447106607686818,0.4289905603612715
138,1,0.013309317574104335,0.2508936314830977,5.72046781803291,0.14776241638675888,1.4841646980099747,0.0779032781732994,4.789281684250233,0.5506803230187743,5.525676907070141,0.7679779506311669,0.019251774873098426,0.5523799055683759,0.034701055771094225,0.22793064539520566,0.4503047229606172
139,1,0.012241570759733101,0.25031052612649846,5.729310588504113,0.07419736242634434,1.5735812709037982,0.09790858069591268,4.85597100746866,0.4727938126023517,5.4905150620024505,0.7509648413771669,0.008925744876626323,0.579034581868231,0.03412991352013477,0.3220850627916272,0.43672664641537823
140,1,0.004932697558847713,0.23903502490660689,5.660961656147324,0.18579887366060785,1.6127428684352987,0.09926917421734335,4.918982135510205,0.4719835070182309,5.532832807814384,0.7147474036053539,0.029414213628225053,0.594635228508939,0.046320673541489416,0.37643100047781747,0.42497987038950247
141,1,0.009732523839162795,0.3027879756502689,5.7355529903938045,0.1584495008967912,1.613578588862763,0.09279900834345034,4.882857417705805,0.5037743464765035,5.524804008325411,0.6880446705350464,0.01679639235052618,0.4938357873055438,0.04582240120700057,0.32085555022386036,0.455764728219714
142,1,0.011606470959511474,0.383329902311091,5.722271008203832,0.1768396123394445,1.621138374994659,0.058884926239620335,4.913881025526103,0.49834230621544073,5.478049749674895,0.6742902341244446,0.012089179614039932,0.5112986692092676,0.05453436690709945,0.3397547812252329,0.4947611738355285
143,1,0.0020033317490938635,0.2927913368929888,5.561062374439951,0.17728936078205765,1.7080325104635496,0.05864357060712623,4.841878408936531,0.4582438432233003,5.442684306287854,0.6881046229603968,0.025265309215409034,0.4701600621010121,0.03689554960132195,0.3578264909740692,0.5064593882119837
144,1,0.010890337395739564,0.2644874855287251,5.551392419801055,0.1699650381481877,1.744462891398757,0.08992432390760396,4.8692486237889625,0.43687250265988864,5.46014125463852,0.5743837603901198,0.04595383845319859,0.5252170119571454,0.034173872623592276,0.3491398889750509,0.5589780715714555
145,1,0.018977494413871133,0.1660299258956107,5.599479590592491,0.14304190921252763,1.7429647020362367,0.09356311400414233,4.886324601777229,0.4465795709216455,5.482954002350382,0.6334358836950063,0.024479357892916692,0.5137987008477747,0.09508305691251172,0.385584805227507,0.5905521886708124
146,1,0.00375289437602882,0.18518095529568282,5.589069795021459,0.13596500143942575,1.7004808248287113,0.04796357541562989,4.892675304813819,0.48607996451497093,5.540676657061648,0.7414708400190243,0.030561082503478304,0.4540958460469337,0.013210941288909598,0.417025374085155,0.5964096022262921
147,1,0.006740597824424854,0.18339079118376317,5.5435921552374,0.18523078880035515,1.7572295444167796,0.07727945614009728,4.919888485841886,0.49379695824780284,5.4956511563493935,0.6786302594193376,0.010931434159981676,0.5244921253900383,0.02039603167847965,0.4224100637843462,0.6296455762895704
148,1,0.010199868956854414,0.21591072508014517,5.548924115233791,0.17726638367815514,1.7897059121861798,0.08093640741424574,4.928151572510364,0.5820649060818884,5.436664206267833,0.7206850042730273,0.018450798206724184,0.5670079732488602,0.042707472081793436,0.4677308346816271,0.563119120800302
149,1,0.004665332339431711,0.17760764197289022,5.522810361230665,0.1916035610684941,1.8128466662398373,0.053591494887158864,4.949776937609668,0.6430027145375329,5.44405367586066,0.6315285022740378,0.019281014789957158,0.5494252096845554,0.014709749091041346,0.4897013034732492,0.5306569077865447
150,1,0.013095656925076946,0.17806754308596998,5.459577261219782,0.1477526073892683,1.833558427557619,0.08897571757131732,4.912768291322791,0.7048977366036602,5.378212083939222,0.6792966147579167,0.006539900507967764,0.6159550783254822,0.020735938646888937,0.5051374542984473,0.5555426861209357
151,1,0.015619168969128105,0.1515331424171747,5.467283274896769,0.13336251397107407,1.8689459349275015,0.0909174853618736,4.971550356109108,0.7563295106544046,5.426586873301307,0.675052851906162,0.010850405374907212,0.5864019842204454,0.06335076055842903,0.4966905358656147,0.5642895840033298
152,1,0.019696652902612972,0.1742629819356986,5.52774438069802,0.18722274411308581,1.9197293776577502,0.08425412359628134,4.980860619022717,0.736960267139454,5.427593759494967,0.7104142275103148,0.015358527441215181,0.5660180217884507,0.07206688891074274,0.5367583045673943,0.6105871774495625
153,1,0.016793925871418702,0.2720576756614251,5.59082867157007,0.1697765348778453,1.8459982713715708,0.08418292756636081,4.937618570683052,0.6652596010266694,5.423821795850249,0.7076748757102804,0.013737017929649858,0.5770663651247642,0.056061646963475424,0.5821933147238834,0.5289093166814633
154,1,0.004240947988961013,0.39792341533640135,5.550249598706575,0.19110340791964212,1.8599898499624028,0.06745603457478175,4.942622215120285,0.7469811043762036,5.350683019954833,0.7690932167918532,0.02990763666467006,0.5612721650504704,0.015339687175692592,0.5900452049939173,0.5818673436446539
155,1,0.002533320161116124,0.4029130074781561,5.535275005724004,0.16230777388727902,1.8032747452110622,0.06588774868157057,4.980589928127321,0.7523391408120622,5.408397414572052,0.8455778499372658,0.0317301388520623,0.6017008480412694,0.04056056110401212,0.6313230305337398,0.5871997924695276
156,1,0.004325958902915101,0.34724071966565506,5.5582767223807,0.18301092720808532,1.8437071482208571,0.008670445495441216,5.050204959314705,0.7302073591943609,5.390925122807316,0.8008072279598418,0.042552785026068615,0.6108747739335084,0.014787899490447074,0.5521161082992728,0.6283359558597077
157,1,0.013446385872197398,0.2904838558930462,5.565665817402313,0.08162410190134833,1.8444066884717383,0.03811332357540667,5.122508873255676,0.6948684510402113,5.368741064122051,0.8288398040122741,0.006705163711286861,0.6023746669620356,0.00628478302925351,0.5137047311648419,0.6488355704027527
158,1,0.014242444125634331,0.3554703398800913,5.625110382983771,0.15007204632855617,1.8468770355643558,0.0396097511740913,5.214080780340435,0.7648967864681638,5.343744675630827,0.8357098089686709,0.003935270582426812,0.5610694850565917,0.040258781090295445,0.5540275297371909,0.6328759400591785
159,1,0.019581390043134507,0.2959196631032178,5.640961941700945,0.17901426620126246,1.8030387761054218,0.08013067553783296,5.21823114116679,0.7713940710267593,5.363744902624453,0.8936795548214925,0.01869721659223386,0.650129537541979,0.02125930177498241,0.5297586743494208,0.613823328903847
160,1,0.014342765845357684,0.2814181812286449,5.525174792594767,0.17863141762958995,1.7377366911613943,0.03700430503289533,5.258394286176926,0.729021626082312,5.320621528958398,0.9308225422097386,0.023383020434658588,0.5907244519246079,0.03291801959692585,0.5473702890196512,0.6325326969993096
161,1,0.016337757734141697,0.24640125739085042,5.5496748296717415,0.1804116976919127,1.7613041557108022,0.016482724359049697,5.223785584011633,0.6996695740681119,5.30171684499085,0.9171916196095456,0.01160853374889913,0.6067372032918779,0.014167146197032444,0.4701113338702463,0.5473021969605457
162,1,0.01130229151849635,0.25408929668485436,5.52787167494789,0.16116441335688772,1.7405081314518658,0.007628950581868457,5.1674777515751975,0.7730736623881189,5.338973785409179,0.8592684869444442,0.010096048181149992,0.6174982611438482,0.006086837399028749,0.42259668796709426,0.5976242819804394
163,1,0.009485873079309879,0.29378402179602164,5.531303144008957,0.1697822175936404,1.7350893506528131,0.05624992450302874,5.20193291772496,0.7352791331432533,5.394894554840834,0.8535463106962381,0.02534237930404744,0.662501791636581,0.05464217298907823,0.481099111933266,0.5993196168971481
164,1,0.009362084222632383,0.31158789432447825,5.5974713522132085,0.11055786829959785,1.8483819960166712,0.05494360095931497,5.209588036739726,0.6892677307577822,5.422908597627858,0.9171505416055258,0.003847475894721463,0.5669798449100435,0.03799196531098779,0.4528899124033535,0.5884705869652801
165,1,8.503073526226393e-5,0.26854850274761277,5.540339700501773,0.13220980213524194,1.8087439135034131,0.04948997838960962,5.1276414010412825,0.6600646664483248,5.476641940098255,0.931827926291738,0.005551422134741914,0.6075671532579576,0.02276085328614291,0.38656021221156583,0.5885634382292955
166,1,0.004731691346950404,0.29484521907802647,5.598689125214908,0.18921014203143385,1.7743594430104286,0.04588032424571755,5.082569706473074,0.5873690213498455,5.462762531426542,0.9982658453903916,0.012093650850845237,0.5661652314776636,0.02810219798395584,0.34068841548451007,0.5071676815437519
167,1,0.011097207413751954,0.2767427051227682,5.549469607161991,0.1678591861804107,1.7790747861654919,0.07607020797846577,5.139065508117307,0.5870214000839812,5.432885506867532,0.9825298057524794,0.010776841864933313,0.6534373267073016,0.07000064125245434,0.36796578323118573,0.5159438944789791
168,1,0.008333907893151814,0.2609867114599999,5.5486945583690055,0.10937380096974535,1.8288141850078437,0.08410631470847453,5.0770340762110315,0.6121717795934424,5.426070131666013,0.9557782043588836,0.009278062807845312,0.6165895182647717,0.08158410142076919,0.2744558963426968,0.6008935703636118
169,1,0.016488750835901324,0.2165758823142589,5.602784013466506,0.14229083012439037,1.8217098415727937,0.06345822004020919,5.027577360847693,0.6331202351697518,5.449668159958283,0.9765142308449407,0.016369279630251803,0.5586419433542879,0.06523563357438375,0.33348164063222724,0.6838924777056195
170,1,0.01741461306915548,0.20580960614371144,5.62712465781811,0.19840354341643116,1.8266445804391582,0.06629690705249976,5.0538196374652005,0.6331378101832559,5.460830368483029,1.0549156381026599,0.013425721759262618,0.5669444659142602,0.01579499636618834,0.3059147019586405,0.6928883273535543
171,1,0.01894751448115403,0.22444364175044276,5.631831041170952,0.1990830747134067,1.7885671443447622,0.04122749135298172,4.997084093238619,0.7076508943186826,5.399012847282761,1.0287810024590898,0.017149366692007995,0.532401390605866,0.038254005228938515,0.2785487588299132,0.7314520783837313
172,1,0.01994545712723902,0.2039383640585859,5.599696080813283,0.17774893904004946,1.7548528493830975,0.09347563771754902,4.90955354634963,0.6945670975175408,5.407986228995031,0.9230715454931566,0.004071730849870073,0.5336371799023827,0.020890868424051055,0.2759216752403165,0.7031729262614306
173,1,0.012808289400862162,0.2541615209553165,5.546253741557143,0.16421585892746576,1.7349189711327713,0.07824178322092054,4.8755239906568955,0.7768357214823044,5.377562530473305,0.8569808821072487,0.004649354726689001,0.4624597375424438,0.027119276430018463,0.3430693663111051,0.6686847665452685
174,1,0.015572390548848474,0.23518135904847887,5.521359863794232,0.10117552360814815,1.7487670068172905,0.05573847095532437,4.925076998544014,0.7834133123200938,5.342385200480048,0.9233719061348032,0.007035675570662566,0.3760019139420128,0.022626256645145237,0.4041697553372352,0.6583918559370022
175,1,0.011361687413295837,0.2779136644806524,5.467252627978495,0.12525965799437092,1.7439242414467526,0.07985429833840407,4.935774681967895,0.8062317720490566,5.304282107764781,0.8635636727129011,0.018457013522518637,0.41205677530969825,0.025322966118926392,0.41474301877451125,0.6271059393727454
176,1,0.010902432739187852,0.23081914025562705,5.415750921571709,0.1336816510933649,1.6377631495067222,0.09178733608697158,4.998844781425255,0.8008658191196971,5.343721369437539,0.8960972148774582,0.0013710424210688962,0.3275025483297195,0.0466939750390689,0.4256775836594055,0.7145425774019818
177,1,0.007410168225032994,0.2931134385210367,5.446710443181907,0.10496626208866236,1.519439938444266,0.07537731538721061,4.987816699177132,0.8046242680870338,5.3511732614641465,0.9032534546232706,0.01813971205060814,0.3405804635361602,0.05543890174240387,0.3845731742427784,0.7227364546412878
178,1,0.010724885145588585,0.31711386320452356,5.521372878719845,0.11438615814713937,1.5635508934342837,0.06031380373257491,4.914701642673869,0.8038465694692181,5.356959911820533,0.861808290599579,0.016649852082258523,0.3575316853347279,0.007145831700625602,0.3087184804637937,0.7532767789888145
179,1,0.013131840683790337,0.34770762280027456,5.530479702009937,0.1736388249718354,1.5069310021371078,0.0514506169602774,4.824986730093699,0.7492840132934361,5.314823624437581,0.7933168415794671,0.012020564864476111,0.3921085584005216,0.013934872576522248,0.36429946281962255,0.756149076988997
180,1,0.008623861135184197,0.3902249829390729,5.508879905609836,0.1849372834277553,1.4771791990551637,0.037404553260067905,4.801180379536496,0.7850745800333833,5.301941668235717,0.7992928129492937,0.04325947808640805,0.2869565475028174,0.02219292708740441,0.27772936021001166,0.7357788790423824
181,1,0.01065101419363178,0.3496554837323976,5.523510181166539,0.19996952636334628,1.4461276368835885,0.03289866565731204,4.735510834588012,0.8154076160871168,5.274959325507997,0.7037313973783991,0.04246577205937855,0.3144378440597885,0.012463856642774891,0.3223500559794461,0.7685316402909912
182,1,0.01562800010085369,0.3071124135458696,5.497607865077816,0.14531315725092492,1.4285999383011083,0.08442205850296976,4.7101601856467425,0.7720377867586964,5.285947645693423,0.7967778220137398,0.03306213029196533,0.2519573505673437,0.023990420317055904,0.24863876791568768,0.6961366708569102
183,1,0.009837508139287729,0.35963797369339806,5.518853844098772,0.18029425098193164,1.4963097341136793,0.026141831449571162,4.680610351229564,0.7813861314182309,5.298501552127009,0.8472281273982758,0.03808976301100648,0.26814869752618714,0.007008807738370952,0.18670642598294684,0.6717012999155231
184,1,0.010915291159367622,0.34910927833889427,5.534203340633606,0.17472207616176694,1.514285178560558,0.03050384980824161,4.616734256799825,0.7454630520395629,5.286134302294571,0.866638376013904,0.015132204488193704,0.2732554794872561,0.025040663127601,0.12669589235480447,0.6370609816621209
185,1,0.009912365347927428,0.3602347196684475,5.463921849087466,0.10005623975950868,1.4426839945065744,0.08351255848274354,4.655565229665503,0.7391769849755914,5.24009934575132,0.8907309543401554,0.01503448271930017,0.29792174935109633,0.052837798948403354,0.12444761311745595,0.7407776892139734
186,1,0.013608761487522464,0.21651448866505982,5.415220959636813,0.17874075690273253,1.4084176326585507,0.06719101216305207,4.705034137248248,0.6774623290674932,5.299166026323002,0.8407088602936773,0.0426586338491825,0.2917523771065371,0.07460054675733659,0.13220987435004475,0.6862710541735949
187,1,0.00627696794686902,0.18335452294391147,5.40079300730917,0.1861990852974719,1.3855881313847669,0.028886039724358395,4.647378588587397,0.7041760343977658,5.291168165819805,0.8111031780051001,0.037608385913750014,0.22285470295864,0.00794592067153854,0.13967107539494936,0.6645422300191154
188,1,0.017963384286111033,0.1861808515332128,5.459609117530023,0.18474745839458132,1.4518882502570618,0.03767801941294436,4.674374641414332,0.7752665525079884,5.29910188237064,0.8040478610105538,0.03032131172918705,0.29522879816497594,0.03264956414265808,0.16993751585559494,0.550443789735818
189,1,0.00579224457976735,0.23413069284441315,5.397089800589633,0.12931625040159683,1.4618671773170164,0.06617303501805753,4.615768691166336,0.7747912881794011,5.2810062905855935,0.8145566182034697,0.004994279114742078,0.27294646459669264,0.013623492261008216,0.16664129529800664,0.5708390284510229
190,1,0.01935791139100784,0.18078423228295026,5.448455133996986,0.18939289470749268,1.4529634032281662,0.05188839377331049,4.585981046950473,0.6621200829440143,5.27910943836257,0.769694411025594,0.011900534409192203,0.3115983747284028,0.03243953221222583,0.1509534561483091,0.6747893741347685
191,1,0.017022524873756262,0.16953304759853186,5.404920461206151,0.1922292946005264,1.5960296979017845,0.03417732914464268,4.61753080879787,0.5949918176380119,5.248302152036257,0.8110347264953548,0.029183164762138194,0.2880601541078988,0.020588534854111735,0.12382834323357018,0.7469630571837302
192,1,0.009360085212878832,0.2874443719879885,5.399252097868393,0.12498215980840612,1.6510966958098483,0.08266456503745152,4.621816466762027,0.5870022713296682,5.281397572883089,0.767212412979898,0.020633356321444713,0.24749216513992506,0.060948825326266026,0.11752485099794555,0.7753263949398943
193,1,0.009386935816578564,0.3474421752933044,5.406726944860103,0.12239071643432382,1.5946740685980063,0.04849619974243347,4.606232505366929,0.5844522721874247,5.207138816723225,0.775585363022369,0.007891021049097524,0.22565389811565373,0.047411972383408975,0.15000944148717868,0.8015221562693489
194,1,0.01352595906976169,0.3652451417361201,5.454693656102582,0.17610014696260315,1.6242639373482022,0.0696564221128371,4.65759017339841,0.5713649436519769,5.204070716496309,0.766824593739961,0.01151618226927936,0.2588647714191271,0.07556174987502458,0.19570303123150484,0.8052798785966567
195,1,0.018660328473300177,0.29673298136180265,5.554595174702706,0.16158129964730703,1.620291132314675,0.07005561605339931,4.4872372925764346,0.6691322673532261,5.177998010739773,0.6325997811217733,0.025740178505691325,0.26655671814022236,0.07329669508183347,0.21960357525524796,0.7780415741254457
196,1,0.01509709492905102,0.35537232022161874,5.55237871301894,0.1293533846992387,1.57701172507006,0.024355663190743733,4.512461531673849,0.6543219476205672,5.182600344381602,0.5726831549723216,0.02258118181184441,0.20151275953015899,0.0008335115936153424,0.15973219551851459,0.7606468533429284
197,1,0.009553994138068745,0.38463336294035333,5.4547185469139885,0.10187425509452173,1.6652997685302595,0.0302559940594538,4.556578510364268,0.6483258875932759,5.223317365292686,0.5475929438802977,0.0055122307634352975,0.2125630836894757,0.025426960317252705,0.19978523235275364,0.8023382247378116
198,1,0.013818497677870627,0.4216761308107173,5.462289671579569,0.07691134516171386,1.626972314411896,0.07924956988791558,4.562330350356079,0.6431632241973707,5.162815240902825,0.5858969300755387,0.001088549636696819,0.23805660972513087,0.059557350815913415,0.22738798041572278,0.7306969447072102
199,1,0.010437907522103006,0.4642328085607812,5.482009307603599,0.15291642507815595,1.5874764281903748,0.07140608421622602,4.502755477268011,0.643539716203023,5.163732395992744,0.6457951682018787,0.016546774740818063,0.26408654142260035,0.03874845331241599,0.23779852803313534,0.7717720437232629
200,1,0.0037157923929662623,0.47215934533809806,5.498406162164699,0.18143047679515847,1.5624976636634207,0.05297702370257666,4.419163670636951,0.6319444016346875,5.218639095509635,0.5911152324015939,0.012744344129013412,0.3201831764194631,0.03358000687647917,0.2075096364088434,0.7787428338396796
201,1,0.0035138593361794526,0.4816222601663501,5.505723971959037,0.09537160815702932,1.6089011676343694,0.0889179400884038,4.398937368374389,0.587689917962986,5.356256627308504,0.5878835680070551,0.02973700545539964,0.34740873738786443,0.029819569985428465,0.20781214276689758,0.7071654714901429
202,1,0.004691588712477118,0.4624898049251066,5.553809565503646,0.1127213986219779,1.6253892581849358,0.04655632492677357,4.402318002459229,0.5830735922141995,5.2759819300958,0.5786265092144586,0.012679269756895118,0.33628449520442677,0.0331804543724132,0.1619972555605409,0.7281405596857963
203,1,0.005183543714474922,0.44126826459854407,5.559508063314668,0.10755926649838471,1.6500617450440707,0.03735286518838706,4.359966682718426,0.6012892197843633,5.275815746539303,0.6754141113720237,0.004885347950744698,0.2612545512287306,0.022891163047094484,0.1542061188851032,0.7341513421811912
204,1,0.017047906339729628,0.4180875566198797,5.583779888629372,0.10992884243543868,1.724982005341048,0.0644267089081024,4.306617238393659,0.6228881280463302,5.247006969439682,0.6592403761014416,0.011354105527659307,0.30076238055184085,0.031131102255900198,0.20559669348474066,0.7312801868989044
205,1,0.0030745263087477,0.43673228096461125,5.503878950755133,0.1518457568232279,1.6909417169006142,0.09912458361676828,4.386449060429736,0.593677807327248,5.350737659373386,0.6532830918415139,0.005913233548645922,0.22192146710697305,0.045877281970538294,0.27942729010357614,0.6564245500521596
206,1,0.008932703569121429,0.4791099512499603,5.631516750460461,0.11922245144448211,1.6257799616680977,0.05950952308579927,4.383708094575281,0.6314217343601173,5.377167696141866,0.6721841945179375,0.028685936798933453,0.1803177688899851,0.018089615242822016,0.34707936086367347,0.6692047252027395
207,1,0.008883296978598009,0.4484618431004024,5.660646789462729,0.19457438587980577,1.635842561592474,0.06162019544243821,4.419901661790784,0.5961802638863718,5.406848575313545,0.60357515066261,0.03645368567049688,0.21797931028462064,0.016312995231715973,0.39076240626671743,0.6410082113873458
208,1,0.00931618839633113,0.4180896741701354,5.565388203769343,0.16620594462914126,1.6144887815758198,0.07075526809685553,4.41273598336789,0.7038314405434645,5.368744902532124,0.5761854377472614,0.03569581037005079,0.1024412114831058,0.04792815741048681,0.4567949708572074,0.6607374851055173
209,1,0.00287690585285658,0.3975415667868184,5.579188399103537,0.09761929539790272,1.7168796470238612,0.0349030639171352,4.411450856091059,0.6332871795276612,5.40398866852071,0.48097397907767575,0.022067218542244405,0.07781420056410733,0.01875438341657256,0.5048591207445808,0.6611099278063759
210,1,0.01158973261602584,0.44373386857109304,5.598598679108665,0.16670915275661896,1.7348495286802668,0.08826796319074229,4.443545375475468,0.6655623754750208,5.340708356054228,0.5119851468480962,0.012815368565219023,0.05512281490775303,0.017178274771908527,0.551665213222306,0.6465227563939091
211,1,0.013121763127666792,0.4251140244494952,5.663417686669375,0.1701987509613204,1.7170808753392668,0.06243039554818207,4.374092549191782,0.714854238239584,5.386723198459987,0.49694906266453376,0.01427649435521566,0.13052865803885877,0.00732747479436468,0.5362759052862024,0.6555259690526282
212,1,0.0047977449860057446,0.4161996255628129,5.67080200239505,0.14940313664630103,1.6805445967116908,0.04197306426316882,4.3854203624469035,0.7048189010912496,5.45373043391113,0.4960273576780558,0.03237564599176894,0.14029765342570816,0.028252909130251032,0.5320698485036445,0.546665279006427
213,1,0.004201334775104502,0.38229829057557596,5.69267595421518,0.10011273240602771,1.6058684044885227,0.052875999819783887,4.33485695720608,0.7272258665709234,5.406000807938626,0.4601735114444174,0.010606288210179936,0.2137322018370901,0.035280166123519044,0.44553018328271254,0.5717066253407673
214,1,0.00954789691614989,0.33057285496866057,5.671141129989969,0.10732509750671694,1.610083669486782,0.08451614639393036,4.3863219275050245,0.7720206502713827,5.375320873671649,0.4990251397649899,0.014049504605144168,0.1092457328701723,0.06238770355565899,0.45407105468610764,0.5508056900048149
215,1,0.01792887828343959,0.2798577135462257,5.713427365974704,0.15136080907726113,1.6293645486984185,0.06924646690584578,4.38106760703235,0.7900772433099912,5.337844850338778,0.45828591564181026,0.014344708569853969,0.1642317123218041,0.022440753697220678,0.5073746990568504,0.5861411174084624
216,1,0.008289401090960633,0.31413595553438745,5.750593307705208,0.13807254601070493,1.637774374806286,0.006776410884902955,4.44866596570226,0.7920160346208046,5.424275950015888,0.3581609823609503,0.012494502142866787,0.153780003680663,0.0064629331986563055,0.41596706656625254,0.5710655350637658
217,1,0.013596448177978818,0.29769642092547827,5.706417393329777,0.1720617913223994,1.6250547945361375,0.01678610574641078,4.490823281652814,0.7277065155874487,5.4136957410288415,0.41105614875012647,0.02689007352125177,0.14515878534340004,0.006716866651631143,0.43603119593701734,0.5688147225308112
218,1,0.015762404257066067,0.3059168564478589,5.712926315902319,0.1989767725028423,1.618181609010092,0.05194615985017001,4.500181056045663,0.6797356150428598,5.406923650487873,0.4134058160809564,0.015236488366959275,0.09416102232719098,0.04476339264433043,0.38602873410875793,0.659632205334408
219,1,0.019696279511360982,0.36539985667055697,5.756543125041562,0.16317313174219822,1.6065664254907597,0.06818277666236801,4.541093749901431,0.6785284465593806,5.297913720220333,0.430591480861803,0.023519288503463926,0.16036625264169393,0.0784783944571397,0.36520986498220687,0.6710591160756519
220,1,0.02060101876511722,0.32507806289417085,5.8220855630368575,0.14033301576299625,1.615961373629729,0.09593955800342668,4.536090107747737,0.6438225636800129,5.415377447033953,0.4178523610426021,0.015927584660513604,0.09446888896125648,0.061497787950243334,0.3408655069520373,0.7014538178507461
221,1,0.014974445630178702,0.29926067848819876,5.794029592891229,0.1433587411263963,1.717098481760361,0.07317449428896015,4.573917396695233,0.7025718165273876,5.556527826080247,0.468504796690958,0.03016020530695721,0.05912870224905962,0.012921680791181427,0.33916056331921934,0.6354255626259955
222,1,0.014990603488671816,0.34024202802330133,5.728754799905278,0.15197756316518649,1.7247386267842348,0.09902203806471728,4.540353335884723,0.6194719462220841,5.53279025896119,0.42170330448633475,0.020642280937287413,0.09937094797656493,0.09353059747418294,0.3323308156136982,0.6380316691941232
223,1,0.005732402329852191,0.32569219556453927,5.716818123525253,0.1504028726648687,1.8026676455487147,0.08298497259060511,4.552810020186964,0.6341438015246399,5.583675110684177,0.381457540520743,0.026849170609223295,0.09479209649663461,0.03105379127354112,0.27174722999533124,0.7492519024956223
224,1,0.0016847777883135305,0.2921279612118239,5.655333325657357,0.1467067644120353,1.8372205158134505,0.01955003240513193,4.482579385405687,0.6321418421659687,5.496337273301439,0.40502893747623975,0.02148332980328426,0.07947185513334058,0.0031399989283920782,0.23486568672433697,0.69437337372299
225,1,0.0120482005363941,0.26590425475028595,5.701274695542368,0.1816038789543627,1.9206293832826957,0.025747846738910944,4.457165237807607,0.6601069586557724,5.475286714215373,0.2712368665620767,0.023243420063294582,0.12137843898164218,0.003959627856182748,0.2778645520104846,0.6313360310750742
226,1,0.011631686445395363,0.24306523860837484,5.701342293517231,0.19572343356842073,1.857544997863703,0.07195123993061991,4.38651892040664,0.5954827189579684,5.544090350626881,0.2645270136166709,0.02697168484068525,0.09110432587254816,0.01825014624824769,0.19751972169164905,0.6012567026671706
227,1,0.008708101872255729,0.31397059148675466,5.693162172386015,0.0929935896852367,1.8109941416335167,0.09755463879402831,4.344249482223097,0.5661131812157457,5.5407716089014745,0.38947074123608716,0.012888539202017251,0.1397686982782823,0.012573828414076869,0.20402182181880285,0.5701106854081119
228,1,0.0111457391746861,0.2654665663014229,5.713162301328697,0.11874175496722439,1.8710128481697874,0.08935372646780215,4.333155915451144,0.5884810389399375,5.488698931000081,0.40600006462711474,0.017898364207909485,0.23746831422794037,0.023884821899608076,0.188089669462037,0.5534057521786084
229,1,0.0042088596890446014,0.2380302289621714,5.667866471111444,0.08444516818788701,1.7868800266052824,0.04913662632648615,4.342297617831513,0.5772881504488471,5.537618347947166,0.35462238097377713,0.005805016191063464,0.37683450836538734,0.030998635999495525,0.16445794671775907,0.5296105445329532
230,1,0.009561470239102773,0.19983352446285882,5.691821024595613,0.1709760630573783,1.7779157171788986,0.07318063829884154,4.291089225756987,0.5140971992643489,5.544477326777624,0.39011900415453915,0.021157015021002853,0.46923037592905364,0.03302958529793498,0.1543697624518179,0.5424567219885997
231,1,0.012682011693454225,0.19435125715574042,5.603261277398436,0.15827344738477514,1.742581973516504,0.060236069497044395,4.278231062511497,0.6019554022503605,5.436230258070003,0.42993110500285164,0.01828710751745697,0.43157386645349344,0.0065967615778575895,0.11703545625313691,0.4921386349580618
232,1,0.0036883494566040034,0.22803731084567563,5.572448701488405,0.05576717460717504,1.7219311259682768,0.0463223754926237,4.249184197592587,0.4970494904122425,5.448646585471634,0.3798928985518317,0.0038650776800902933,0.4666244712103596,0.03154893176770171,0.14442940885372438,0.532816638173321
233,1,0.004345921041836428,0.22093652218937884,5.535313007447788,0.1562556441151298,1.7732767949602524,0.06167447008867133,4.18901601026964,0.5873031029001717,5.403875811713721,0.38079726939378056,0.022674688905735655,0.5278138522884169,0.025530096054698716,0.16604499564168193,0.48920925739356413
234,1,0.007963748102510358,0.2510197424292917,5.556225509262641,0.13217654150435879,1.8402030863294698,0.07294654014337885,4.2275177879919585,0.6145806653534065,5.339840945429933,0.2984816430480607,0.002174010423834213,0.6008556297146688,0.041985849620918524,0.15096146807210556,0.5460052134313927
235,1,0.01595444338598099,0.23107187743505672,5.578338878686585,0.12450446880059847,1.884405657516267,0.07985291002888448,4.197903054036297,0.6274777090008914,5.348898640963473,0.36737363700745873,0.008581252455067533,0.5499492704216501,0.050031524931494036,0.15276486396041775,0.5625112701608016
236,1,0.007836540918766156,0.2503397233584794,5.581723786844026,0.14395296169330216,1.878743246384155,0.06712120258153104,4.239679174831247,0.7109777194119373,5.341989754219184,0.33560500558376044,0.019503961869376085,0.4739614812329635,0.03354968997659259,0.127837426144055,0.5350009239312646
237,1,0.011614173482193376,0.28103720287961187,5.526864137387568,0.05761128114693931,1.8388840487035878,0.098774736487633,4.267349596039088,0.7236238469007059,5.29791760199662,0.36119040221573145,0.0031620835400117888,0.5011871566847904,0.017765629512389636,0.2197629790889464,0.48732113760765183
238,1,0.00863117454685749,0.33347907921711767,5.486754484029982,0.11193023858648588,1.850169436812043,0.02752844469670908,4.310071888748267,0.6528907148410467,5.256820015946477,0.38152198826510464,0.009846669844096956,0.5298051996845594,0.025172536617224947,0.20789842677110135,0.5760076820781808
239,1,0.005012045693850404,0.2931612711095832,5.519185588993226,0.17599313927390983,1.866822441548645,0.046295098280531334,4.278652091965747,0.6046736283775093,5.297840230553108,0.355527016520887,0.0018404916105914562,0.5399563759796975,0.017856797250872556,0.20264539658560318,0.5789792918955551
240,1,0.01465955974015679,0.20060064760413318,5.5314729158114195,0.09483371142331712,1.8956947049019686,0.07588107536913728,4.308387209351448,0.6157732021287078,5.354403597855386,0.3500369637288105,0.004103651896341833,0.6436807302764308,0.01637417252069707,0.1610992609639728,0.5218042430671785
241,1,0.020656198469356086,0.20148761437422202,5.544598211153763,0.1476058317618823,1.9199086697494523,0.0922327790833514,4.328661434388131,0.6509751642339966,5.397149228731613,0.3908508880365766,0.027297988761214118,0.6972305154661005,0.030121782872693244,0.1634483062350415,0.6393271309514762
242,1,0.01059024732476501,0.13232389998856844,5.382901495439204,0.19745592718333574,1.9775801615620674,0.06823357691390033,4.408156922701,0.7213446040970743,5.3245801090925005,0.3751450447117738,0.003845673854270678,0.647515854497527,0.055101935093493586,0.13524265461703355,0.5965538371509106
243,1,0.011748364476535695,0.18212996216023986,5.400148138690362,0.18189541404775963,1.9258023082592646,0.09990565837319494,4.392893516289827,0.7777155816239011,5.312216522025628,0.41342876406211043,0.0012311190783025265,0.5683161777959456,0.030321873006097653,0.10846406278844505,0.5770286625363115
244,1,0.014493665807300537,0.17522741147179263,5.412434152216392,0.17691204585254935,1.925262828535148,0.09278434092303996,4.435704545036497,0.7789169066259967,5.244220581637007,0.45579625895484643,0.004623558693614936,0.5537756679676822,0.028576734970384415,0.08219696292606986,0.6674217369014165
245,1,0.007209791429102564,0.19340894195005442,5.377919061969187,0.13539450020056687,1.955876231368688,0.04869679412179659,4.4622592475288645,0.785104487476743,5.261374830385616,0.5037296785032312,0.018823394423758816,0.5869119768093681,0.011733946262194222,0.09294216701807997,0.7248482552288382
246,1,0.008889093726529082,0.18025304778822573,5.414371398079315,0.08701552872126551,1.9288782575437928,0.047559982239450314,4.399774509335131,0.7579981126325324,5.333560087778523,0.5274716965883385,0.010189971498634598,0.5317744472339848,0.03524425452510729,0.03741221226615665,0.6801478355095065
247,1,0.00915082626047608,0.1588885844159948,5.405533263413719,0.10596242077695578,1.924743881751995,0.07010295372237159,4.440505976446533,0.7897212753663437,5.3463670244404895,0.5610671757727246,9.51037397691598e-5,0.5500597602229766,0.026704034573121628,0.04079814225699977,0.695393260595315
248,1,0.010398834490387768,0.18080628748346764,5.392048273925879,0.15515018502943018,1.9908011743993184,0.09897290358596245,4.507198667095329,0.7154769830925719,5.33530580695013,0.5508055354346496,0.0011931425657969053,0.6082224633575587,0.05653006715074175,0.06941677338992201,0.776525571750076
249,1,0.007912931842201236,0.15034631126998907,5.379522582313324,0.08671390235668662,1.960426186199488,0.040169774085383,4.405589694296539,0.6934256314334699,5.328165965061973,0.5559393343067506,0.017599416338559378,0.656049235289483,0.02606531754152267,0.1246305592981358,0.6619351311272758
250,1,0.011273582521126754,0.18838421666631197,5.380651631835301,0.17412959132489822,1.9922354902284798,0.02157698010077128,4.400137390221431,0.7178114371099154,5.267501340056529,0.5577880747738457,0.03167716476461073,0.6594107056157323,0.013807255457187551,0.06736761377838722,0.6936736382695343
251,1,0.009085074566454054,0.2074825471499762,5.434430290208836,0.19457549730784499,1.9618979703957586,0.08618681528227194,4.421743992096278,0.7223515635789907,5.332788486767143,0.5278123646430432,0.0014524155592347166,0.562155856769793,0.05375834459245028,0.08839241927901459,0.6614833539731912
252,1,0.0014947392870066584,0.23708536596898797,5.377713212992829,0.156220372252846,1.9425161998314942,0.0782896612873425,4.323204312012153,0.8221496410320811,5.325735431302105,0.48521261289101064,0.0031660295225750556,0.5440579143580413,0.037362046788261764,0.03975244411153021,0.676683535618036
253,1,0.001332931254828606,0.2647812134550148,5.348691023009622,0.18499380812543295,1.880884135826541,0.0828425536781433,4.376941338338356,0.7753132102874405,5.2950035577315955,0.5111864706601859,0.04334376700107795,0.48469674168513754,0.05729113003755464,0.0674545041701898,0.6438368449045064
254,1,0.01174004159177398,0.2826091706491281,5.419907535516962,0.15834437860073386,1.8500606325989455,0.08150825900961614,4.425056928779889,0.7606566916925532,5.246064363967357,0.5779287579462886,0.006961769325553289,0.47624899667954257,0.022198136147474408,0.05167832203223696,0.6190553967994403
255,1,0.0010987352896248749,0.2886367415888999,5.375738734433252,0.1774477276101194,1.755992909224152,0.05812631304908251,4.418368936792298,0.6228971749822583,5.240073740001659,0.6172379931754131,0.011873166108847701,0.4381402981367063,0.017695334565494207,0.05230830982290342,0.6995277183972282
256,1,0.00986068066830346,0.2753701802995481,5.402108255480588,0.08127590502962162,1.6555663080110445,0.06511635823910915,4.484399407313137,0.5842940630543693,5.284750954859355,0.6442801879860224,0.005693817457075844,0.49336526319518836,0.03889612781806259,0.18458630365222373,0.6814117065653452
257,1,0.009074412324440487,0.26157517001447156,5.371490424715388,0.04743877685430032,1.724500775216501,0.061607666738531644,4.509154743750395,0.6310248866539715,5.269136948982172,0.7016603847494195,0.0019506033365427825,0.5041064746096238,0.038244285330537656,0.26800027446745656,0.6890293642594455
258,1,0.006115997020368792,0.3030896781080684,5.393568329450068,0.15591177555775518,1.7077021904385834,0.08981384901078401,4.644077537402919,0.6493676663189968,5.286758808799995,0.6001823164006478,0.03178531883270052,0.5764082293708852,0.09380080425732465,0.30125964837012087,0.6730348681007262
259,1,0.011125825083283246,0.2642026533303524,5.402810225997652,0.1822701978710699,1.7179040160211867,0.08355396035542854,4.701834230836815,0.537912219437474,5.306556495786499,0.6007639170344369,0.038910269655025455,0.5698560480534307,0.0760060319188597,0.26876139479768324,0.7422525577896921
260,1,0.0008887515431084907,0.25298138584942254,5.347087684448832,0.19861568687678263,1.7138475284218033,0.08796356525890221,4.670868855438921,0.4642536043475457,5.331549312517514,0.6473747581894597,0.03852343693207774,0.5981627699739768,0.07062305157851755,0.25578451426401044,0.6754292548218782
261,1,0.0052814717204459575,0.26279063324889623,5.362134455534614,0.16357893741844357,1.6837917749752582,0.08563376194177111,4.702836815174128,0.519984659286029,5.278255312896631,0.7484968450697033,0.031135652565717688,0.6239455543554839,0.0634730095870677,0.26867520651829246,0.6778648702709023
262,1,0.0160273039985614,0.20280996404765028,5.358585402318753,0.12143971122682558,1.6440012472848475,0.07477237335619084,4.781335827281485,0.49530757468414005,5.228337888299538,0.7606379745635959,0.02002333184973511,0.6339430331658191,0.009357439212510362,0.23523624293334958,0.6607743242089346
263,1,0.001356003429233108,0.24611898044912514,5.304423947318425,0.12009014729860208,1.5667585336051826,0.07711858345098256,4.68397866197182,0.5311847724690948,5.257211153886133,0.7994424936808434,0.00046671475530420906,0.7102944055467183,0.01660498803982558,0.19644724457241117,0.7584775146368689
264,1,0.0033133779789983873,0.22158973319504938,5.354747390024921,0.1258911112594109,1.6430189701144444,0.08746996255902728,4.7301363534198915,0.4746330645313825,5.335039378762857,0.7151034640024174,0.01645309910528328,0.7755224512657746,0.05353820265053493,0.24966080796339418,0.7133009328421303
265,1,0.0063071999996629135,0.26168756690043793,5.394064916426291,0.13537297468702345,1.7061131678679844,0.07516518938081428,4.736568769028008,0.5764973029260374,5.313998726643203,0.6463685065406726,0.0030391302302207593,0.8319914607310842,0.07919072790883164,0.19278819049975426,0.7797300613910157
266,1,0.009767469155461337,0.19837364376150862,5.300847010009319,0.1607565313408805,1.6720948777941724,0.07643520843973867,4.66920284993117,0.5713207492636702,5.2420390881049785,0.7143354970800649,0.0009337708028653553,0.7984420599875824,0.0938282962191753,0.2415400798759458,0.7314009193243274
267,1,0.004964167614498426,0.22339820587464693,5.298862971825538,0.1540578909640214,1.6900778657749775,0.06818987277531594,4.740584357614253,0.5426635757015394,5.243206928252841,0.7552482160958136,0.024505888735043297,0.8398652618858989,0.04205854881482555,0.2551153676461786,0.6495547143213758
268,1,0.017509866553391963,0.25523761191577654,5.342270418028732,0.17178142164431984,1.694153363400689,0.07906979082693376,4.68570842924493,0.561073245432604,5.171320270222289,0.7342149583193422,0.017539994196696815,0.7955157156457172,0.007541304556359717,0.21842229613969258,0.5940690982962861
269,1,0.017803682736484635,0.23432868360348078,5.314815904240827,0.19558361990301493,1.7471358069778984,0.07540740891242285,4.727009035150662,0.5103537269726516,5.081038683044136,0.6482239241210282,0.02327975666750443,0.8069310553281702,0.038799506901546946,0.13477988751628453,0.5732020194237915
270,1,0.01774314500643315,0.3051454100197734,5.351098892731615,0.19405525200425897,1.810649067984917,0.08485474482451182,4.714820065580725,0.4483409947571157,5.059868374905417,0.6557147048709622,0.009431412172902446,0.7695059354137421,0.007479763424809323,0.15977352619710936,0.5745210620831014
271,1,0.01754429185672664,0.2080094495686953,5.371371642498478,0.16922857355286886,1.7866857249300858,0.09149114336073377,4.753070768475932,0.47668179230065644,5.118823319605283,0.767153430016251,0.005681933245836015,0.7372506451181268,0.031589661608172455,0.0660620007021746,0.6010790696035143
272,1,0.018704384939105204,0.18812717670305762,5.408911609928564,0.15108097022684439,1.7601623689565484,0.06438842981135626,4.827344974066215,0.42191748789503714,5.141502113871565,0.7559919226700866,0.005577683145931782,0.7291117890756716,0.05128713813723641,0.07238108746837948,0.5940397285487015
273,1,0.01958739195573648,0.2751279170695672,5.396254402695945,0.1568457540051897,1.7549386160131288,0.05235785015198552,4.803442013111564,0.4784264171187622,5.064309923474747,0.7143104511680191,0.0004449094686408466,0.8030712464488603,0.045444335855194404,0.20403350849520255,0.5720616144519088
274,1,0.016796841487139804,0.3095531909103763,5.4313304168981125,0.15428638577648796,1.7524849225701964,0.09956722961425594,4.808972924828444,0.4460075320045647,5.081325981970149,0.7586510173537058,0.002749670294663247,0.7908981596078604,0.03338427410272854,0.19998980534956654,0.5905535109007586
275,1,0.010961165142284639,0.36627971720856106,5.39431110476755,0.19942499883639325,1.8328543024602595,0.09318613208184198,4.865349272136979,0.5391667375291761,5.120499398892738,0.6441606300157089,0.001133050995731055,0.7624194005396194,0.0261791330758032,0.16788543792781843,0.6269496066686996
276,1,0.007656480089413756,0.33774941519775986,5.3950936604359425,0.18105681499975174,1.7969332482347775,0.08179380303545691,4.8718177275803445,0.5581392748810181,5.205914393530843,0.647545862750753,0.021876659395100827,0.7841683618663533,0.05600145920489513,0.12788823498242738,0.6917708526316284
277,1,0.01492318088246097,0.2708223592546926,5.446452348745843,0.12818791230605212,1.678157485134813,0.06573877142607795,4.844344208145796,0.5042810148874849,5.2487873552596085,0.6296011502287437,0.006628510113971587,0.7859697904844796,0.08456998989748049,0.20403116983466257,0.7197822352690225
278,1,0.009905478998541023,0.30825822728889574,5.483461026334324,0.11294191364728144,1.6625430772611614,0.05962699619507779,4.8047592490691855,0.5821938107479946,5.271532556593739,0.5750188801075404,0.007721958785636262,0.8116288260611588,0.03408434946500378,0.20184620809252585,0.7097183343106286
279,1,0.014468174359823852,0.29493448588899845,5.494544370002181,0.15672840766324622,1.6709445487411003,0.07465792633777259,4.803070864168198,0.6213037879031942,5.292305344447081,0.6079118395725975,0.032502497768538044,0.8172806037819031,0.054471674092822456,0.22411945273079467,0.7521905746982542
280,1,0.016523223402498115,0.16080864803692116,5.5037003060686915,0.09146022885138888,1.7281356307009943,0.08203751163901503,4.790689511533463,0.7500146716348455,5.361335771672333,0.5535114193341798,0.0014359121405726715,0.8414813696986378,0.054081370784942816,0.16980201129083247,0.7397888380767276
281,1,0.017374809329707128,0.13132744985358913,5.4605903532695645,0.07901981053829799,1.7336523604657956,0.052460233094529914,4.872512817906215,0.8284423626337433,5.342727301961885,0.45591028941862005,0.005928377874148067,0.8483016378434719,0.001265217292071248,0.15754082867806032,0.7567118108359225
282,1,0.0044787596737835686,0.11588909715625739,5.361471039353592,0.07844270912882984,1.6463917768169563,0.05423810630803802,4.908749768454684,0.8438713541105425,5.353649152057923,0.37998755439195825,0.018862885462550317,0.7938901684343521,0.007446567762041772,0.14988500241083097,0.7064487901428763
283,1,0.003444762848084901,0.12813162209280118,5.352834332484783,0.08152501682984409,1.7446622853980178,0.09957817274287813,4.887945281978226,0.8308387570994307,5.373350874068436,0.4131466264586705,0.0018902525335673433,0.7938859040545728,0.05312727339581846,0.16276828608222896,0.7195756293771184
284,1,0.004816459241435447,0.14828202965023804,5.394886852413357,0.069865361958569,1.6602834325631053,0.09564540165081338,4.996531494713986,0.8654022959513363,5.3946339270134995,0.4375158222455362,0.011026150261088712,0.69173188591052,0.04393132260137873,0.23169785501000978,0.8034446095221331
285,1,0.010304198432719543,0.11849392564795286,5.41059269763162,0.07224879494237275,1.696254603213522,0.08395999472548016,4.973550858971725,0.8742626507071757,5.374107762837594,0.4318260458723327,0.003918032330981909,0.7010352817949197,0.06853337696840936,0.23064684168646352,0.7842082140261044
286,1,0.01891895733795936,0.14075697418223992,5.48660730337822,0.1089759081938855,1.7429528772101146,0.06926046992397344,4.9682428588077885,0.8893127325120787,5.416493195671232,0.45275408837894177,0.011424596586062227,0.6675855590137753,0.05109174558958255,0.19849304058287118,0.7793249444759791
287,1,0.015222544540530207,0.15141154405346086,5.522132320450595,0.14056550304354928,1.6467064486108263,0.03930901578877836,4.9335191573065815,0.9395499452734526,5.384091786175966,0.45800053443159233,0.0032297621240769147,0.6757639855150146,0.012226594981114752,0.23428232109787078,0.8428625497792377
288,1,0.010004153695503257,0.20028726361191676,5.539052904196028,0.1417671359564532,1.6823734763642235,0.09489156547933403,4.886453553993784,0.9786793693309456,5.429195052627778,0.45263126733972137,0.01800205291405561,0.6741921306158662,0.06342598725696452,0.16307160716293742,0.8685461207685186
289,1,0.01507131110888246,0.21102909204635176,5.488657986868104,0.14685127584656144,1.6423801825819764,0.07870946212750643,4.778272623595416,0.965968804874797,5.39010324448451,0.46534319758089454,0.03299540356207755,0.6901737748997848,0.07751501087338473,0.14337652672879586,0.8100409957636923
290,1,0.0021263538137986124,0.24295210190760863,5.457855702150676,0.1548517200984389,1.6965367886372646,0.05134679330374772,4.759199927702623,0.9633058026915826,5.392700257495894,0.44634590949649156,0.03721766429073633,0.7261581556081548,0.010238113195912451,0.07633301506745312,0.8428843443115638
291,1,0.0012737023114675276,0.20287611544022116,5.371891229011522,0.13905525509433522,1.682913814373229,0.0597230781446655,4.71227067650184,1.0222550824128822,5.327653016642537,0.44675988293573526,0.008936856229580478,0.7251210534668847,0.03967576176223561,0.09512698931444544,0.855205437774428
292,1,0.01424619301788628,0.26606656080927554,5.380312428970409,0.14752273277935155,1.6335408943878456,0.0899591518024425,4.775407245719495,1.0482956694356411,5.240120841058834,0.41699945455981424,0.015208383475970182,0.8066359166098607,0.04862969075011246,0.14772130529403252,0.8323107088853694
293,1,0.005662685673343262,0.29562800134376527,5.372716429651323,0.17511246963624502,1.6107554007084475,0.05607102071964385,4.799427189832843,1.0683977454902216,5.276837341410515,0.4063343948103584,0.027766339889611392,0.824492461225375,0.03704109043465811,0.16848086724795935,0.8737813355764983
294,1,0.002282845918987619,0.30293190355078237,5.3016971635525945,0.125322077598792,1.5774387499193703,0.053384818472943206,4.786082900680807,1.0810544592459976,5.199307737621594,0.4938584018320911,0.01996599845309737,0.8262942009519502,0.0043028038062151745,0.1339898355222189,0.9581038479451516
295,1,0.006558730355978448,0.3282118176643071,5.349011930752431,0.14185463679108032,1.5972348198629245,0.09128286331575183,4.865021958778652,1.064964464011074,5.185903091777793,0.38905904263452945,0.0013100159656520868,0.8049239411011361,0.012241227933842282,0.08179547047527085,0.9670491544906121
296,1,0.012834836695031158,0.3791913148104578,5.427469587421475,0.17455067663349075,1.5990259515826541,0.01976266271047459,4.884535947577644,1.0906152270223854,5.122988425314059,0.3520119446104512,0.013572664893202828,0.773733274551193,0.013655352344575607,0.10128626046733555,0.9491571757969626
297,1,0.010117137275307227,0.38929297760016895,5.390403412381113,0.19349915909656906,1.6574758160232623,0.07046149081953314,4.896013840331051,1.204987752421229,5.153122172141786,0.33400557833666866,0.04450522887205061,0.7924560700705892,0.03580117092036875,0.05943829194580024,0.9983696418234028
298,1,0.005643754449332244,0.3886716182501087,5.377975872460761,0.18891870049256657,1.7415432982643353,0.021113900537989026,4.985683719923395,1.1459398739164097,5.168919811394916,0.27912164470914225,0.03958875633078688,0.7618473026280802,0.005677735827648826,0.05165584381267991,0.9974093801637658
299,1,0.006359921215683316,0.4611988029946486,5.4075899760040995,0.12347022246510063,1.7077399250914038,0.020044912312409735,4.90860709700566,1.2056268690504295,5.129917105057102,0.29216731262032564,0.005733857085870841,0.7205371498330951,0.00023314235007565676,0.10329958304239055,0.9944180754344649
300,1,0.010249165124672244,0.39896632662552195,5.35027936280993,0.13589410657258438,1.7517552883069913,0.055260200687759574,4.863575968698175,1.1248393175738205,5.094686814537682,0.3569119172556405,0.028000746911541453,0.7162394004385372,0.026868388662108885,0.07256658735895387,0.981579109532793
301,1,0.01662034981093363,0.34121712970476653,5.278094766099699,0.09328320826081199,1.7188427550493333,0.07630449035961935,4.916072456595075,1.1330713789166746,5.01492723003301,0.37142329051808515,0.009409029166179582,0.6958230468134218,0.09158250565981194,0.130555796661062,0.9417019838822035
302,1,0.0033552689500138773,0.3355243110340243,5.246649056223287,0.11561288383362237,1.7629750991246762,0.04558537814665403,4.831080494949686,1.1204132843850887,5.026474288356011,0.3070525299126293,0.0029823056674735137,0.6628997003700113,0.03177470508020478,0.03249169310858492,0.948575513210361
303,1,0.011477746664870237,0.3490727523367581,5.203030136008782,0.16333458839504728,1.6919308087725577,0.06925872904379991,4.847840552593937,1.2221275289036075,4.977804275528266,0.2630809101368945,0.016258897926789338,0.703762532256618,0.01963913493275463,0.04012714240147187,0.9381204640684935
304,1,0.008032459945970816,0.4226938187650411,5.216896710380101,0.15080006360055118,1.6603931844073392,0.04771805103521306,4.9408795222101825,1.23170278299334,4.9430709574592635,0.20083376363393507,0.01975919852791178,0.7572403023517372,0.03316117178144037,0.07205612616208705,0.9538940749935314
305,1,0.009053715201906858,0.3773921090252472,5.210499148619365,0.19133891103675274,1.703771870148504,0.05156368235400764,4.8665566617617415,1.226381835512452,4.913062794842914,0.13043959077216646,0.03279736955702115,0.7226854875822721,0.038697071033039716,0.13411666271724929,0.9363574651772055
306,1,0.009626606816108415,0.4104766786367011,5.188260755174884,0.17372842680527328,1.6909086099071937,0.09714872175922357,4.853469023034102,1.2421210386217612,4.946329040038621,0.11007800226470929,0.023868152197447187,0.6872600762508915,0.07883373297653835,0.1424818035846701,0.9585439499254522
307,1,0.017218406440957585,0.3751741836165954,5.176202426483889,0.16700596279683622,1.6837264667591523,0.09892941332258216,4.84436658247404,1.2439678645316476,4.91488988642574,0.15412986423126862,0.016033667849391545,0.6537754453257498,0.041461470719302916,0.20222952952764808,0.9820666024482058
308,1,0.0060298250524746105,0.3552043636600246,5.122812800005441,0.13618017645569602,1.7260964380793695,0.0807192574682398,4.902810253056355,1.2453603329005771,4.924299373447058,0.1925871279287201,0.003279566735291869,0.5658479388586976,0.028849464087536598,0.25538361034346824,0.9757198114064468
309,1,0.005483435322371415,0.31173758498664084,5.018591126761452,0.11085386174708269,1.750431940359672,0.0919360971406817,4.989584919159067,1.2904573605798317,4.944787027377292,0.1575078223343613,0.03113551296724851,0.6067201758921993,0.020388250387905378,0.2828129207417752,0.9555484372435619
310,1,0.0002681149109270922,0.2660214386900537,5.036632196672514,0.10417051008222375,1.69757391467246,0.038292123053706884,5.048937316485773,1.2395791852955662,4.9450272251572684,0.195129222285745,0.016225351175652065,0.6294630660590951,0.015179219144209397,0.26576897510512554,0.9456894667061384
311,1,0.008817805681030398,0.29589917770400936,5.057128615393561,0.13720827021983922,1.7179330055166158,0.05885795959001353,5.065126622739106,1.248754064917495,4.906963023673449,0.18536312210074857,0.02893472394861914,0.5817591743096141,0.011507864900950782,0.27380637296624116,0.9797289769265252
312,1,0.006253376950839651,0.34757775497349286,4.991659458877875,0.1358203501284268,1.7045642187043386,0.08317827237149326,5.081015424102307,1.343169001699153,4.867746008133956,0.15574074793697976,0.03115821816644453,0.612920755766532,0.010073189609313573,0.329525755459565,0.9391218686050612
313,1,0.0090167226520723,0.3579736674466142,5.025562819816052,0.10376921572463646,1.7602311366771437,0.06175778001567701,5.073130064153769,1.3355884961572957,4.806879738409467,0.20865912620736324,0.009493372493859106,0.6582672266323033,0.05169759408494402,0.35188513155994616,0.898197066747327
314,1,0.016316660064914893,0.35070865909468646,5.052595209645993,0.17801965638607806,1.8134445457813888,0.09366101262426768,4.96805692798255,1.3488042117216905,4.82747688559571,0.27558756420756664,0.0014943846178181199,0.6125768795775265,0.020922805535778834,0.40734798945107337,0.7821986234643376
315,1,0.0075821278206016475,0.36705340052392466,5.079597909658243,0.17307252886826843,1.7653471121225321,0.08671745065900835,4.9408287220838725,1.2916904647045806,4.890930471563398,0.2882328539971222,0.012915940195734893,0.6138331552710787,0.0518726567679903,0.4251680112540444,0.8608152393135824
316,1,0.01365467311077046,0.37295233840471154,5.138681625960111,0.1397471207720524,1.7468339476060644,0.08527745073755433,5.055788338080366,1.2990676910661085,4.843149471890595,0.350816683489399,0.02125150404049411,0.5680894376865274,0.07576936391845047,0.40606896655343855,0.8234480914499326
317,1,0.010017680106331465,0.427593548754312,5.10602435258906,0.18867512021427593,1.6709420404584527,0.07403061522990022,5.006481093365521,1.3238576104793007,4.849128301062046,0.303867207751859,0.004091084278257708,0.4622391041780671,0.027802537725146508,0.4228221738274809,0.7665459656677391
318,1,0.014993235503364477,0.45067413846482,5.1274406305097635,0.16164018091731244,1.6152304953526118,0.09894639887782858,4.994766202353366,1.255929143361438,4.813252750431096,0.37769762125230505,0.00228797470942764,0.46640185856180283,0.05009272749858709,0.39928217305567654,0.7857793565165174
319,1,0.004018399741843861,0.47033197332614546,5.069318886221462,0.12247996882636909,1.5512872273123293,0.07032392676238801,4.886312469254419,1.172058896584018,4.842092960598537,0.3728681281600852,0.020520261978763867,0.48487998925103254,0.038566550275717315,0.37876943784805545,0.8399436110274697
320,1,0.0043085482100305396,0.44502746366819024,5.01955207876914,0.09929137932994743,1.4928089087959007,0.07022642921001576,4.829858003076827,1.150334454660388,4.8247549416649465,0.3582456565202049,0.008787612005189687,0.44902277649299943,0.03760468116224322,0.379605619296088,0.7815690776244544
321,1,0.00823042709623164,0.45938747616332803,5.120376954850557,0.08570744746170361,1.4600449156471111,0.0996019378678023,4.876061888467977,1.1007087336248944,4.797972979309835,0.357501867416073,0.004670946236716027,0.5169791852758423,0.06529238821517079,0.4138732219993137,0.7395989514387231
322,1,0.011274641088772479,0.39697398251493626,5.082803266915038,0.11919187159146614,1.4063966440809637,0.0521359584564651,4.887184096715532,1.1169728374355705,4.817382895430943,0.3139621533154949,0.003385135582579358,0.5958239599275805,0.053587042282133124,0.4313907049443075,0.7672157241300389
323,1,0.013636429045660977,0.3493025273148928,5.002676559351144,0.1466741169245404,1.4499024638142468,0.09841100252001624,4.900319456694276,1.0997371556509945,4.818563151233482,0.31237710217666625,0.008834817344484302,0.5358106328119143,0.09330495434337517,0.43925487943333674,0.8085279033314348
324,1,0.013060178449446557,0.3220592690153424,5.031924648214603,0.15716225416954918,1.5007112317735865,0.04248777260031013,4.972390585521425,1.0627744142044875,4.781043768922957,0.3138316485851003,0.021848270979235997,0.5524836241675387,0.018939719208171835,0.42304145352297146,0.7851007812097623
325,1,0.007746588875204836,0.2728470329715818,4.972046967448021,0.16501768576843903,1.4684513242944643,0.03557532480268037,4.954892150100326,1.1287944409910462,4.807084142555531,0.266616042259966,0.018331104056867838,0.5986351606981818,0.03152871061189154,0.4656598229708777,0.8087331658093618
326,1,0.00714166099081239,0.340008255773801,4.9586770079055515,0.11674914463003132,1.4424745294987946,0.0692158406232849,4.970352474861132,1.1350644342777352,4.781579229221566,0.20346889267411364,0.026323614441610743,0.5857241105680356,0.05960062386986543,0.4596059437408519,0.8402327372156523
327,1,0.0004896197964092387,0.3286221036915733,4.970399172616312,0.05385887095885196,1.426324438774106,0.06350812222619795,5.0059183773963145,1.1046608678172725,4.8829626924229474,0.2112134420403004,0.004483254129225372,0.5807933827972558,0.06389555586709068,0.49921308094592876,0.8073390715239366
328,1,0.00043626660199012787,0.35977860830933867,4.948247593257087,0.12007401534106688,1.3962912275453032,0.06630999843416331,4.905652877614024,1.0602799620414738,4.857031317730023,0.25458130230774173,0.04306164984754531,0.5353918359370574,0.031470848298369006,0.3623711108863659,0.7360897036267205
329,1,0.010277651254689622,0.3744028714907348,4.976090409934102,0.16026874873302696,1.4474201539415807,0.08864053365958102,4.864879114045512,0.9822987444148152,4.777961669169186,0.18450089706840198,0.03218804319970572,0.47893085719674555,0.010124062350575096,0.37420621851956554,0.6604651719799499
330,1,0.0027246614612755162,0.3995804570641538,4.980039310537102,0.1561500625930069,1.4664597607734566,0.09636180606916388,4.8420427453446795,0.9913424322908804,4.827340151603624,0.10674684422677944,0.003374705826635163,0.46832041316938533,0.012145375256811216,0.3441166247346267,0.7216113453561163
331,1,0.0031477237354101736,0.4047839713051811,4.983204433571167,0.1985516305726258,1.4237246422450538,0.0811499325210437,4.815544513682123,1.013214161757347,4.80983120936775,0.053017228907602805,0.03635977378277929,0.5530254805080657,0.0402509404810229,0.30456532216355703,0.7250970211044676
332,1,0.01081468940463453,0.37413375359844414,5.0243159607841745,0.1938646449883599,1.4651607433475617,0.09831940702506801,4.765267973237027,1.0447934599808417,4.857546100999279,0.07583704768167687,0.008783890446052347,0.4959303342940552,0.0935161032171037,0.32910893035278255,0.7444434395915156
333,1,0.008452450071495901,0.3183104965533733,4.931276483180936,0.16520671814259327,1.366463674457011,0.0893477869461285,4.787072564947981,1.0021989358694234,4.78409237155419,0.0828603330740447,0.019630049980787274,0.4524370507683914,0.04662431720038015,0.4100404845511716,0.7726938902814019
334,1,0.011569138839370526,0.30087868022132536,4.935371516280819,0.17606207709615937,1.3444553967002804,0.08591491029696179,4.888286663941205,0.984144379612779,4.775420583255326,0.10711797031490268,0.00954361523191614,0.4504196152530981,0.033672220002552516,0.3851712635081974,0.729426826410273
335,1,0.01051519522589633,0.32738459404380155,4.891645043168149,0.07694048651510645,1.3536619612475225,0.09238101667091227,4.9366282945928095,0.9789163874200164,4.733443903928864,0.053527284012808304,0.02292002888134667,0.38877507520556337,0.018767577795999902,0.45040621690196225,0.7406469332826929
336,1,0.009785359715686393,0.30668204651533837,4.897296778715769,0.15575171298179316,1.3647404110502381,0.02562465510596944,5.004175441645278,0.9666760496112913,4.716720521098568,0.07257247480518034,0.006741897668651128,0.37989684838987037,0.018568027780390173,0.45776519064765475,0.759955374310444
337,1,0.0014336632268809263,0.27165268091505596,4.905452938163776,0.11208594645208828,1.3963035743887926,0.032503067725882184,5.033909888922397,0.9218073589428273,4.7882636562484535,0.0654653938947616,0.01970739029311696,0.4926460180898889,0.022447271165348674,0.5216071559252266,0.7273390792916219
338,1,0.006842488545152602,0.2062933721251468,4.845741809988965,0.07026587832242571,1.4580914512675598,0.0845895865713346,5.001045446511715,0.9529375425807036,4.803498346381314,0.08500637775988787,0.020811846165375188,0.43061648436665073,0.019671347958028395,0.4821712302752924,0.6274760341028117
339,1,0.0060747201393956144,0.3168387468297864,4.869503704579253,0.05115050057716457,1.4442157280112091,0.08359048637434603,4.973263393332061,1.0157959101700338,4.765991994364909,0.02338036673416847,0.005839727099588258,0.38208961359885735,0.04115492522886749,0.5081560446171021,0.5556811650502304
340,1,0.0016296257547671004,0.33669445324193414,4.821107260259333,0.0466595752444212,1.4831760560996434,0.0587847109015992,4.921147990056081,1.1299715270046826,4.706258810622756,0.009038600147327878,0.015694062052248697,0.4132753028558042,0.012214956174514428,0.5847741557215482,0.5307097019443954
341,1,0.003459723990424925,0.3309827112921938,4.839110998740431,0.05936189524351699,1.3957483860817201,0.07296774010885641,4.839090331235062,1.0975879661907837,4.694476278622522,0.007870621250264921,0.014726266275023164,0.4590850931259411,0.026665786585689025,0.5570958880068365,0.5983998224304533
342,1,0.003098112017268668,0.360174670607172,4.85134164103924,0.09917182851246556,1.3381694020937673,0.08808835921839361,4.777503944007545,1.0900681265309484,4.7482178725988495,0.08126960068533473,0.016629968518617814,0.5331522720118728,0.04623450340663846,0.5231574785247817,0.5917634039729074
343,1,0.007721630425485545,0.3223236589780703,4.923657072142593,0.15026906176656762,1.3233664494051163,0.06174023739855924,4.800671641062358,1.156812604195355,4.750713036318928,0.06757584843523726,0.04211400436868842,0.526065961569236,0.010905568150219347,0.5758921420168746,0.5683603394592208
344,1,0.007078367181759544,0.29509324548975197,4.856856211082353,0.15749805942402229,1.2619041596783236,0.029450397037953827,4.8492564725445,1.173194927405954,4.660082906094467,0.006335132751780916,0.044092970500997836,0.39304701479607607,0.013148564200103605,0.6382523404413191,0.5918140981252277
345,1,0.009836430125745262,0.3964851535549325,4.902627560271161,0.10607072626060086,1.278354389642514,0.0375423243786501,4.887344522354442,1.1791700695996596,4.646196180748773,0.057294948414007424,0.034143507796349934,0.3625187345241218,0.04163395758878069,0.6365420437146224,0.5849267925708239
346,1,0.020341511779484688,0.34032111781266633,5.01143828540772,0.14806780653210586,1.3323254444430706,0.09348459956419249,4.888793209107095,1.2465709653345811,4.622302756444565,0.0899619479050619,0.03307928849042724,0.31155254072982164,0.05342628373929847,0.6314081350163846,0.4859566410521253
347,1,0.015246148968237437,0.35124853630055186,5.005798411552121,0.19593166314381819,1.323930391187324,0.09115643179985154,4.778967083233432,1.2684016019722415,4.652869110011912,0.06076408241387052,0.032948865604418946,0.3438980444828154,0.049293416943022146,0.6389345944640471,0.5450123371556074
348,1,0.010481786982930102,0.3097995927398808,5.100036547856559,0.14532494495901607,1.3243685489657255,0.09498655861880233,4.879602779768293,1.3682498464528032,4.703638136617864,0.016437781272653565,0.000641211386289833,0.3806323546070411,0.014785620927496173,0.6806122492084198,0.4832971811093025
349,1,0.01576935908108313,0.27631942032586715,5.036813219841841,0.10433337124575649,1.2779554376825901,0.0815448024870576,4.9148397484538435,1.3091119993074145,4.746339128604953,0.033560791281520265,0.01404930413724092,0.3458663511076977,0.02379513482265919,0.728917621194803,0.525531668089911
350,1,0.011920325245548752,0.26722020844868327,5.0663368410665095,0.12530277143976268,1.2677233408924897,0.060322218096877926,4.887467961466928,1.2645240923985428,4.817406154370819,0.04541878381592925,0.007170978199424022,0.41301924552329894,0.040696759620046714,0.721931356034284,0.6167010435615509
351,1,0.01770713382996862,0.24037693548599534,5.0719158853242945,0.14892090764901847,1.2826212949766518,0.036797445876087465,4.909937806222091,1.215624284196029,4.86740823682665,0.004637723876066271,0.026916228891250008,0.45084667132568845,0.04606139583023057,0.7232637691303236,0.6060014448010143
352,1,0.014924977527149393,0.31877729380283765,5.1745705565050315,0.12240393097758659,1.286370537526088,0.09516224529305504,4.850132435140666,1.1876073807701897,4.9244565467734525,0.061675073894747565,0.031067269422830328,0.4196625007715253,0.0540641076486081,0.7499417943358796,0.4642705225660249
353,1,0.0013038382054534287,0.33422614895690606,5.176604906730308,0.07428001994799395,1.2904919640182357,0.07477885094726203,4.885857311593354,1.1653181972032194,4.933844065314576,0.1254179510021492,0.012256931306970717,0.4286298333163366,0.008767128732503737,0.7356943063191269,0.4605861828032283
354,1,0.007498073364526451,0.2943909266531342,5.182998470698379,0.0714654450791178,1.2701703979835812,0.0017678925070872113,4.763675977489093,1.2169287501121795,4.952732101186809,0.0968410327430902,0.0038410324394576416,0.4165599363660063,0.006426635812273414,0.7704602218350856,0.5165715772449445
355,1,0.019110479512992447,0.33116128555018837,5.227807156881371,0.11904539605672844,1.2062525203191463,0.044706159806378834,4.666950636974903,1.2189286353452078,4.857692575231557,0.19158392825030063,0.007815080493251874,0.4500688896458083,0.050483673121790036,0.7393332916799373,0.43451990164290427
356,1,0.007279000403681483,0.3456830275951498,5.2567449305026335,0.08769488026005072,1.1518663730559506,0.043372492160574434,4.584706057109131,1.2840074087716766,4.859990533845022,0.0721373889832943,0.0036949692750861034,0.32379670974048036,0.02303834813030775,0.7240987316217727,0.3888308006387355
357,1,0.007869678156413124,0.32649192085811274,5.218851420132911,0.15095602021776564,1.255839570182422,0.022456484682298314,4.649872003103752,1.2240594423551854,4.897763379361908,0.04863435737450616,0.014426820778736346,0.3066773041304841,0.017848024187980115,0.7130269645334532,0.39881864745804957
358,1,0.0021807397901762384,0.24878092954726405,5.161926903226584,0.059276632604346804,1.262116290919533,0.022198223362497715,4.651470874131131,1.3429141010170367,4.892522988850274,0.03592157671232647,0.010313066404706937,0.32256600872014496,0.009437668353931986,0.7379959857008872,0.32350564540002297
359,1,0.005792210260457827,0.18795378818990136,5.082337815016319,0.10924594247618491,1.2020133193180618,0.06497176719435091,4.690041988426638,1.267128487745197,4.934379795751002,0.07802935164354632,0.014009424380878844,0.3680631101391393,0.017248140937385796,0.644082743689957,0.36494406523892603
360,1,0.0046113706899695165,0.24564994006926938,5.085137709524206,0.1334599979223558,1.202403670003863,0.08926808641105606,4.611165152161121,1.2700433244966238,4.894537728250742,0.044161976869520315,0.008149261195050087,0.3158649559661279,0.009821728014565276,0.622343352967341,0.31708447544992
361,1,0.006095640093630966,0.20966883891962812,5.116772766749026,0.19213802982358047,1.2223391454012498,0.03529184754270999,4.631748939187674,1.3224952161078702,4.840026929260973,0.04379855504653807,0.021255691247509395,0.2753504493507334,0.017500347039662578,0.6846355540301472,0.3557433977967182
362,1,0.019583312118319762,0.2295845266054423,5.16275399532127,0.14230484946094446,1.2622844067798116,0.06313752386957559,4.671892390273071,1.412618527464507,4.783540972274536,0.05346454175777294,0.007368395706052657,0.3353741779782984,0.05459371414982965,0.7117907375472167,0.33519256345558346
363,1,0.011984352987053729,0.23137985213356357,5.133846439579255,0.11793930058647985,1.3491927595427002,0.09096026244481807,4.803333264621946,1.3555239949967908,4.8400541699914985,0.0697965170224955,0.014771422751849629,0.4335705624176482,0.04614603817546964,0.7513848155664069,0.3015395748450677
364,1,0.011820604507306468,0.2236315816784933,5.1200208721872835,0.14126112713967118,1.3772012293984557,0.0902333716294182,4.795145357182882,1.346838759000361,4.8510285178594845,0.04321590270058239,0.007648526613551069,0.4450133728033496,0.05183914599725106,0.7177764847170701,0.30890719877942374
365,1,0.008507892291063052,0.19995546781106366,5.125523654349575,0.11928058041983158,1.3460896592488323,0.04235687859389642,4.8804588915137925,1.2934725599723695,4.823971522530814,0.08337536194449888,0.013885348770889911,0.37994442563511954,0.020547757665500287,0.7553891300368705,0.30009198200324333
366,1,0.014203146147090505,0.15297932769898517,5.10866477987366,0.11928177828653395,1.2933967066743235,0.06617679116335423,4.876562440145889,1.2882634193298481,4.860566723041067,0.01047708214555795,0.011575041691122306,0.32321188892220615,0.031069507044426594,0.7265103052158138,0.35281813452029454
367,1,0.020493941362666555,0.12394852442765068,5.0356522526140735,0.04883463321289784,1.3228724002723278,0.021491529515180567,4.777856074131761,1.37752285243631,4.756329870428796,0.02796562910501797,0.004052762282233017,0.28608101307399947,0.006749913232298619,0.7362266896982635,0.32016681106390305
368,1,0.01623366063057027,0.1481304086127193,5.028517976544575,0.08692667569532275,1.3466261814483094,0.08031533298492442,4.736570640328622,1.4165873217781528,4.810499739924957,0.03632899532393644,0.0015225916622783155,0.2793377702681298,0.007671268274612883,0.7452324854966043,0.32696139421295384
369,1,0.010933319164623145,0.14949150690961005,5.049835745138106,0.10658345577452619,1.2870589725481025,0.02754821809552211,4.616970782138344,1.32866962063396,4.837960114401871,0.09850828348642812,0.001563338561458501,0.2996132933394858,0.015126668775073368,0.7373628598459169,0.3897769063791691
370,1,0.0143311738404835,0.19153396044407597,5.033036462548496,0.16921535407854313,1.2904934494156062,0.026726027447375227,4.553328756464888,1.4184529202781684,4.84141462667264,0.06748251686941041,0.026822137286119832,0.3118038232132083,0.021532346727840435,0.7217723323069662,0.43956889009281896
371,1,0.011253425196196543,0.17828103830265613,5.0480475410002885,0.1835981444798191,1.2304713374382221,0.06916258908537676,4.590155008719603,1.4623642828097392,4.874283418940682,0.07102087710668663,0.024959764836736942,0.32652040611386157,0.038512167937792365,0.6736001941392221,0.509813727319061
372,1,0.012930553354303183,0.1802019087128616,4.963983722495738,0.15979374179099526,1.17877419093598,0.08985702778377155,4.5835582214744175,1.5360221989082856,4.886034083571682,0.08874528842109604,0.008574635266017478,0.23748817449788054,0.029709702644905623,0.6984161010488861,0.5093253937841881
373,1,0.015059995400615861,0.18884757995652524,5.022728733224852,0.14588930565923405,1.141350066941058,0.0820378428123266,4.553471940966588,1.5757045055569165,4.793199681620906,0.03863100557697089,0.0028529137366891466,0.30364995595926647,0.04021873256159297,0.706985385149561,0.5235738016134559
374,1,0.020847690029270134,0.23332909562732865,5.029147993091251,0.1428970597438542,1.1862600821173785,0.07014805573048513,4.623953278062984,1.6375130158928362,4.775088780136497,0.05950540198557776,0.025868797971594547,0.41359124542929904,0.018548444789741617,0.7659879978764037,0.4911285305733257
375,1,0.016660045473595023,0.20742235150632607,5.076035541582223,0.06291160607529231,1.1876969853568404,0.0490593422080617,4.669648097138321,1.6818663920364578,4.836583935368031,0.04057136861470585,0.013930438351431143,0.3730045848401914,0.032573486671373525,0.7193170473648318,0.5826435614182979
376,1,0.016184496601787546,0.266690954153077,4.997124930586857,0.11677116310236844,1.2456677267030516,0.05947214162947364,4.759002823577742,1.7483415575706034,4.774722076122203,0.05296359080633149,0.038556573841395166,0.46671112630293193,0.02496023165541247,0.7301329639853813,0.6063706796470023
377,1,0.012297022394027303,0.3752834780843821,5.067178043209087,0.0875979610179416,1.2098394446835845,0.09820891081622309,4.819373478257966,1.6599506910520645,4.78718784345303,0.02901087046325024,0.015241832668230804,0.5867273119897188,0.07164862267424559,0.7225372306133033,0.5290906747924156
378,1,0.0034078287383951062,0.3346555945470425,4.997989538282611,0.12849714308911428,1.2539831466408304,0.0661655422343241,4.872631673241656,1.6834261285109575,4.830700049870359,0.1093361230766294,0.026471155997534187,0.603803855568766,0.028347552172257606,0.6834904318805871,0.5572513887773027
379,1,0.013467451203410861,0.25453299789245293,4.979840589180317,0.17972675922902487,1.2040949463431418,0.06131494550728674,4.9042421194218075,1.737506139723184,4.806366034961333,0.1871881799294368,0.0573756080504833,0.5525038108373956,0.06227081936416611,0.7311901209289794,0.534890701021826
380,1,0.020518051039081896,0.21891213054141195,4.96212517629297,0.12797776394615604,1.224625252155962,0.03468546409215712,4.906655590144479,1.7563864339213928,4.7378895784809,0.14580022124483444,0.03968534531932118,0.5513438251921906,0.04807496150702182,0.7387881986614019,0.5124612191471463
381,1,0.012412190333928041,0.24200222332870885,4.981632307975589,0.05322851619603677,1.2344317880694495,0.06312735198618329,4.898058831677763,1.7236795580792612,4.752533679307992,0.14448596662280275,0.009217538909731789,0.5414743481392695,0.04001846041589374,0.7472853532067937,0.6219588425363425
382,1,0.019305183190874032,0.20542324175518814,4.930460224318252,0.09124020881050705,1.2422367952211535,0.0848915207193329,4.9127263560481085,1.7059970528039163,4.723137211112738,0.08161624581878195,0.004974830327384332,0.6028318099920528,0.0262771069720979,0.64876312392764,0.5531234138482785
383,1,0.017483396427031554,0.15970003679087624,4.9407795079103005,0.11215765657313552,1.2670788560424602,0.06792488426272268,4.910550212890583,1.695554234739496,4.815922926513909,0.1157987532746802,0.019431029712100912,0.624977337262856,0.024029633735987162,0.6641998391189847,0.5788660301856565
384,1,0.018425845144069145,0.16731536951338105,4.964890077318568,0.09041545211127275,1.3562538255737842,0.05281185995812832,4.913896205341529,1.6817144337766636,4.8221208327969025,0.11816214309205185,0.020888684110573763,0.5753203405310604,0.0074014467744390995,0.6668997673796251,0.6214159259185978
385,1,0.006613366606451174,0.20917000420666995,4.923315192889411,0.1605873975927843,1.3202340046557572,0.0734404505098668,4.940836393984963,1.7107342377124153,4.763651550252074,0.08786636568144605,0.0006511095979978998,0.5814083765478152,0.04520455240692176,0.6045779569800832,0.5573363123616724
386,1,0.008138995420490073,0.2166012604993591,4.818909164869366,0.12202635814134553,1.3150961885840051,0.0832036852324657,4.8650175550526376,1.7487981453345605,4.7648328637722726,0.12998094473087668,0.01741766858119581,0.6096797101688793,0.021149541289498558,0.6333097042109659,0.6484385834725278
387,1,0.009019641977353004,0.1610324456587698,4.898606645838732,0.18677139387565506,1.3120604849170376,0.07110411769108356,4.974518661475762,1.7926112583623401,4.802984584517298,0.1469933162648069,0.038501763746818435,0.5522349209032821,0.02787273713726912,0.707591544290076,0.6323831841607856
388,1,0.01561018338441993,0.14566416941750523,4.965745260432871,0.1943891679649144,1.2146377464414975,0.05880796432138746,4.980881087428408,1.6777508011075983,4.8437449255361065,0.11802394094829151,0.03626277068456894,0.5426114209889116,0.03299024780520249,0.6711466788127061,0.5518965511666318
389,1,0.016320941035150135,0.12047065577617162,4.948222879759942,0.18958913217141937,1.2472840947901669,0.022405525977710002,5.037308164260762,1.6966235963653613,4.870320922873269,0.15998894525932936,0.04834132812973173,0.5282365189118047,0.016809769055519737,0.6544010245833668,0.5674064794503152
390,1,0.01383332050522358,0.12437554708956278,4.9153681183518545,0.19363777664565043,1.2005608573310036,0.0573125531692333,5.107774536675064,1.6434088236152347,4.849235759460933,0.25272956214577136,0.040776954261835814,0.46503071556478065,0.027630623209087386,0.6524316436854445,0.571058594721415
391,1,0.017013579912538455,0.10066644349873995,4.87204136787183,0.197927211419652,1.1824909072903516,0.08658723083293346,5.107898221066293,1.5813867753671518,4.853472399242487,0.20436068526279977,0.006614346332133913,0.42646254595882815,0.06522212830089522,0.6601072601429667,0.5196448134722427
392,1,5.630351513812904e-5,0.1515025074638189,4.839763436714965,0.18668166705816833,1.2603864592387202,0.06591077231933769,5.08767894711517,1.5844862887177893,4.812563525249136,0.14682529851500462,0.007662096863486922,0.42318088565488166,0.030742398780156163,0.6043570286276279,0.591109024895963
393,1,0.008738029967597146,0.2269383578098789,4.89569315040704,0.19080931573699855,1.2419993967985388,0.062378317713009356,5.16615253194665,1.6448291819148895,4.797265486673244,0.11523765772977429,0.042705256884838914,0.41035453092458235,0.00041336655721621634,0.63392875508171,0.6287394281039695
394,1,0.0084921905425246,0.18821218190961944,4.926228814187224,0.14862328919912354,1.214854858640862,0.0810818897294558,5.178971323400663,1.6609011936321185,4.8193545130773385,0.14891706200189003,0.0013156705815240883,0.3923264975757345,0.005848034372281409,0.6215466032837508,0.6474786597579996
395,1,0.012738988862869423,0.18736880065364922,4.953564907881962,0.19833930998708918,1.2518997478583278,0.048687203301470285,5.128957084027404,1.6743518518084106,4.859213881847778,0.222839245218758,0.05426165211413737,0.3824434522524361,0.05326304466023479,0.5676299872957996,0.7111231272022634
396,1,0.0009818779697356448,0.2318056358999551,4.9700867225791985,0.158034357786609,1.2308010219483403,0.04958886049924453,5.205584524610453,1.7612691763587114,4.919814445125005,0.28327231531175,0.04802457983131129,0.27025667981832535,0.054225026823691506,0.5833456404078584,0.6763201237696617
397,1,0.010887436678553223,0.2254355985031764,5.003174180442366,0.19738617583017443,1.2539378886485084,0.07667886760860657,5.279268429546896,1.8553761592762748,4.900233597591518,0.30407615030897844,0.018315911900526876,0.244666263757277,0.08509898270977453,0.6085550333436989,0.7515320798118207
398,1,0.01370448219782556,0.2060397224585558,5.073826742693974,0.17652102210831472,1.2405251918936275,0.09894221992317706,5.3540626763461585,1.8037350428662486,4.946494023393638,0.2708410776823269,0.03170509336368307,0.15727312101738414,0.07917271315663774,0.562296892210492,0.7583878715227019
399,1,0.018772035495263246,0.2038242359115746,5.087090129490867,0.10368826596952814,1.3059575184423355,0.09988621919592916,5.321613361616793,1.7555844037776647,4.886267725910464,0.332436384744047,0.004288574609779304,0.2128263762172256,0.028225034813116327,0.5773832180843119,0.8190569315650194
400,1,0.018743882903112984,0.14411309596436186,5.0786387375699915,0.1411960197505474,1.3509656985125331,0.07365501239345977,5.3104390136433155,1.6538204443648667,4.982275025184145,0.3675964078513303,0.01592448061706461,0.2892806954802787,0.061510520032312645,0.5548910001038315,0.8370365922834271
401,1,0.006775662522050472,0.11057298993019492,4.997656357287657,0.19042521259455072,1.3340136635185658,0.09963170311052265,5.35667806080942,1.6153316765998238,5.018656347967251,0.44097217312217046,0.04168242829209918,0.21921590092395635,0.013078430607382811,0.5303847779773727,0.7931780538065881
402,1,0.0054317998454064985,0.09572524987376814,5.022357204720356,0.15368216167170604,1.2821027678297052,0.08499235929406805,5.2653502548871804,1.6206057713214017,5.0650616712722325,0.4567553176119904,0.012430909160949216,0.18646916789836257,0.09704673056502096,0.587867600026651,0.6694475811262689
403,1,0.010558417088936064,0.0769851884863143,5.024350945352073,0.19657801477123357,1.2768078324022065,0.047407631238240024,5.344901533457078,1.6546850340501638,5.0217749797097655,0.41764389115380146,0.04165188719011341,0.22182991661291063,0.026327156211953705,0.579052278171348,0.73167474414271
404,1,0.0009640394640711163,0.0642135444521512,5.034807596893237,0.18031741937294535,1.2431540828982142,0.07124058118674262,5.415999595523874,1.6760044611086662,5.085213449594681,0.42558585501408447,9.732078341018656e-6,0.21194569217349501,0.03943765819756895,0.5916858747709666,0.6924979371060633
405,1,0.011674743366576819,0.026355226875677797,5.049843117574517,0.10179727433823563,1.3083416294062664,0.07562802548713564,5.395590846756691,1.7123482280862063,5.113942904779876,0.43926626036953176,0.015199993617564436,0.2861813713569053,0.022896642964298584,0.5839483961716696,0.7086110619326158
406,1,0.015995369015559893,0.03343356455586219,5.123098220935036,0.10375836342749524,1.2615185893400593,0.09445800289251075,5.415437543177909,1.7103118684875829,5.190335864603243,0.37395065695511703,0.0022550706301997054,0.35509583859906896,0.043988949805029924,0.5581308488099921,0.7274613222317451
407,1,0.011998120276418006,0.04614373576153539,5.138387793566767,0.10149714149089878,1.2028450323759465,0.07865798017875476,5.33783053629905,1.6171117167520201,5.175493448721067,0.34339010483394816,0.012698595042789192,0.39091032866020786,0.03107135594036977,0.5030371969343093,0.7539511226311842
408,1,0.01841088763269143,0.09184544737712516,5.123117666227444,0.15746142692007467,1.2654298546831975,0.0821609462080821,5.274239033276106,1.633445617846672,5.088730570021776,0.27279645101035127,0.0380250283505203,0.3554246495214653,0.018541799872085537,0.4559622152153692,0.7434317944184768
409,1,0.012446482172366295,0.1473830153704904,5.133283250427375,0.1976773593609786,1.2693636183681885,0.06126194530944521,5.260736691102284,1.672394702403356,5.048645171599296,0.2941522336421683,0.04738791029134158,0.33766477980028364,0.04596677293373878,0.4325184089647644,0.7694924422058871
410,1,0.00010421297543959409,0.20518633187354016,5.190160136839071,0.17251538541124747,1.3269779169028144,0.07169757618043825,5.231316923493647,1.686762048911654,5.153002107342844,0.33609728568417674,0.02825193628060603,0.2790054678275137,0.008737399726561656,0.4452425658931548,0.7558761403392946
411,1,0.018425326368220644,0.17754230228405224,5.249611199028003,0.1534714284684147,1.2583983038681499,0.09005475472216509,5.185907698000623,1.7834483202325573,5.160023435787402,0.3385647548768884,0.028502530556144497,0.20947913850609964,0.01205462470976096,0.41811453397923354,0.7565592835244296
412,1,0.01728106773607471,0.13045450399137137,5.227538995828761,0.13773620242614015,1.237085762927016,0.08887895189617001,5.277255612293007,1.8634130098240813,5.157069751584662,0.3826556120900569,0.02943331704263401,0.0903866090379544,0.060489988565840744,0.3755529297643959,0.8355547578384812
413,1,0.01970443625872202,0.13611843486126413,5.2474074683338845,0.14612504681033775,1.2032111149306188,0.08650143107726842,5.280367498313164,1.8326070414456004,5.165425005194842,0.3156421950772444,0.006255766667602893,0.1402389731332978,0.06470433965085222,0.3964384096283829,0.8285496704753554
414,1,0.012679326667641056,0.1739359877458799,5.226871691072458,0.14615698534183932,1.0896341621039194,0.06982991723276201,5.218069194707533,1.8447366471704756,5.161429956185971,0.32050995025771023,0.004802488431113656,0.15891806710931536,0.04673055365535878,0.368639113911309,0.861984302906389
415,1,0.01836612313172807,0.150556217025692,5.204244549994395,0.19679024324647257,1.0889281518493252,0.0762359289659252,5.280712645789161,1.828846085384829,5.137809473500513,0.3421451459930783,0.05551477898395133,0.18859930103905628,0.08034316201166604,0.3864420513134349,0.8645576284079006
416,1,0.017070473690251897,0.1844841853131753,5.2546634757747,0.15119590644069622,1.0582125301030014,0.08248144241936568,5.28342502945554,1.9330546560182236,5.10734343088702,0.3723889667999144,0.0014415448752697054,0.23728988458074757,0.06376287041968348,0.4214189542948657,0.8902785618174958
417,1,0.012324726093002716,0.17496244775291658,5.233601131214777,0.12705928907427758,1.107302810483738,0.07190856572289041,5.419882404307917,1.9661120878384823,5.16155086490919,0.35627845065930136,0.00807640634341942,0.29055458068639617,0.06687636863576907,0.3675595229671831,0.933913967010922
418,1,0.016833618081210245,0.19531692762648936,5.236706104644154,0.196415287521501,1.0787124723751669,0.08009463345919175,5.418039789249359,2.004498667469067,5.141340620611752,0.20778830565060064,0.0741212418492931,0.2748922800534779,0.07153135251296878,0.39228821268407976,0.9690418419844491
419,1,0.011820114071286499,0.23818162463974907,5.302835845761503,0.13740244367657842,1.131538598376099,0.04436649395408887,5.326589271721092,2.0139669623669416,5.11355330314197,0.15640984077122713,0.037765620921740704,0.23298342375897166,0.021823947255893327,0.3748562600753631,0.9358471047391289
420,1,0.009683054307818443,0.2451317470349315,5.262878067491498,0.19553722286551345,1.1190444984824024,0.05263961697605764,5.374444451227182,1.9783063352994459,5.118717751488348,0.10030597246857102,0.0723319056130386,0.20758038916011864,0.018297979144685252,0.34832456394626515,0.8657460366947353
421,1,0.008845330363022728,0.2731990131510595,5.269904195524382,0.17938431675470495,1.1421478908730542,0.07535617627789482,5.385114432308188,1.9907138228422747,5.138073787890797,0.11929278856895098,0.055519953479887967,0.16931623441178872,0.05539119526891046,0.3810850138001288,0.849838010401697
422,1,0.0043058723854652635,0.29398174604203453,5.281085898268004,0.1763665305043073,1.1513411825723254,0.012808249250930721,5.390750698719767,2.032496747752413,5.140749419522602,0.11761740461298244,0.03859527936039409,0.1382747879665174,0.006155559985772845,0.37818644800792556,0.8148265213354219
423,1,0.0024781972740328096,0.2835775537422051,5.237623210546447,0.13998899532327952,1.0902232633891107,0.03670282711229593,5.3956442105260365,2.1100827853494075,5.086798222552039,0.1706022231011329,0.008735535830161994,0.1692949291177282,0.00953765856167256,0.3734873406427765,0.771281303306876
424,1,0.002701521857140677,0.31660266337419324,5.197674099310224,0.16972776619224447,1.1194189182843177,0.04169339244231318,5.448240613549378,2.209999107181704,5.0578003331165435,0.17530094819293154,0.0059608086039586615,0.26098340196239683,0.01382326987035516,0.4329773949147102,0.8285983603213508
425,1,0.008487672827309892,0.2975547877492196,5.20928278266689,0.1746963880385474,1.1746664637652031,0.04837403269156457,5.423660310902469,2.3474934591812415,5.029577204743506,0.1126182609788292,0.05264207291639943,0.25414571096946803,0.032653391194350415,0.44934377285695976,0.8510371042369097
426,1,0.012103692787905301,0.21095570819958742,5.200305121648016,0.15135622741199378,1.051425458710094,0.06504251175211956,5.447745664585687,2.3600515662129555,5.010020039861789,0.10842520602853452,0.034049410186639185,0.31339501169826084,0.02780876102230603,0.47681460795130576,0.8662116103985497
427,1,0.01085584112031397,0.21568874920520703,5.182307951303384,0.15273036590296132,1.0748925720744154,0.06962697664667569,5.367726425689326,2.3497059993163365,5.061613244573618,0.044106794220814226,0.042939384397980854,0.245656038013745,0.013607726691143778,0.40320412691208213,0.8012367025504821
428,1,0.01743936145518008,0.200460498998336,5.168620069363774,0.11024853737243043,1.139783324334837,0.05330919581634291,5.340584374730822,2.3626855099322523,4.97582826134574,0.016812598964303763,0.028662989454537643,0.22449997981062242,0.014232053262797755,0.4182023167695725,0.7445390418175332
429,1,0.020719730053732722,0.12657710305753736,5.160805702616841,0.15496016567435134,1.1155010452923164,0.05972280751508673,5.239550935568097,2.356441625662055,5.017883970885117,0.025760749244079666,0.04078692479042668,0.21505255596715522,0.017896486752042397,0.3945136773243322,0.8506430189869354
430,1,0.014984571853555975,0.15138116092514725,5.1101874551133175,0.07733403054695742,1.0295185238978306,0.09451628300778356,5.333455250512793,2.2887114975680354,5.042494246201432,0.09598974394880509,0.024828039242721273,0.15172081645540048,0.06008392661847429,0.4867381614503419,0.8361856513271413
431,1,0.017878342182199348,0.1989060888910896,5.166886269386763,0.10206779605220632,1.114231286344795,0.08559576287308185,5.32067117002477,2.2673432026084006,5.015270598888791,0.010154932869004256,0.03243815566124112,0.17567909747445465,0.04726554898580785,0.5149060904976577,0.8372036163090055
432,1,0.013290174404109746,0.26763783518478385,5.205027363208465,0.120914097110654,1.0829316717105817,0.034633101979812286,5.337676967176749,2.2467751345864326,5.029387608331194,0.010920502901577644,0.025228282584468437,0.20415934428474353,0.013770800920012581,0.5869881344971901,0.8760539534849008
433,1,0.014256959430402467,0.22040283488498968,5.220087174199455,0.045553750712688086,1.0852532487443207,0.07451233823689987,5.326285791772331,2.217260037198005,5.053263078574044,0.03871699651156028,0.011359191826251855,0.1756617586752896,0.04799968745563032,0.6245481677011203,0.8674897276556002
434,1,0.018838416245243197,0.22855980006660592,5.203264975291072,0.08022409680475276,1.1261881286770645,0.09864891290108292,5.344491493158666,2.2537439768849965,4.999163510455498,0.10608341358075422,0.0005314300348193139,0.17198423939230012,0.0171723268048403,0.6710139914801158,0.9271121516350971
435,1,0.014308933253117242,0.1591165332312524,5.179652389052011,0.0372629437459894,1.12605028786107,0.02422585864629484,5.364354283386731,2.251523822848182,5.040371594196691,0.15744994515549166,0.0056779896179803505,0.1911627562740166,0.001201473749326582,0.6917904523659809,0.9046278656576445
436,1,0.014339068836382262,0.27051039851884434,5.185146159735577,0.07917187955493933,1.2103344845589934,0.02420759890970641,5.345970477315275,2.247041890938326,4.967648359724265,0.09281115853595855,0.028236216477081418,0.12754490763652904,0.01833899127853872,0.6857449196979659,0.848557646446397
437,1,0.00977696421473861,0.3300298343401839,5.192375885593877,0.14358923789364428,1.2230956647276598,0.010207162450839725,5.322301969363588,2.2368370889876585,4.959724715194458,0.12198848718314419,0.04082067151627433,0.12722731530931414,0.0022872507278740204,0.610329812000966,0.8772074673861527
438,1,0.014672262511809907,0.3015854383779143,5.077632487825571,0.16168336586802817,1.288304162443354,0.07231703381099266,5.337171789833012,2.2333083471952913,4.881967953885621,0.08812213492995447,0.009114553389913448,0.20959361218604738,0.033511635941513296,0.6218074591542792,0.8096501187229129
439,1,0.007483967588262991,0.3153890366713642,5.096445356169282,0.14533354868941856,1.2928319991778718,0.04335689425695761,5.254647238933689,2.228486813856345,4.87158162659016,0.1460802025663053,0.003993557585978759,0.19939609053874333,0.009430329491975116,0.5926707912381468,0.799262368375608
440,1,0.012017935411569586,0.2594461630851127,5.048630394652193,0.17192768211518963,1.243033229665042,0.08523946803526779,5.317499734538364,2.1941768427494432,4.89234525699747,0.28675692611330317,0.0394315585154604,0.18413820201322328,0.07853379954597163,0.670563602460861,0.7282807419896778
441,1,0.011841980148088894,0.2745982816981443,5.043631659963117,0.18685808914114302,1.1851337501677235,0.05844812966838975,5.320575429217398,2.224024599609628,4.847917076442816,0.3231976202846233,0.01700470171727458,0.17046838034330367,0.008866096576560166,0.7299228166303446,0.6619096576543332
442,1,0.009436659613634749,0.23756645416720465,5.031294633108264,0.12511997668081412,1.207765441004235,0.010783782675699813,5.305991094862673,2.31461527170531,4.847673364671956,0.3408473257537497,0.004054107717940793,0.2741477167368974,0.008425793286154176,0.8033506569493342,0.626480619688024
443,1,0.003654962736035967,0.2818217505464489,4.9659895866531,0.18063941104108303,1.2111264957953718,0.06641231403675077,5.33245015727433,2.336290316624492,4.897454882288403,0.30239083855351523,0.02779862930420132,0.2127298891135235,0.016489969003490278,0.7994560630239815,0.5529415171366452
444,1,0.007894804864961724,0.317694874906001,5.013096068548159,0.1374143530797723,1.2508542118178951,0.07459729984927657,5.277107560384389,2.3421323358843398,4.866169301429385,0.33403849701782184,0.028502726843277416,0.11859073534211381,0.05339190522631249,0.7977381687501401,0.481558205790193
445,1,0.0003948613893706008,0.39346120529608075,5.02058267599003,0.1532149784707415,1.2282666046405695,0.06746574165582085,5.26035509585296,2.432964783267664,4.890050766815086,0.3989591910700068,0.049499061713758445,0.031121999026058524,0.03895310794628379,0.8569385050341457,0.5017265200120553
446,1,0.010064446294676068,0.32854352535024584,5.084361859326293,0.1727743834731752,1.2255308463961432,0.08093470685063821,5.207397545514457,2.3525201091789723,4.875562853376147,0.4039302670026823,0.0029445450290150957,0.027742775135711217,0.03513137061079278,0.9339089604794276,0.533251051180402
447,1,0.006282923317354288,0.3866221441825626,5.0576001957243735,0.17622643268073807,1.1663705496189885,0.06205563255658785,5.1676902207094235,2.272841871310517,4.828748433479713,0.45502090944614054,0.003396007971738945,0.014852714347364057,0.027041102687986176,0.927463559104034,0.5545288407783917
448,1,0.0037602893603408487,0.3661697157166088,5.057023256326426,0.18316024722101015,1.1962391608274283,0.06008333731353413,5.262390522502114,2.2717732655660856,4.7802315643876305,0.4591519311462821,0.017450520249936995,0.03734069049661862,0.015215676423225844,0.9663613981534501,0.49002607201549203
449,1,0.012658170191923022,0.35591114662046297,5.106363913055177,0.19106964880840577,1.1604507806754267,0.05214280356381522,5.207548552044175,2.1522269943826244,4.753465731128067,0.44247960792904567,0.013648614184170167,0.03558357111013986,0.0035175236253835312,0.9457162911020995,0.5070371617756981
450,1,0.011286942880699232,0.4154000587739344,5.063287711463512,0.14908265530785567,1.1058847815768778,0.09607833365658194,5.17326831348016,2.1858848558241992,4.844894211454806,0.503845854766038,0.009851504996874575,0.05282795342161476,0.05674146073717318,0.9723148362758426,0.5185756599184972
451,1,0.0069195909233863775,0.45980573085146054,5.0378426836491235,0.07646617620424638,1.0491208063960542,0.05234930309488503,5.145070917470306,2.1912061032894155,4.830612018815145,0.5478908291636104,0.017945568911847926,0.024943542929492597,0.022369833028416455,0.9019518069675178,0.5407284964109496
452,1,0.007133885574390066,0.4381942965764559,5.025521693394664,0.1255909394134886,1.0734510298192508,0.08355085109101994,5.201248253461809,2.194597585252878,4.804143891297975,0.5363552580159688,0.016515687800943975,0.012567166152891001,0.02059825989621379,0.9309401939120845,0.5686258104944333
453,1,0.012431929440810624,0.3577016976061983,5.06869532938953,0.04946350589264917,1.0822212617435711,0.02307597690264836,5.2619470817483025,2.2565799731842926,4.800350995961339,0.5465292470359943,0.0037976232914951986,0.05633540479502491,0.01576901627354604,0.9327163507778183,0.6081013796600137
454,1,0.008700845107498204,0.44413104353734817,5.089369201334391,0.06390688958594508,1.1030145803300306,0.020523010791861557,5.18779374692274,2.2708491283493353,4.791583335592218,0.5885593636819318,0.005757562484284295,0.0008007837131097731,0.022848621470974936,0.8160713208692255,0.5721076338261489
455,1,0.0061460341181291895,0.4939866075432718,5.08645324103952,0.10971164294625249,1.126736594085181,0.069674009896296,5.272320450766459,2.2895581431386782,4.788329072948678,0.5968440554611928,0.026332647320548127,0.03444774811917834,0.021567218262860132,0.7957442886160054,0.5877127449237493
456,1,0.0016528619679804677,0.4645099780565837,5.1362386653441625,0.11484635470974595,1.1384114244903045,0.044322719487169863,5.335305619753793,2.290685201963172,4.83996434132107,0.5855807996328225,0.010989234379073927,0.00039428588330847007,0.029830956816110397,0.7761245707684954,0.6035556743103531
457,1,0.01621902768435736,0.4756993319085826,5.2346239907153205,0.1649907016488775,1.182955356355592,0.05742730298366214,5.426489144789952,2.2016392155031985,4.833101376093955,0.5897276042057086,0.03417402213466974,0.003945220447519371,0.07064600227793148,0.7176455035414585,0.6114836461072412
458,1,0.020087091902868625,0.40698465215751606,5.263511823595131,0.14834430916347224,1.2226990698522788,0.08968701788720447,5.5047297896209395,2.1570310216064765,4.844986128198237,0.5320597528631733,0.005239059507245278,0.06274173273854618,0.058286974980816676,0.7458394339592717,0.5647966264382617
459,1,0.016547260978587434,0.4267736179948632,5.304908083689604,0.10523180092702565,1.2682598854724685,0.0731815840866498,5.577294044068048,2.194981861885762,4.948659114381043,0.577923107151839,0.011580248692433237,0.10315804342248178,0.07227564457107477,0.7941736635142937,0.5844870987702246
460,1,0.013603718814316533,0.43656787523969465,5.318311495086405,0.07027372427944407,1.35711368844862,0.04684244393862013,5.60696122575607,2.1232906724628475,4.919932492175815,0.6208613602672493,0.005420088720995038,0.1590117895511738,0.038765718946082675,0.7191250091051756,0.6363939588429296
461,1,0.017210629581657252,0.48262129093971234,5.316764255390592,0.09594490130746787,1.2791034513662103,0.045484667309962305,5.550251315231553,2.182654614450257,4.850579402392555,0.6465750330384951,0.02365269870294282,0.17148931999327505,0.009367582022502237,0.7339213116917056,0.6882356457172468
462,1,0.01840041981631813,0.42564503527320613,5.376220568986925,0.13497834168670714,1.3090521620405966,0.05476940234489839,5.47756538604569,2.199841644197055,4.821746103127104,0.5704428112170774,0.023830166304038242,0.15829315345296646,0.05702957281010563,0.6363375725480125,0.7684653290569251
463,1,0.017573399002555435,0.40619849614783443,5.438745698955327,0.15411259757979237,1.3212393690726796,0.03859051189736261,5.5146903011710995,2.2503869120053293,4.852438388981574,0.4766767709126683,0.024496833816899103,0.18542448782724907,0.027069000769074848,0.6147214574299424,0.7799057587720988
464,1,0.014573422468368204,0.4419085296180772,5.3750475585225725,0.17729543576516155,1.2580246395572405,0.06968637594193562,5.472503245628311,2.2171442640731978,4.912370451751787,0.40255390416574743,0.022678445188480115,0.12122807279096516,0.03230548205539349,0.5884364754509637,0.7603332245254563
465,1,0.01786012218810227,0.46972532060561023,5.34315291043388,0.16233652498044457,1.1595543594002824,0.06004380512611134,5.50846301979071,2.195666667016101,4.921479003747684,0.35828447459820134,0.03334102009533444,0.2174640519191244,0.02023552492098904,0.5794857113213195,0.6545282661329013
466,1,0.0017073134800587979,0.49083640342474594,5.268726399521132,0.11312017015363503,1.1347101141789158,0.046537545925521305,5.4877212144383805,2.196743001193506,4.937601677599077,0.33440640455170406,0.006896758793181851,0.19550198599231605,0.007180707710394981,0.5340205994958926,0.6391347045004311
467,1,0.005033744744935084,0.48804273339430987,5.239328434223323,0.1905270018863027,1.1227492540672714,0.017027354441089406,5.492505797975964,2.2261385616348237,4.904903607065271,0.3949661001110975,0.04701063313171884,0.15530915507823786,0.013822266229870987,0.5384959468327251,0.7499640375939616
468,1,0.010619592521943654,0.4467055803973153,5.248867966514281,0.14152796741219792,1.1103247548567756,0.07523195721693762,5.468906707686709,2.2772098222767614,4.869062691034998,0.41264471593159774,0.03519512887641084,0.22258797009088488,0.02958292802224167,0.5273951275580041,0.6736222450742336
469,1,0.019244891228139844,0.3609254901664094,5.262298080423966,0.12678351760910578,1.177583031383446,0.05923404078090094,5.432362470437765,2.312796599851226,4.872355284947953,0.5164492240846541,0.02109199635313529,0.2505627560683873,0.051222374348385113,0.49552766132880544,0.6843341654274084
470,1,0.013641316121542554,0.4475216165612808,5.288485035488124,0.12825801284945848,1.1470376450175568,0.052776701602286695,5.395417442822813,2.214058192268562,4.797228773759718,0.5045500954078457,0.009101697003032948,0.30777314625178454,0.033987801378923654,0.5227302027574668,0.5952719483849622
471,1,0.01726431337720068,0.48438529068473,5.238530272494439,0.1805627176437373,1.0682333690303354,0.03706992961416772,5.372455001654514,2.1849019974092947,4.804415713894875,0.5499174354016451,0.014987033725249243,0.2874084033222446,0.0181761873725473,0.5065195204357771,0.5726162226226936
472,1,0.013534809243039883,0.49939133016575504,5.262889541095783,0.1612583482834461,1.0376353362317383,0.0763542392846016,5.335166559423472,2.1578199522642807,4.827374084261023,0.5296318593116777,0.009460197477734371,0.3420277282296225,0.05149460319006868,0.5523761662935047,0.522977799617886
473,1,0.01221212857633595,0.4467032257127607,5.254910280821405,0.12195766635038155,1.0321229704468926,0.08213475218955579,5.365998616550053,2.1883706113554453,4.868333649760114,0.5172850154086222,0.03218442434238559,0.35080573233294743,0.07117835937332279,0.6305884657782456,0.5318681703214444
474,1,0.0007369459543139182,0.46674118350925325,5.222108036587772,0.1143954612067261,1.1219592035899055,0.024889829750638623,5.340575685262247,2.1977046078859526,4.907876462079521,0.4240355445736166,0.01936948390442903,0.3539355238961515,0.018212601945562942,0.6781986438873169,0.5495523343459319
475,1,0.007334188782729335,0.3722934531170684,5.207997348771478,0.1149498181257384,1.1087794906660655,0.05854731521644999,5.404785199618168,2.157597442793981,4.91507132942386,0.3579857835627172,0.017523117725543536,0.38179483270793857,0.03646889499090666,0.6522511677334119,0.5861116506666971
476,1,0.011331479735349106,0.3759403366829237,5.374888578401182,0.10627025749774191,1.0835035246093523,0.08572874530591458,5.335425545153875,2.0705519497441474,4.981366401270868,0.36686412359939397,0.021659537086588306,0.34126804175309694,0.06168943682372881,0.6416868340690399,0.5961369264753295
477,1,0.01611550866770372,0.29709263462773716,5.3434921809756455,0.04914540183730488,1.0416616934488516,0.09814772458525199,5.3407415619914955,2.10041076861979,5.006560506688785,0.33969559352254675,0.0020964881450682375,0.28165900284890766,0.04165526787398134,0.6726296258109267,0.5642113382739012
478,1,0.01916539491388843,0.2847898754439048,5.245862009028154,0.06385180892966168,1.0299693644816834,0.08246056905426433,5.3856849642159705,2.104102065297866,4.992684681039926,0.4004657267333161,0.0075514365366230836,0.3153934735696384,0.02978370267248133,0.6400060254906814,0.5783800186096922
479,1,0.019506554666253118,0.2280369876718542,5.217701931212252,0.09185843991448353,1.1309722153765824,0.06241604148887009,5.430774607180518,2.1096531834309595,4.951238070314832,0.4041119983822409,0.006992595590207859,0.19747203286108642,0.01851965552934322,0.6597106329890919,0.6563741391269333
480,1,0.0121132167516508,0.28512125204757144,5.215995448731415,0.13454173301132968,1.0687032254700604,0.05972586382260275,5.474057411121442,2.1638841288639172,4.985721029044126,0.37300215354661653,0.005524569885258935,0.15591002177966173,0.049589515153763,0.7310640173499353,0.6668432553556259
481,1,0.01377278818219467,0.3381092513856268,5.244219014410935,0.1633060033884627,1.0987670464733705,0.059868847957274714,5.470086883838097,2.180291632075824,5.016396578081456,0.25396250569948753,0.01146244140632524,0.10385873979528748,0.03970929192694194,0.6982779699737286,0.6132418397255393
482,1,0.008798080687033912,0.29202813672385025,5.2789448283089495,0.1778024772121551,1.1707642662566524,0.0461852480939918,5.424228434501173,2.2118525134504905,5.0284265899954335,0.2207650101196953,0.030813960695747728,0.1373731309984099,0.027194737653036972,0.6801431352668257,0.6411927248465522
483,1,0.016360460055902287,0.38527765829889205,5.307103162209147,0.17318921380825777,1.1385453588044756,0.05196890161275797,5.376759441409214,2.235661195824448,4.9552327636786,0.3492772185032174,0.010854259081620087,0.2007195067450715,0.029181414731554358,0.8126860016212434,0.6870718187014956
484,1,0.01494422227376892,0.4250297333860955,5.268431960728224,0.14183630731712057,1.1583580394271318,0.06956047813559771,5.407397882040161,2.1940181642759375,4.972669126275066,0.3812450555587226,0.019532680550638663,0.21636654312019415,0.04081073816302603,0.8690452951093153,0.6936945745898284
485,1,0.013411320312015694,0.4659662673489842,5.245020595202547,0.09451208498930747,1.1090252549493302,0.07814966923070352,5.426366991097024,2.2344742461851923,4.946133550122515,0.4127738477210563,0.020065117938792006,0.18235607513797442,0.05861209923811404,0.8589648661146082,0.7014593170018566
486,1,0.012798901977489624,0.44168113033841433,5.307364931500522,0.09806743446043444,1.0955131871807375,0.029820226606380403,5.428773460863586,2.2740843419915397,4.962851564675457,0.436080078688154,0.028836578156398916,0.16295339836372125,0.03468958224607151,0.8351097676882514,0.680659667235967
487,1,0.0006049427413760748,0.4531443137509782,5.2145954137053385,0.1697089664145233,1.0617091237032708,0.09117964009692825,5.427884737905403,2.2798533060876163,5.055642370022472,0.4507651175256271,0.045152563854069364,0.16494278486605535,0.05957790522111955,0.8425305808168421,0.6529159650041586
488,1,0.001427968994765821,0.48787630366934825,5.163888474416502,0.11471909847861032,1.1486038102567933,0.09330474327880982,5.434553638684548,2.2528114603723868,5.051944029647454,0.47269030628646314,0.04365379372518557,0.1790558787820744,0.03562557954892095,0.7667197130571964,0.6430691295426123
489,1,0.0015180846869977344,0.477948545245892,5.170379850801139,0.1710355269935511,1.1287413669131934,0.09112703898096937,5.478396820659563,2.312052538463083,4.992999242667656,0.4432724338916893,0.005018372456546729,0.1961983935307618,0.041999415409392074,0.7448177435172242,0.6389558776619636
490,1,0.005089492381710489,0.49369011416360853,5.129010007238311,0.04974291048477573,1.2042197781584938,0.08431933466385017,5.449679590696742,2.2838590477558403,4.963607330413145,0.42452031520861216,0.0037661054536147296,0.18869782443534724,0.03019067086348462,0.7652020656346967,0.6696625705600882
491,1,0.007921496630741778,0.49659620549829253,5.148728476178751,0.0440714021774107,1.2500054294840337,0.044084156072513606,5.369430613741959,2.3341063917626763,4.815174108452473,0.3731533326367793,0.011023396077094405,0.1302457502276647,0.009693557890148715,0.8121634408172946,0.6637784572870088
492,1,0.005546402400025535,0.46244520134260503,5.1377544103584585,0.09289167623276239,1.3329607119219178,0.04222824966561966,5.400833663495214,2.3388365036568834,4.825507901326292,0.4536373471883273,0.003301746178355913,0.14828672062590909,0.02736932510835368,0.8124530967241417,0.6290441632798779
493,1,0.007359689880187779,0.4329063581795689,5.089105689321305,0.06715538401992074,1.31398865447719,0.05927077422366077,5.411445994627064,2.3743528458886827,4.806595722655873,0.42963915880841036,0.008843256792625265,0.20443745551332543,0.05052670053303698,0.8346709181222169,0.6656426285460337
494,1,0.013066365398193539,0.3542838823076388,5.08616970038211,0.07462369692924965,1.3164412642667964,0.04112903232748414,5.266400163124745,2.365486184230953,4.800540175710579,0.34068645219978644,0.01753196230030982,0.2366680747520767,0.0005131503861074388,0.8130540485214304,0.7739007241217881
495,1,0.017717301471938837,0.2886436927422785,5.18600202010116,0.1336081995851509,1.2576922942700584,0.022052801705960162,5.203692983120952,2.363405471711497,4.900462772792659,0.33586199872802125,0.0003030082801153769,0.28228434244052164,0.014697755279909961,0.814723611234269,0.7945967747571763
496,1,0.02085764856246062,0.27146870192272865,5.17352906164403,0.19725027654369665,1.2666270282789336,0.08272134816213103,5.088711755169692,2.4064441457051844,4.858076551262723,0.3402993925743997,0.010599644026262064,0.28981214750036477,0.08437187441121799,0.735734298658963,0.7990720064723086
497,1,0.01746567039300325,0.2359679670676885,5.10752026525986,0.1970020164031124,1.2433715212863876,0.07270292194663652,5.053491179032093,2.4383920421321568,4.908635992413092,0.31401328996479794,0.016224036325407983,0.22468611692960364,0.03966568766565196,0.7710733828100114,0.7940385208781537
498,1,0.016508484374257677,0.2944653257615402,5.200760294579382,0.16211521425416286,1.2800738739741153,0.06790297041022919,5.049817679527948,2.479278582675195,4.898316610211553,0.3856130783793898,0.0067892430621377085,0.22600514355637516,0.011771125507939222,0.8305716018396876,0.7818514651556832
499,1,0.015242671291199099,0.3734045043312103,5.134967033290074,0.09798124832671767,1.2329276735671872,0.08303606058512508,5.075888501298884,2.597446421103425,4.833992195520897,0.35244765878774154,0.0076074394408632605,0.2700145672782672,0.008908880250087818,0.8730729091455621,0.7356242039842379
500,1,0.0050631581283487005,0.3908201455922771,5.1660132793558455,0.06007942551316998,1.253525517678801,0.025190494250193693,5.079414028958432,2.667598852266018,4.836786336121362,0.37205550652351266,0.0087697429777263,0.1776388947215362,0.016818528070211676,0.91201975823141,0.6817424958497837
501,1,0.009735472116163107,0.3334803933033063,5.193833541739569,0.09519521105444727,1.352699580112934,0.07877854771663592,5.109527850712613,2.625088188434461,4.8607866688081,0.3942390469442767,0.0031682808549985475,0.2318827268599318,0.03436559739884798,0.8657471657820415,0.6188221781915227
502,1,0.005777910803054487,0.36538512136947854,5.184913108881473,0.11034968632286128,1.2833590736843692,0.01611623520768184,5.152879819386647,2.6614942950275426,4.873425177116927,0.38419802148386484,0.02241946114437216,0.2754961523906467,0.0005846235630617406,0.9488040038602749,0.6246274510821537
503,1,0.015701467226366818,0.31149489126551555,5.150686714299978,0.13802552128217238,1.2718919643450992,0.02335476975813976,5.178087870972576,2.6270318012687652,4.894945580217327,0.3775172919420908,0.03018028957595725,0.21100833346525097,0.028727427036104636,0.9454331625014278,0.6554979991282961
504,1,0.007732256067131504,0.2968521067361185,5.199587218931826,0.06048185314090335,1.2321497672028596,0.018775961607929256,5.174594074410613,2.6799702207307785,4.9611006329855,0.3720605791229564,0.003043735092503808,0.20180544584013957,0.00569239434505924,0.8925319826757847,0.6946586604886804
505,1,0.013448059896291468,0.25724794323389777,5.160670426436658,0.12433520432824198,1.2669350844679699,0.04978793524460217,5.199362415001974,2.7299314194444984,4.981046758247388,0.34971069901897633,0.019865932165658684,0.17559781013470857,0.0362692516914286,0.8933273547108893,0.7263189141023743
506,1,0.0004883396157960882,0.26378123282008015,5.152602250674076,0.1726419394603692,1.257874792498785,0.04751966860005007,5.103489713473203,2.6607092749497037,5.093081138405742,0.3292447799912414,0.03443905597659639,0.11610787349613783,0.047571041606607516,0.8245679386295655,0.7746287131560944
507,1,0.008474207114148646,0.3007860422443592,5.227428526515142,0.14229585368295805,1.281832315247767,0.04192728568534077,5.110075905271568,2.606442681275746,5.088011623167346,0.37894621922121324,0.03248396253161015,0.09541509134100903,0.03919466523713893,0.8291030072150269,0.8256713193025313
508,1,0.0002496012314651903,0.3521385046111458,5.20474216229918,0.18459865192134714,1.318856683170316,0.032542553880657535,5.142436470265053,2.6328085138631816,5.06205049381786,0.42302589787445866,0.042918554513686445,0.07438129539529602,0.02349419015161672,0.8717097507528087,0.7843026843758895
509,1,0.0002720360478965361,0.41066534335299565,5.212760059240935,0.19433697036293868,1.3032853447394168,0.02375694615007885,5.127027974941071,2.6977928090997088,5.026447864235187,0.35177735914943825,0.0315968210439295,0.12402686056677296,0.01599809777292241,0.9065981378894699,0.8304542659110474
510,1,0.003682859012833843,0.4584328038304313,5.1713892350750434,0.19876913071699964,1.310441934835961,0.047209650038235115,5.0403138439858415,2.7916892078358475,4.986224731041929,0.3458457181002683,0.06638148232965682,0.18538524919207072,0.04822100977557774,0.8899170023631001,0.8660088233755227
511,1,0.0028597117263609076,0.454304750189487,5.125637565694617,0.17464984223344182,1.3902756502565654,0.05801997319560946,5.117277460317812,2.7216215138681696,4.937859554277479,0.4646543208684807,0.027930536063400277,0.26752424412922915,0.02947913214044026,0.9150462489074788,0.8384640331193682
512,1,0.0010344528694835457,0.44596879836237646,5.060252548513183,0.19215530854087012,1.3757485586984193,0.0808809636434004,5.077561103140491,2.6620810996467346,4.928503372257183,0.5027662149675992,0.01563659259917499,0.2617580447021782,0.015606656963676855,0.9252382599356763,0.7734603917478805
513,1,0.0017949075667278154,0.4417344631382715,5.087426571744601,0.06603552468851111,1.4108464128967342,0.08683280825682883,5.068863681427421,2.682925910296469,4.97437367025916,0.5476491790802844,0.013964069458659358,0.2997477942861832,0.025778257971130585,0.8984520714398726,0.7551601483132511
514,1,0.0006623891178015219,0.45092879629632265,5.086238539781147,0.0621557753851885,1.4008592116705105,0.09385965804490598,5.022168582840993,2.6935861218857395,4.9441498925134,0.49895172800308457,0.017046902369921287,0.31972655092278046,0.05962974677390721,0.9194497807609173,0.7378723782998362
515,1,0.0021007107014415992,0.40806871059780464,5.081832410242778,0.06529431256452846,1.3327049818976475,0.036652608336317824,5.035725998295881,2.692862958654342,4.935789560271897,0.44558521063564605,0.005583496245423358,0.3439003258071515,0.04101490960634106,0.9512290177207285,0.8275546763399505
516,1,0.005139336764922906,0.35609827169326513,5.098911498911815,0.04009131531213533,1.3674458532477052,0.051836730762184216,4.978666082112962,2.6554206757768695,4.934126052745857,0.44273152250231684,0.006447211432912083,0.385677634829634,0.044643838764323734,0.9731974040206794,0.8376340900600807
517,1,0.0074540411855728034,0.3029829872881244,5.085085426399007,0.03885983645975408,1.4566129944014856,0.08678253032856667,4.8480232180823455,2.7111894162739345,4.968340169244403,0.38438244144180794,0.009513274382013241,0.39416407369574935,0.012855295326743331,0.989589888217999,0.939411788518322
518,1,0.012789005506247866,0.26058578365833773,5.016910095624263,0.09657061456581419,1.437141218924141,0.035814080681468644,4.8510385471464135,2.6784517855399814,4.859361356976958,0.3830242567563726,0.019853345198353245,0.4262128706262187,0.015627384701291762,0.9861637469384967,0.8996171506091765
519,1,0.0022906191393580093,0.30566654327810927,5.000229132091323,0.12788361250107316,1.4283372271154284,0.049872038937948227,4.903978834694961,2.7124349663065814,4.896689304872786,0.36113892498646477,0.020699475796764226,0.4651155414146867,0.04560680370019449,1.0626888154124723,0.9070122703831175
520,1,0.002955092127916964,0.3465963593512287,5.000241590399101,0.15665104532635002,1.467268377146067,0.08407615160666626,4.932606606464464,2.7573783745957474,4.892132405371337,0.31899135662136446,0.02433237065346703,0.4762419595184116,0.03880043589207982,1.0153310125248403,0.8732753388717729
521,1,0.006297894225000914,0.32786478057942126,4.9803236313636505,0.1563512350165335,1.4090358772344878,0.08375754345313823,4.969605372193287,2.8655757008156097,4.859388339518456,0.3103515001956308,0.0004046259668145869,0.42795159384677334,0.04162499557051281,0.9605314270798583,0.9572959161318064
522,1,0.011377962486434714,0.29642292591686153,4.975333351509196,0.17756366437182677,1.4242730305853741,0.0923480423765289,4.985490982184726,2.9363375066642483,4.85066458475786,0.3884186466579865,0.046156755556994715,0.4273442551153403,0.06438161882608176,0.9613220707782061,0.955595429234022
523,1,0.010130793478069626,0.2266919900554391,4.981678743614067,0.18191598961459002,1.3687306810122475,0.08810438729410452,4.897740939512823,2.9786475896492974,4.891478586404282,0.38137011211834615,0.03150173805401777,0.3579141674210184,0.09463377103876001,1.0239733198852015,0.8766969536801367
524,1,0.007641935013166668,0.25284094368214804,4.937671484739077,0.1405087183794429,1.4545864001339655,0.08810196928615821,4.920886197617581,2.9807781810904195,4.878622015056556,0.3879443644039807,0.004328452484306821,0.3464897941986466,0.05319628201009734,1.137037153556479,0.7921447196025161
525,1,0.006795051711605828,0.29107626937811726,4.987023032992438,0.17426755803054395,1.5021325946865969,0.09903836792676657,5.036741872837211,2.9427394814641783,4.916046041061231,0.4179944105702999,0.04676413812175071,0.34308109529910696,0.09566100508061565,1.0899668238697702,0.7773344936449512
526,1,0.0022146777886608918,0.3197036560195132,5.013293259690164,0.08479087850970492,1.490410709960317,0.09894505436043016,5.041965200944171,2.9120026360269913,4.928430750458427,0.41671157947045673,0.003982403341527695,0.34681688165589264,0.06649306371776396,1.116561288366017,0.7310263671786094
527,1,0.0009064127730061297,0.32323196456420866,5.02834743112418,0.05842643810941117,1.566947257394912,0.06096108263869936,5.096119000679056,2.7818693852694496,4.945900468962207,0.31516002254970094,0.010646258793664175,0.24616921131104702,0.00940203160386927,1.157185335325489,0.7091697641251866
528,1,0.00881686526937574,0.22265954611464953,5.0498978206314264,0.10011025279734546,1.6145622977525307,0.07556150800623246,5.112496135496519,2.744466950722124,4.948766747857904,0.36445707823149065,0.01762684066943878,0.2516446228529003,0.05033984810099606,1.1428982754889045,0.7069493905378643
529,1,0.0010330619187078882,0.2170624410116544,5.114075033785764,0.14428858238707776,1.5433934642481508,0.08130021737172753,5.00152018258463,2.710174490429509,5.034878501717246,0.39774964988231987,0.005811935359715222,0.1945521565344618,0.014171000034018885,1.203206820091089,0.5856566969445344
530,1,0.01914409276263612,0.16939896067603283,5.140074437389304,0.1609755123625626,1.5383360155601247,0.052486673419196654,5.0849415114729934,2.6274390548661355,4.9656193597638865,0.44312503462038166,0.005370871852449104,0.23429678442170937,0.045699776487572584,1.2713419057403292,0.5560926505372084
531,1,0.016537071619752524,0.1497225407567444,5.141111870126317,0.18618990634274707,1.5599600991018843,0.05008411714929177,5.047355632206071,2.610891866703128,4.974233632707865,0.4738070357446427,0.002491228065047299,0.19491517838781736,3.862005781385565e-5,1.253939538861255,0.5790074464567417
532,1,0.020236921565574856,0.23158620144883135,5.2146355598104055,0.12475227451649624,1.5367250618501622,0.055892519354355574,5.041234088308786,2.633403541505472,4.998952585734219,0.4427574718038582,0.028230948287785034,0.13227277092809278,0.01197137027879554,1.1993056321676638,0.598886513554581
533,1,0.016752024290745675,0.2683370250788438,5.231879682991855,0.17127418661473146,1.5338396162592611,0.09005297934493468,5.036060786721635,2.6374164175903085,5.015057846292378,0.4240538837405578,0.02791801954922582,0.09226309175297415,0.042102120941538694,1.1853433473124086,0.6059581868922665
534,1,0.016245733190795742,0.3161249074442006,5.248550125795017,0.15188638182187988,1.4996767357642924,0.07103890340790874,4.963298261016776,2.67540679027996,4.995271139386414,0.3964631004326414,0.0331042153062062,0.03137018833653301,0.06267679705442801,1.2086983757379683,0.5565842727100855
535,1,0.014856637551763684,0.20873070191003382,5.227230580741244,0.08759374364998856,1.4123065147775966,0.08246098777939932,5.025227925642161,2.6715804822405054,5.116653652174576,0.3975621223925342,0.0022953573782335643,0.056709413478908524,0.033689065356580755,1.1642866864202244,0.5082431106134158
536,1,0.012623811534448477,0.1977720916000487,5.2524084319371624,0.0843837274713358,1.4258367271213763,0.054279068040125326,5.024544830280847,2.6158744724511713,5.093079334439128,0.36872147447312986,0.01465343302246269,0.06567178495326147,0.041752454592183304,1.1440328230032186,0.5802741301863976
537,1,0.009338889853582194,0.21255307278122834,5.238719967433914,0.1509726367985919,1.4619288358976477,0.032819640144005714,5.000159458773556,2.5660517696896687,5.0766140812389855,0.2676222502316326,0.026801844088770115,0.12144995889584011,0.02560497797207862,1.0450288755931114,0.5427628684044851
538,1,0.008304378525921878,0.23978828830981347,5.286191897216133,0.16132129503433587,1.4395487216655694,0.04220486678720036,4.950892450406528,2.6194129693165418,5.145846799733051,0.2519168758164902,0.038995602257728856,0.06640376651736177,0.01488881074506232,1.011844937349134,0.535261903147434
539,1,0.007351197241838938,0.3065291184873152,5.347957851828337,0.13137662743489206,1.494632532988613,0.056852107502651336,4.94906880249489,2.6629634903069666,5.096542193309063,0.2600000883698419,0.014773548801809576,0.056932211354621974,0.04073731859018954,0.9453819229753825,0.5675238248844149
540,1,0.005102474003839883,0.34795818721949817,5.366441599047325,0.13455494742476598,1.4356316209870825,0.07586415261706882,4.999737932007354,2.6278807649586025,5.06518554341791,0.24110409194593643,0.007090793726380541,0.08068076818633149,0.04005086131776216,0.987244928779578,0.5735831178166009
541,1,0.007703150618903972,0.33635817856547245,5.3705716797447955,0.1154872561543374,1.494330068474292,0.004666997306011444,4.985104898355522,2.5342098481240374,5.075775777231923,0.20390441871193696,0.0023296980997549632,0.005550613066760758,0.004355369780784996,1.0113074690392,0.6220460685973855
542,1,0.01754184258027021,0.31700724190970764,5.442482696840969,0.11083542052524022,1.4846196865149945,0.04822604285376434,5.019263108489719,2.489048536246233,5.099616245373255,0.20035818369794536,0.0057107857179817196,0.01734911042860467,0.028678838039467476,1.0818245850368375,0.6180631361147113
543,1,0.014230209444296808,0.29671364599174244,5.4538952244284715,0.13423803060427758,1.5757504521100723,0.041510739010785426,5.092714257007019,2.477573954901528,5.118570465192738,0.12164096883473521,0.018315155456208383,0.013455961617327258,0.0036867227508474596,1.108187256219847,0.6178609922844202
544,1,0.010010716006959384,0.3176848590115872,5.355117708756227,0.14776923135457617,1.6630349349987423,0.04297947266385175,5.081043380858889,2.5410984726281267,5.110526503862434,0.036460484917158524,0.0019330838371643098,0.024658767186385804,0.015228152929741908,1.1066170698898312,0.5891014540921523
545,1,0.0006122430163215539,0.33196715871455645,5.263271070230317,0.1352188876926372,1.576553719209664,0.04971146183905296,5.094632858256782,2.5832531036498447,5.0655721187669585,0.06696714253633532,0.02815218489668195,0.06040750584355293,0.01878479365829278,1.1566746534124093,0.538393466650918
546,1,0.005242986919261527,0.31052860909137187,5.288471521917867,0.16885343608177966,1.5707388299251808,0.03277251862675374,5.167071760828876,2.548720829888825,5.019311571715697,0.0658305070040767,0.0116008300849755,0.04078963157538013,0.01054675999814851,1.1628116658338208,0.5096946718388509
547,1,0.01712628021922153,0.29842715120060526,5.338933471889621,0.14543724194336252,1.4252688281946269,0.08313802242204384,5.257931759149683,2.5076979742251395,4.987926668097606,0.09606596180299957,0.011972689693798524,0.09645188973943916,0.05146619111397911,1.1995771944836264,0.5768524581873543
548,1,0.015785691831101557,0.26285937237053547,5.414498522459835,0.1513192567088241,1.4155054423858053,0.07861377006404716,5.206899810820518,2.526426209637702,5.003256113773463,0.05812772531825129,0.018072876991707384,0.07038390816864272,0.010582264416933536,1.2105462228014474,0.5932642255446477
549,1,0.019380224443475196,0.22763045123741002,5.27640009837337,0.1367598996367925,1.4538272814980935,0.025020954055730817,5.223694033545378,2.5240691924528704,4.9984428163130845,0.003920537973617788,0.021701322036586,0.12187572443380079,0.010283572866026302,1.1083331662626092,0.654274978898255
550,1,0.014996914293392989,0.24581962249567368,5.287267222638566,0.19499796460609178,1.4516343281152981,0.04277253013966975,5.215962401513457,2.50457985925466,5.044144806629187,0.06119225943717687,0.03577083836542301,0.1845146976598619,0.005267062833235624,1.1432154959916183,0.686125565548118
551,1,0.007365191907386761,0.29975691856029474,5.2653852799980605,0.17443067817918573,1.5483119436683337,0.05815359156763492,5.149731062781921,2.535957652588613,5.006412959932951,0.008401329968600225,0.0070361474449759384,0.1454545873814614,0.005352354937179309,1.1052325301036092,0.7498338579307117
552,1,0.009723809148162111,0.27214077859048397,5.294379361797841,0.12449706492436456,1.5465306090395243,0.05076856825853591,5.173631435166246,2.4836598335052353,5.048674361376014,0.001445662873544202,0.0005295210577318235,0.17317273618111184,0.033955417785106294,1.0953480376063904,0.7798793685639618
553,1,0.017895200263341165,0.27443290348277594,5.27871576124191,0.1648996498440686,1.5749613353128245,0.03568489721938464,5.173359439473914,2.4763217754834157,4.955612981268085,0.024649485146211375,0.04160807806382661,0.28046321322484913,0.020956473116490456,1.18010474227209,0.8012245163624052
554,1,0.020564123876787695,0.2809083448917193,5.193795914115282,0.1526113465392003,1.5754685691044794,0.09004555223892774,5.144009951151969,2.520830092161155,4.91327502861369,0.07221062767998122,0.012886743170572373,0.26957802157134075,0.03016317598056828,1.2417172727663417,0.7401214685471511
555,1,0.020497695895587243,0.25729066250155713,5.207708667900386,0.185766944264815,1.5034745985424816,0.09536899970058191,5.087084540265735,2.635203066212482,4.91384644048436,0.09256327957976522,0.006970574648816856,0.22993343805167862,0.06728518703711386,1.2395951840774666,0.7362758256081624
556,1,0.018040715344165948,0.2652734278257766,5.230678806010087,0.16978313159385502,1.4544763147992494,0.08728858850872313,5.0263699134874305,2.570315227895205,5.019730841704084,0.06747893420962209,0.025083355531426512,0.25544108668243964,0.07429381004254383,1.2659406305956729,0.7355636497922593
557,1,0.018360243415040663,0.22167979157165382,5.270439686075101,0.16569137606227624,1.5138614767884782,0.075749152296361,5.026339811616463,2.628415730414243,5.01493069634161,0.12130927791945817,0.03264678410367717,0.25416739986268244,0.07448236728302343,1.2685129124596892,0.7101013694806617
558,1,0.018558504021727356,0.2625004857243774,5.359198400858188,0.18014689216404103,1.5204307832385089,0.0650682653298693,4.980769858447929,2.75174129509813,5.081920829187846,0.12129025017613274,0.022538647103226606,0.20443750725256601,0.07939728025408013,1.233064222692158,0.7668460344995799
559,1,0.01667848838662074,0.3119461435197641,5.37519149659487,0.13046030503868775,1.4823232702864717,0.06005580883930166,4.973219431711377,2.655793677837711,5.109965649976567,0.1658890267225072,0.021431302563279457,0.2350075203812098,0.07036994530735984,1.255542112873485,0.7758674478847302
560,1,0.01026895407257585,0.38311881455906827,5.428917423810427,0.16415309307808726,1.4670185076186442,0.015502161985967862,4.966321681144305,2.678163371528687,5.1872129766004615,0.15777539928900974,0.025522077381274634,0.2884600974068984,0.0026525769485095485,1.2374230075294343,0.7980378897959232
561,1,0.00934478565693579,0.3666064500699338,5.433729355532305,0.1786478651837665,1.475326684821892,0.02325306021727329,5.023046239827171,2.8151541372546967,5.147974833541413,0.181134402058052,0.037944337802529406,0.35115382341011125,0.0014252458135698065,1.2602840661298063,0.8001808989510628
562,1,0.007352099527387489,0.39751520509355454,5.4536547562431705,0.1421256605037029,1.5424155934386725,0.057386001622235366,5.08324057612165,2.831557961900443,5.163656016268372,0.12773614654154622,0.02668580907790286,0.4120589340596581,0.00765889068054901,1.266219551761776,0.7531088586884637
563,1,0.008299618155281489,0.40056909246936984,5.380943689649255,0.105420672963265,1.5701178716410729,0.03826339185722071,5.0831199573417045,2.7749992917012554,5.1276642881941905,0.13043738618434983,0.010213895496453901,0.3537953799171623,0.023067162784966396,1.1853613956660225,0.7935280576814134
564,1,0.006108941187376941,0.4514590963862941,5.414114998094315,0.16192696993747144,1.5873918221464238,0.03999467190710312,5.108223012096226,2.724706988378759,5.10489525864209,0.12261621140822689,0.022022872748840353,0.37693077951150605,0.025435862251284268,1.2357105135179947,0.7479014974346616
565,1,0.011684070998762742,0.484037921300642,5.388829654633153,0.18368073035874763,1.5981525966980725,0.09362124036269288,5.104517830032169,2.7160987242097545,5.0965274159091,0.16657321820274135,0.01907588454053006,0.33731582051511416,0.0728880035325752,1.2425362218074805,0.7897258056135517
566,1,0.012514061257336942,0.48675006631444384,5.412554138000576,0.19858860448833007,1.6821924985461425,0.08817743278300631,5.091255028535267,2.765092370788333,5.043085481004932,0.1844814476769228,0.02922341423356584,0.3281579549559334,0.019577598145684005,1.2052141759327826,0.7374756552760979
567,1,0.013620719130224874,0.4165565375610519,5.406133021460102,0.1981247520263312,1.6753723753826337,0.012126836454603489,5.185003900145386,2.7750143755872556,4.96162811438167,0.16253928021115743,0.005274024203131025,0.2772673870124621,0.004034390641813261,1.3089973404022484,0.7875970019798152
568,1,0.01967070206115888,0.40864773617716893,5.448305921645146,0.19669032238336695,1.660401483488521,0.08383894790664638,5.156382356017777,2.6716238959506673,4.94289682862765,0.06804721068132663,0.033800967379021565,0.1690062652937726,0.016381506885550786,1.3224829694371636,0.790449321318039
569,1,0.019783536144396926,0.42982755525861993,5.436316448076154,0.10696861411769071,1.623483418613936,0.09689315205135104,5.1969488029201605,2.606536720952989,4.980819242877436,0.13763687604723265,0.005720198290000707,0.146735442978695,0.06716887282038438,1.37532134270451,0.6498868046922315
570,1,0.015686587347114287,0.42146304878485713,5.466495982868704,0.06034179973097485,1.6915827955826783,0.07981842496111978,5.223346363898972,2.6309619706533205,4.998648154096322,0.12493062338456014,0.009202911209729612,0.10253764213185607,0.052212561033777964,1.4243784668614177,0.7428972808500662
571,1,0.020658639591937922,0.42621910922746375,5.490109821547565,0.04619975873056919,1.7523525711651458,0.08581954612976864,5.220709010898591,2.5968129023694058,5.072044641536805,0.09292614457378004,0.007218257698619327,0.19310436902291744,0.06573024569631775,1.3218304844034687,0.8603486611133069
572,1,0.01832071687553466,0.454460589220159,5.548649495873349,0.10751372859991987,1.7956274333408149,0.09329054309049446,5.325420344545502,2.6412819917283827,5.0238700025771825,0.10398957773964473,0.01211742621894052,0.13331047232364862,0.047657559874627,1.3732417587332109,0.8269647889389159
573,1,0.008544346915015617,0.46005677928920335,5.568955149796194,0.07613955635912383,1.8260871929690534,0.0723847365278308,5.321749879225374,2.6703383611593607,5.126184569909578,0.08402727309516238,0.010664299138563734,0.1375815118240689,0.02688649252377463,1.360582135087524,0.787155740527915
574,1,0.018798702589475327,0.4947633841884601,5.64185891965114,0.13360375051420254,1.7480640950188484,0.07888416871003945,5.34907979977886,2.7141703861013737,5.1279564541010965,0.07770846646123537,0.006779014996771992,0.11323580557211213,0.041574715752107715,1.3512362468962038,0.8707318862458336
575,1,0.008201666982406099,0.44216385649705436,5.615483569099183,0.16843590497723118,1.6894739047556717,0.009810313307410919,5.3864827633698384,2.7290773501032226,5.212205615777832,0.06653355683458148,0.03133159111374853,0.13885371161370985,0.01139207009059728,1.4157601327346405,0.8846614807516051
576,1,0.014538832087355194,0.37398691534266565,5.5995976391813365,0.10989844012449382,1.7391690445188577,0.036816747017173,5.423864145787645,2.773372819199116,5.241923572648174,0.0023048315948078564,0.007103223208196603,0.18732867423919178,0.01081444177780371,1.4338249988901326,0.9168843331299658
577,1,0.01951990375204545,0.3100232035305589,5.602940499608594,0.06379798037554706,1.6808725605078065,0.05632429037347216,5.392658192524209,2.792434525338661,5.262298517769224,0.021996570469769,0.0004868981450167349,0.20296297083593587,0.043636184685502066,1.4733955424308494,0.874236705977876
578,1,0.01752315613564654,0.3519967045434038,5.586570358539437,0.11776777818621217,1.5681257722739317,0.05965204598718649,5.4508396899065685,2.7652990523670873,5.285753527509218,0.024392108086572623,0.03247663898489231,0.18561802159881574,0.04018695585600436,1.4985068677631637,0.8602679529104755
579,1,0.016201744619370767,0.337591606657947,5.616649621804737,0.1660982001046224,1.555788294627379,0.07141181160787537,5.541127196842012,2.717061182513073,5.307269331652326,0.05138737421958914,0.04151922741008887,0.13088185928655718,0.03310230477469942,1.5530536380328883,0.8221098013247125
580,1,0.012389069302990123,0.39685520147590536,5.666418059375368,0.19872375902237566,1.5526445993299856,0.07893814610293963,5.549717891556409,2.7589643864714994,5.26077214681435,0.08332823978779728,0.025502555447252197,0.04005021857163034,0.005415443126878361,1.4442930049889058,0.7490982306948837
581,1,0.008517116934929816,0.40186047566386607,5.573172374420619,0.1808720754405506,1.5650932400503663,0.048067720197988134,5.532519933582479,2.7402599602426716,5.219187892047736,0.03532403126070602,0.041190326360326254,0.03639124743255986,0.00847205200285455,1.3948960239419812,0.8071405030237894
582,1,0.0142079880194465,0.4171047903197981,5.5505307092776,0.1826129735791093,1.6178068338018994,0.04491186986594475,5.532817910164097,2.748398395930305,5.202388759310743,0.06427364060251435,0.038221084773263844,0.10635582665988862,0.04478602519335298,1.3175752572807589,0.8646944540074442
583,1,0.0156300060598554,0.45694768775574834,5.584013204852587,0.17543555218311255,1.6434567497106558,0.03752792722102508,5.438927231097388,2.8269132998663484,5.191736110432122,0.03113017285893654,0.062124551932937734,0.0478955310925783,0.0298938714177925,1.365643842334055,0.8270434601407674
584,1,0.017309423525053012,0.4481595686996484,5.559844345123085,0.1626566093090051,1.5396033437645693,0.058156925493747555,5.532335461903002,2.831847994099366,5.150026649268309,0.03126007164667505,0.012208360601671828,0.012076133198816978,0.008046516010413434,1.4390206519551254,0.819735856331892
585,1,0.01166232199255719,0.4652337676058733,5.554760571686997,0.15782667894627683,1.4459084633988486,0.0015169383270151435,5.434444336644903,2.8489887143461976,5.168973131826827,0.021054034667012562,0.04171381384733439,0.007497539246961273,0.002304399862605128,1.4285309444491614,0.8338932629420047
586,1,0.012180043032108777,0.49713510398697086,5.594512128921975,0.19489169151383257,1.4391051815852405,0.08312357431954356,5.470403078342621,2.831773312772946,5.2350879566155895,0.005801844477375504,0.05365461997808967,0.02126286955541071,0.009213493290830174,1.3680537516970597,0.7994466303533698
587,1,0.012488348644491425,0.47557089025354876,5.5481474667344495,0.16957977061590673,1.419399451998855,0.06915295100134937,5.454084568342421,2.7913369177133425,5.252570444899145,0.040419742098652574,0.06506563221040042,0.07373144102081738,0.07658672437750655,1.387952690669994,0.7459234359450926
588,1,0.010094456089873185,0.4844613512074556,5.596178638629161,0.14408816114701922,1.4093406716259342,0.09289850194302585,5.471142050284525,2.731613515514886,5.241666545804796,0.11429645306278635,0.03323393704218882,0.004445237622603206,0.02513466002885302,1.2889342659991145,0.7411410896278654
589,1,0.005428254043552582,0.4213362599624893,5.585286364431388,0.11919603922829054,1.3661828374647589,0.07561604161011333,5.4586077212218616,2.812310954228562,5.313183106665214,0.07605846675439396,0.032023606519215084,0.015485488047715526,0.002151619932979586,1.248171908156078,0.7422935258794175
590,1,0.0014686288479286017,0.4607337039418554,5.520580692341321,0.13359637448692285,1.4240865074680067,0.078131628826074,5.4151269070631285,2.805295478501894,5.363393602114438,0.05404555193275336,0.008590348797396261,0.05375088442838355,0.019583326349777067,1.1779427292632014,0.6695082374331238
591,1,0.0021977448646277467,0.4684728187906957,5.526869547591764,0.15213589266618285,1.4059277542170079,0.08953747392265163,5.457769530033878,2.7404186930409353,5.315233699606299,0.025959098377643125,0.045917651636654476,0.0535575625073747,0.07264001956189065,1.1574202877565678,0.7370316611255359
592,1,0.004886546940692386,0.47553468944614574,5.50491505162329,0.09644746490865068,1.364911153520945,0.09492997881936789,5.503358424786402,2.7377644509945953,5.361189159906725,0.026911123812998247,0.002564849366839735,0.015028093031709886,0.0320726861443624,1.1276605309461947,0.7940413705228822
593,1,0.0019439082079449113,0.4507697351410486,5.542948557083884,0.13226398726430494,1.3221720866355886,0.07400635131259094,5.479133154132036,2.7271968338420995,5.379838788010232,0.015285051674680658,0.006602581768395215,0.0006722613238049287,0.03552422626460736,1.151071735908959,0.8498848955347968
594,1,0.01250359815421727,0.41685786120873525,5.573529019437455,0.10712628947642226,1.313609881014856,0.04533939703150507,5.452469625579449,2.7291851068879405,5.295924996106953,0.031176177563369486,0.044908503598839855,0.06625226205565021,0.002037946875604157,1.0922198394182063,0.7841017376111447
595,1,0.01186004196933428,0.41386802838325026,5.575608018715386,0.12875624969853944,1.36910708515432,0.042092874473078766,5.502546630454158,2.690570609447699,5.294680371136781,0.06093233691510716,0.01623296306752618,0.047008537091383154,0.034076381533731014,1.0867229867536707,0.758843782135871
596,1,0.0014885845155079977,0.417947239081583,5.534581380245918,0.09434392088311239,1.3620390233975268,0.030284856513811312,5.476698479454305,2.7718534778807795,5.30528221319848,0.03627886292198011,0.03134504673842407,0.09457005447872915,0.014911011554600829,1.0541662420273972,0.8118691856233535
597,1,0.010120506566291956,0.39566758106536365,5.492405352530551,0.15004049397716557,1.3507058946210762,0.0935785102681588,5.444530890648326,2.8565680599497947,5.259875994004861,0.12615382160622268,0.037431595663698,0.11394322924001893,0.05105612419996625,1.1068532839128458,0.782786125986682
598,1,0.005337303707882434,0.3654115821195007,5.420274192696077,0.14532412963073904,1.321467834032934,0.05905772918941168,5.506071852686174,2.886825698362181,5.18917784727304,0.1308065675218421,0.015701757322242074,0.15523852605988828,0.03500305283356024,1.0941118369086353,0.8183794698499947
599,1,0.007880624214348299,0.3726521697576765,5.426782425825092,0.1697850632410421,1.2698500223831688,0.007841471691345931,5.578476929191338,2.837719880835927,5.13233731030003,0.051823928110333047,0.045221863952331715,0.125494213903315,0.00443227598570406,1.0344070273965704,0.8378501750581584
600,1,0.015332093546623772,0.3637432795400636,5.372367697152284,0.18511348328149801,1.2606411697235471,0.06894065630291123,5.534782397596875,2.8781322433812986,5.089713816386857,0.04823217642051406,0.041943959642310694,0.18357797054562294,0.04112009526478138,1.0638534212137587,0.9043046376205977
601,1,0.008265331058346993,0.38009616919783645,5.414558280715998,0.15112500701645243,1.2726501213349648,0.030379482610058246,5.594624824620006,2.8763051176643497,5.134126142685671,0.13220552513834938,0.04443699409180404,0.22017494851836977,0.0017594650023078327,1.1450221148214204,0.9146106559613664
602,1,0.010510562365228642,0.34654162398153066,5.453453199916135,0.13904992404704528,1.243702931080361,0.03978887421030726,5.566415344261004,2.807392042571606,5.1710670119066515,0.04543928785860785,0.04212643588978009,0.22284899656833546,0.0327611364967822,1.1917309279759731,0.9111375819962857
603,1,0.014492746313479087,0.40015294231187326,5.393233914089001,0.13723649208273542,1.2152299037886414,0.08993838187605636,5.489677924938968,2.7232772795875433,5.11009590928314,0.06753669400546725,0.05585907759650977,0.1935793815523156,0.0527081996926474,1.1543976581143285,0.8177750960735289
604,1,0.010007952709072067,0.40488689373091025,5.407273995136282,0.14386165341469442,1.170273954719087,0.06656776462233437,5.489185057057835,2.69685948767167,5.136763299696657,0.11377971788711795,0.016156757430118712,0.13785700741013407,0.004248566038664773,1.1512504647738369,0.7035556644658743
605,1,0.0118148367811145,0.394759950947238,5.4919030632269115,0.13217642017848039,1.1640346558960448,0.03670889995004851,5.53209496329612,2.7299641734161013,5.140751514835023,0.09624330331170092,0.03413837718337375,0.19070816170068663,0.008422495457494341,1.0669043931641025,0.6806483133859572
606,1,0.012267891783483063,0.4984250202413382,5.539108279010141,0.1866439835795925,1.2374727864211936,0.03453973586615786,5.516531773757208,2.724883116710633,5.108627011724719,0.10015251639310548,0.03008417993998396,0.2615201208170813,0.027633816051156734,1.047442296200638,0.6277996220486334
607,1,0.011203279493223696,0.42893352364009635,5.577492058375089,0.19554882008873364,1.1987363509294446,0.06375439832497533,5.498290730591441,2.671896266710351,5.094688307974028,0.0922013828978068,0.04194227812332915,0.34217364434845504,0.014818574689207616,1.0042342807213744,0.5977545220720053
608,1,0.012252628588376165,0.4529597749002594,5.542711579101628,0.19104261195409045,1.1671091588957765,0.089972450873017,5.516526391564534,2.7368020112499174,4.985637682956467,0.14857483217451412,0.008468673041245942,0.39327420669495344,0.027929096044361595,0.9185547785848952,0.6058353398121098
609,1,0.006070879190865464,0.3771852255200288,5.440723334887666,0.15498962974996683,1.1561346397827972,0.013156421497620186,5.448696198640429,2.689376015386161,5.023094005040385,0.1414569778861665,0.03484754248300596,0.3721884953291224,0.007607332564300513,0.9376697762958116,0.5274108768030308
610,1,0.01805591745871203,0.3089775512863035,5.523137101377082,0.1424636321484657,1.1390915126310268,0.05370709977592438,5.4415788328178145,2.7459617824226585,4.955861220858642,0.12393174105868063,0.018918777249536667,0.3624078018774163,0.01088738775377657,0.8651945568192313,0.5119134493785338
611,1,0.012695242595629685,0.29548097559722375,5.5749097704410495,0.1448300048670453,1.162365453629146,0.04964191572624325,5.438412768156307,2.7444356833563917,4.986916453654788,0.08726041852297328,0.0028474077242483095,0.23779188886932395,0.02119893718552899,0.8104289950724449,0.5253022430445444
612,1,0.011465411946738597,0.33059541782966373,5.484128613552637,0.17551618094833227,1.1836292528639802,0.07697673929258332,5.377555412422467,2.77270517634225,4.982964347115807,0.10500960539740042,0.006863967805945767,0.22333597551031784,0.002191129819900079,0.7975436903818486,0.5802093817129974
613,1,0.019969122298105622,0.3926924989483928,5.462548136795651,0.06254444612916372,1.1617223240081644,0.043487345496059204,5.2932325308612835,2.789125565041651,4.9278807629414905,0.17534500017768168,0.0032864610267087026,0.29989145448364374,0.04947126055447293,0.843154703249336,0.6145206624838692
614,1,0.0083638978133227,0.3931050037823699,5.391040299513162,0.08462740636240854,1.1276739678338812,0.08217463346083821,5.254589332562942,2.7848802374131827,4.953917194137378,0.20671087640409383,0.008805071261410863,0.30701660512564455,0.022610235647583354,0.8602893345882777,0.6254246947158376
615,1,0.013088348820181023,0.37956930141028616,5.479549039218905,0.0804677234903023,1.1523745577123776,0.05944061270017641,5.29431106631332,2.754461465636383,4.98288361358843,0.18805817291313595,0.01801317191602594,0.32909458556650334,0.00906579264834114,0.9373039052394981,0.707135115047666
616,1,0.01954923403573492,0.4152436831616283,5.478506967567912,0.11039778697919997,1.1243114217459202,0.03977082511673974,5.37198710411452,2.8406398609444166,4.988119097067152,0.24498537021008174,0.022993860086195,0.28217141995669104,0.015159058158675178,0.9503425576715819,0.7473098869433161
617,1,0.01350228721910566,0.43791101685415773,5.503821623511947,0.05180362610532814,1.1433148885864204,0.09370516570284958,5.367929192733236,2.909662683014779,4.9869055637787145,0.19867919955317598,0.010919115196388156,0.3324534364830879,0.07382639159140507,1.0178497740778103,0.6669541759148405
618,1,0.019221980546620752,0.3783648172056042,5.502748792916148,0.15986518575689268,1.151338217278466,0.09546413001096193,5.342350235502993,2.8589486826262016,4.9580406499020055,0.24041792546519128,0.020795706216066367,0.3404021755275647,0.07264775056870508,0.878674486266109,0.6406287179970396
619,1,0.01535657422735524,0.4089556041717261,5.510051662323593,0.19610220441170959,1.1856746288846185,0.06580665552385902,5.336406912093917,2.844234921039682,4.975876703773118,0.21375476187484715,0.006933175304667803,0.44006884561156107,0.016747212536965556,0.9471345868215433,0.5807846411481588
620,1,0.017889642166387384,0.4315420866763788,5.575270767013407,0.1556218634592487,1.177743764846494,0.04449229867982977,5.308929289542052,2.766504037386625,4.95659908528501,0.19534092330371006,0.022745150567437502,0.414077730177703,0.04032290674303202,0.9108503088487088,0.5873353657864698
621,1,0.011427282704711047,0.43846582701519243,5.541523192105178,0.18786895012109434,1.1574104746397404,0.08276684157092967,5.220585292952716,2.7367630382497943,4.9753337231703165,0.2387483060626889,0.013845539854924495,0.4208369852158045,0.023674564680924,0.902803310640025,0.5521520068544736
622,1,0.016933205100990476,0.47859184326878457,5.578583135846229,0.17387971484850775,1.16628179577999,0.08772761187711285,5.289858131910806,2.6637256224361456,4.986946270126112,0.17652444292664762,0.004389582370835312,0.41114485465927186,0.033743494661297425,1.066791167939735,0.5350145422040729
623,1,0.014875284521807385,0.4139152017112888,5.5508079978201,0.15643762721034007,1.1944822456637418,0.0667513678142085,5.234834968604625,2.583159987331951,4.96065108650876,0.1605395040796593,0.021210361990181805,0.4126824169206347,0.039944945636011704,1.1134884390905506,0.5465432334760194
624,1,0.01231324121356549,0.4276082537678048,5.528781375510587,0.18439996745404713,1.168288692891446,0.03544846639801284,5.253635084338374,2.5642384774397953,5.06696230580799,0.13035064904454532,0.01713340580504832,0.33853866861297394,0.015513835604233523,1.1983354806656379,0.47769394385631775
625,1,0.009948338260380473,0.4995140824809315,5.456979128694112,0.18495340230448198,1.1383237485621305,0.04667879787282373,5.17825301931887,2.542500229401429,5.122688493499055,0.04277067065889194,0.0251191239267552,0.322150982113725,0.016744484988311,1.2420848223893797,0.5688340995408943
626,1,0.011713543271191076,0.44761656916253223,5.4981766348258,0.13960617678949264,1.1632130885004375,0.050393462421037837,5.260216074727202,2.517009860464328,5.169114356506606,0.03675434604153555,0.024252788779123312,0.29471764140880397,0.0018171880193730678,1.2541921267705005,0.5832966056183332
627,1,0.009453885668754583,0.3937932608572848,5.521245864671175,0.12887570510571747,1.2041568696811844,0.04009581408243041,5.202624264676589,2.6014046889596836,5.178760130498053,0.025311218984086167,0.010896101965602395,0.2840599948306132,0.020477277537190912,1.2354046867704533,0.6085376712827838
628,1,0.00505455128493259,0.36645092115641353,5.516438173084291,0.09519920267901105,1.1620684708768056,0.06435557274853274,5.173359192386462,2.5703318833587323,5.140795846339917,0.008811836812134061,0.013508870157992592,0.291966760959999,0.025612438800178383,1.262383142189416,0.6124159729073111
629,1,0.006143938569669688,0.3564378959301248,5.509690895720413,0.09709241423499261,1.192567577294486,0.03874358433876124,5.118026269618312,2.597222431994953,5.1168324882553415,0.02234529397420243,0.0034723134004918553,0.37076789147237593,0.004915386804929205,1.2344645604236009,0.5039355757876061
630,1,0.009605744820524717,0.37651620137915387,5.487833677823766,0.1159124926137081,1.1478700651172522,0.06879899484842623,5.122742156502489,2.559917746825983,5.144435052780328,0.1282518110384001,0.007916490720770449,0.44552935398456084,0.040042759591230916,1.2597428429478155,0.5027423516218521
631,1,0.011710298354303185,0.44023812877765806,5.458186050575383,0.17137686769009386,1.1871468979693482,0.08637901685686653,5.060658408456721,2.6819140204804595,5.145289517553248,0.11096226186893376,0.06553447039995729,0.46042214665757336,0.023246849743444552,1.3263943849591129,0.4586324510283763
632,1,0.008206761075348684,0.32140400622215404,5.424825449821225,0.1718485765295141,1.2111191862554895,0.07048069883034004,5.062649881016505,2.6616468187131286,5.269371350025243,0.07047757953314274,0.07388201013628508,0.3312155448719351,0.047962143396532084,1.3750765123489594,0.5122216856286478
633,1,0.014290992495162129,0.30994701137738373,5.478411188546419,0.1923189281229098,1.189128087314979,0.054062389882877475,5.032824679630188,2.661686105363807,5.250393435883677,0.1283915818545491,0.02691070333384795,0.34409797190424113,0.041432915839198205,1.4586094974211783,0.5314445193674634
634,1,0.0032110455883675123,0.3107571655105169,5.484325301646899,0.12959781493512834,1.1206064732593513,0.05751211976317493,5.138078014941678,2.6098920546065063,5.320080157811283,0.02795581631350329,0.027809490497080123,0.38760192920967457,0.002815359499628616,1.4866946866130364,0.564456556216701
635,1,0.005546150409231934,0.30098942142812457,5.461919010443278,0.08713185856363441,1.1364467699615992,0.07530725483209338,5.165027594505959,2.578564893829844,5.313938596510681,0.10655634569023607,0.022510623216784847,0.44092605485471115,0.04161217081195723,1.5073112440919956,0.44235866091737125
636,1,0.0008379672219671299,0.30269758043977774,5.502186504950172,0.1328826951070446,1.2319914695259029,0.05282542419268133,5.211592374130765,2.606657491738848,5.375662946500071,0.1657127543679351,0.015441888191015399,0.454015227455434,0.01305564161371484,1.442909207369714,0.4234655573438208
637,1,0.006524419232565322,0.33275728754725253,5.533728422503422,0.14997541088734923,1.191866689111386,0.035143190194378504,5.230522109196653,2.5211916221910817,5.309093550148033,0.06960730118424385,0.05330829177556978,0.4754026786986853,0.021951995533286927,1.464164024308208,0.45572721711228786
638,1,0.0029181448110505758,0.3126309623915272,5.542005951145304,0.07939190887280827,1.2013202069803612,0.006757365484561682,5.254159227420229,2.576039175036756,5.346048483305363,0.115658327537859,0.011321024620264372,0.42329791852989423,0.003836298242758422,1.4373155126143287,0.5084439257848629
639,1,0.014008042239692396,0.33853286077318484,5.579633121310792,0.056369439065954076,1.187289663418657,0.08865384388473217,5.268293316147934,2.6040894031349855,5.35286869228053,0.16832405069726888,0.01030965551179245,0.414158370626188,0.06162543053531515,1.3915338181220058,0.5702931233971745
640,1,0.005891990517261665,0.43530548403384783,5.52247938352695,0.09600108897990753,1.2204496435007064,0.03627150969718339,5.170141393753013,2.5661814510114658,5.264113954850128,0.14883708315052654,0.02611839114672191,0.4184700270158223,0.005532028070656286,1.449136046334102,0.6183547045822622
641,1,0.002444146518548,0.46027091968307404,5.579974642874152,0.12754951251738914,1.2455705525549916,0.035964742115576695,5.180841145885913,2.64213364101721,5.274274558824752,0.11379321795270651,0.005731219902388624,0.4067979029593617,0.013206375047928067,1.4692081323525517,0.47095047424017084
642,1,0.008667167243913233,0.4242805444227665,5.5931604044531165,0.17259550482369238,1.2442329737040632,0.04871758613042577,5.23537989105049,2.6240414125989373,5.241837508048885,0.12383298254464231,0.015959845953415378,0.35553629067877757,0.01119454788706287,1.5505856979881893,0.47094674725379765
643,1,0.0072982131975343765,0.4130957917901418,5.520750009630624,0.11891510162972906,1.2623819959695228,0.0658808207453878,5.219278746521653,2.607300075199766,5.221759737524555,0.12093886584990425,0.029263392104528937,0.3993215147279261,0.012726265609054429,1.4787558265644147,0.43881471036351666
644,1,0.007990899485444203,0.3350956861949554,5.54249961291155,0.13543766181444672,1.2764246154178929,0.08099355461851426,5.16058497264956,2.62189859570193,5.145976446093559,0.08554783097796756,0.0039571302956907094,0.4403809979756978,0.027382551123879342,1.5026116988175757,0.37929389433208266
645,1,0.015371098515775575,0.35879952124663383,5.5825053394158175,0.15412547007879604,1.3605439173453915,0.058590708603739855,5.167518916883253,2.6013242862426615,5.1266061403400265,0.1083899138473247,0.020602427403650276,0.5180747207752905,0.008374694268328762,1.4932796633603957,0.3928991594760732
646,1,0.01926054480248202,0.3506849306491279,5.523310550008066,0.14618695161144585,1.229598040879611,0.033550870663644476,5.13634564100244,2.5825282211995155,5.0949081910014975,0.06340129542187731,0.02841980999431,0.6015148398489842,0.006524171543222149,1.4909636255100172,0.4792278670977637
647,1,0.015552724856002858,0.3605233076588683,5.455617255108454,0.18633890472475895,1.1847920770690659,0.055445888900296225,5.120924160720791,2.5729744263106986,5.1283141443876,0.09226485898747025,0.03996334391510198,0.552137999295764,0.021417718229783465,1.5215723164475892,0.4669105848296904
648,1,0.010199908499070797,0.2983747368368821,5.463794921193774,0.11944389183662091,1.1396758851990212,0.07193890013309483,5.196000642551375,2.63467348202608,5.05823686550959,0.09744203526595814,0.012854803951286535,0.5205201429720713,0.02410649135052876,1.5212251876410217,0.44535904905435636
649,1,0.014788988508278682,0.2550268719228177,5.488112497383474,0.10746922285037606,1.1910113865279048,0.018366983170166457,5.151247715816796,2.58734014135311,5.129400179924532,0.18196913195977799,0.010353964669880407,0.5166747994507371,0.012363384198735325,1.5354292912587963,0.47172652396146536
650,1,0.019156874382068187,0.22913819370348998,5.527304935384678,0.12459944791593365,1.1853781532794296,0.07137126994024436,5.184688662859029,2.624052131964475,5.1675635532374695,0.03828291890843108,0.007988707512262754,0.5063936460952878,0.0073206164203343214,1.5101805141155815,0.492090276624067
651,1,0.01141594150082696,0.17084098648346294,5.502475445316882,0.14237833010320536,1.2057838744646117,0.047050982435786745,5.221928845073344,2.6300234355676646,5.251069753318502,0.04323688099170199,0.02216818614617106,0.5020507342850855,0.01464277371837898,1.5386037475997092,0.48372507699171674
652,1,0.008436820713356592,0.25490476500932774,5.488285064375995,0.09614797971988555,1.2204427707268752,0.08989758931296996,5.242096984619854,2.5821087632345687,5.284805253410565,0.04499172731367603,0.02141434850316628,0.4125138851937766,0.035463505523423276,1.5330281256430631,0.5092001007769201
653,1,0.010412817839654597,0.321582474621678,5.463774056803394,0.11917751380594745,1.2160988511622528,0.09643098894365776,5.335833756008129,2.562671000474002,5.2521123292055565,0.07839834544448163,0.004955050609642736,0.3532806439525506,0.08604683843285639,1.4977903534350512,0.5648889867148188
654,1,0.00848420692951375,0.2598204282502944,5.462896086282952,0.1518024574176147,1.1773047800392118,0.0801325745333302,5.3668869180494685,2.5376506088010844,5.305871550653063,0.015799862357305464,0.010201566582478092,0.3805465366195095,0.0095858549484925,1.4317784343848148,0.671071884555202
655,1,0.012382204145766363,0.26824337866037584,5.433471836421376,0.042822076059448856,1.1159746740270364,0.09367895772066999,5.4110726501239705,2.521319296498681,5.228156284593792,0.009690281335401061,0.013032845249963607,0.3558194278752645,0.06594788054641675,1.4223660095939117,0.70134717253358
656,1,0.013783916622291769,0.2809334900838789,5.477419133490857,0.053219110236917416,1.148190243078405,0.03057828930406159,5.422183798818751,2.610638771635517,5.224168960851965,0.032517397322798965,0.01551837812267515,0.33169072430709273,0.019447956184905475,1.4296961175404834,0.7546116778041112
657,1,0.005926444675883915,0.32599410808888163,5.423315325627277,0.08255820469987807,1.1865385425655859,0.06668730558476656,5.425897512400997,2.6760174738564824,5.238094467052383,0.0793906164052761,0.0009183736452936907,0.28744417182739823,0.04634608407496116,1.3690804255820714,0.6842351005408183
658,1,0.013474088274519472,0.29828357647025383,5.485799230025719,0.09102723971146835,1.2508627841293578,0.03066099312607004,5.422186810114427,2.6239432316410265,5.265757614322415,0.043875788243305035,0.009949304154586492,0.25444547703435183,0.008341473966439448,1.4122133572611935,0.6389186571158495
659,1,0.009612413948753415,0.2774980497554061,5.517759142611816,0.06440012827745718,1.327216669670125,0.016318680726977064,5.522504426798043,2.682568229974908,5.326560028212618,0.037237755388163665,0.018969882493422692,0.245609762334775,0.0073959155733277025,1.4389425101874536,0.6684927253734841
660,1,0.003644436527577685,0.3004752626214922,5.55190516833168,0.07696195105538157,1.3964167972556336,0.08296516671290426,5.380270975613176,2.7087115191098006,5.378030714989027,0.06686710848119766,0.01940517760654457,0.2316273733211862,0.0049371099315957,1.4066919781537446,0.7167535743040132
661,1,0.01291055410252731,0.29089042742671867,5.6138481923183114,0.13208066105183217,1.4011239641361155,0.08163303878062944,5.3854098914503785,2.672020105527636,5.412690582396748,0.047834027041552235,0.03660230251601181,0.25858970127180086,0.030318444040951586,1.456670788479132,0.7197083609735537
662,1,0.004224823069747117,0.3201111313603326,5.6160490932555085,0.09297583191246046,1.3536781250627108,0.04352850531004054,5.4537513077001,2.627680078015312,5.4485727150257555,0.06815187655819158,0.011828147252802134,0.21796911030291105,0.01580843035702388,1.4001021356543755,0.7589957076423589
663,1,0.0011941612851231792,0.43109059702191904,5.6265197213380445,0.12251015029687369,1.393781416035487,0.04264911431145659,5.42239078304127,2.661221353990567,5.4758627475594075,0.18539087204307314,0.026051397998691245,0.24936786079909604,0.021252882727648095,1.3323202676879426,0.7948810786991698
664,1,0.008958826558829392,0.3562926081618643,5.64439703063155,0.17831113891295383,1.4166078600441856,0.07259464936663826,5.333629945597247,2.6339983878338598,5.451882717543771,0.19666251361357803,0.024841577646122485,0.2401138839839872,0.059770253101936496,1.407737565698911,0.8053297197970907
665,1,0.001324484303804935,0.4532565751339058,5.623675082137082,0.17125709703603634,1.3404135707402127,0.07501926823147616,5.295778958221279,2.4988199694318722,5.490097510208391,0.0998769008710685,0.05372164423969821,0.20252536849659303,0.012272094815803453,1.34186728330042,0.8113791222548166
666,1,0.0029721194686988866,0.3653352431159116,5.6557297598647,0.16961172423140358,1.3193826220402067,0.03231339912162562,5.22846365310117,2.4125549220506493,5.524648082867966,0.1266316084536132,0.012278719739414154,0.16577708156833942,0.018745947038657812,1.333481873716094,0.8740869176913773
667,1,0.0020314369544198875,0.3625480902988939,5.642401090034449,0.1181779396426133,1.290483850523686,0.0624989537989716,5.190981415535729,2.3645247585448077,5.507155099921842,0.08676069005462353,0.032930229179712146,0.08680901404772313,0.007267295380903988,1.3674337285506732,0.884675797521436
668,1,0.005380098468790809,0.4283416557517829,5.614340475220317,0.14913275460407485,1.3026186769763182,0.06349136901045772,5.225940649064559,2.282899365493051,5.422155952174956,0.042416959173625396,0.021449723592210153,0.1192233259023029,0.03561445632574864,1.3835548934664637,0.888906149084794
669,1,0.008479100839632527,0.43562214999854976,5.618369740209896,0.11616726878672975,1.3483289256954492,0.05585954008302358,5.299594660719071,2.2229361739469016,5.338736265977968,0.1301488869245558,0.0266757082993553,0.1139431280292183,0.0029949967789248836,1.526155821772887,0.8059611787893979
670,1,0.012883371488961744,0.3742727763277022,5.613414078992225,0.12944107402282368,1.4102822000859587,0.07148484688951791,5.299236044263466,2.246259864429996,5.325547914264146,0.07259666465766776,0.018677222993681023,0.07644936017888505,0.02899290260704829,1.5822750378507637,0.7689614744346331
671,1,0.011439015741794673,0.36968513335596254,5.6494890162286815,0.17260200550112295,1.342355079717085,0.05222400516532515,5.326893430764947,2.24122529652741,5.384714868556858,0.09891852946886373,0.06081738086539202,0.06036092035540854,0.001119086371585761,1.5472631644766013,0.7797828800293793
672,1,0.015775090613591284,0.3600653062268454,5.63577968803746,0.12694395973877468,1.3120454546588758,0.06729188602607286,5.327675454428731,2.2017881164061177,5.305690486367777,0.061275115006790504,0.02498133697529752,0.061792917306133795,0.0011986692000082485,1.5652029815231665,0.7830937511564625
673,1,0.0061953569306880275,0.3866835955329651,5.601511922876105,0.11960844496055743,1.3280173613021053,0.0544618888433842,5.295505763947852,2.140951721395876,5.326094081877569,0.08104830197180385,0.0024496079913513876,0.039521381873642514,0.027673007402893017,1.5784412949092512,0.720159021057753
674,1,0.003202043701927765,0.3859101676859281,5.582170491102086,0.1769680766595712,1.3235714574791555,0.0720567860574924,5.364135669612821,2.2216606302370545,5.390038368620871,0.12348158406378584,0.014786349439006058,0.01592358825182528,0.03886013263448987,1.6216259718072836,0.708972094955224
675,1,0.007952962378672934,0.4116030606302676,5.590854913685135,0.13070660274628115,1.2946345491592233,0.08263554619552298,5.370629896993775,2.1900831998805277,5.42392189362483,0.15428119372075802,0.060373352745948884,0.09281691540814814,0.05274879144412093,1.691936570788911,0.7975551033233342
676,1,0.007431818643267801,0.42840690839217876,5.668571005347579,0.14789129105964233,1.2178232624796144,0.04286042687395697,5.318146145259657,2.2005537892023423,5.442020626004678,0.14314689432949876,0.0061152671008862,0.08087785950827162,0.0032310987396955856,1.7096635780423537,0.7625459387198243
677,1,0.01168864396260122,0.40886564972410305,5.6811017753171065,0.11392105053087402,1.2249164767468403,0.06172640420448362,5.29993016469867,2.1527620409535118,5.430488443221208,0.2242569635046121,0.03717016977716485,0.1267444706192413,0.06642245161251971,1.6637390343098695,0.8602702590439362
678,1,0.005258231089988635,0.44591908886199105,5.675984067240489,0.08440054858206746,1.2394232457998862,0.03715232274442727,5.31071823536358,2.2577589428989198,5.4302627999865924,0.10435871999596917,0.0012692156557029884,0.2485362842334619,0.021193644102613728,1.6608990555093612,0.85146718525414
679,1,0.012202988204836642,0.4286883228823783,5.678569854812586,0.07168765462459216,1.2327754082435336,0.07554989151307503,5.364605578695836,2.2200796845047877,5.43807129518472,0.02059586953744952,0.02543817836265456,0.23239949416341352,0.05313182581769533,1.5698572272520999,0.8030749115556888
680,1,0.004589806041222343,0.466440379652867,5.665501924221547,0.1621337873089859,1.250901093318059,0.08765105843227454,5.41187600778192,2.183950417624159,5.507863494166378,0.10979869694591247,0.01581857237014547,0.2562651742957442,0.015647278989349145,1.5410446880169457,0.8022081608863428
681,1,0.002605078554304191,0.4612025441533893,5.655147003727093,0.1763551464895673,1.2502100744175442,0.07439617878808753,5.408722684854443,2.1639552874482977,5.524438807851245,0.0577337563330737,0.06056602415692847,0.2561770800483644,0.06195710958286809,1.525463719439311,0.8299631121523374
682,1,0.005306628440978811,0.46847581956666534,5.7199285072384995,0.1775333216316329,1.2610814228503013,0.09997807996708116,5.306385165094097,2.1102460231540308,5.520677973143902,0.10522695709262954,0.06584062089226862,0.2392040289267611,0.09251374139568885,1.5621014105124065,0.832967386391168
683,1,0.010263408953660937,0.4932745776924589,5.765445014526922,0.1313779715971588,1.2538712225953128,0.07551155752521747,5.413944191563201,2.0763169620730912,5.463890719502214,0.07996050046432668,0.003443509030204605,0.15505693076480057,0.07063489341253959,1.5427196930866638,0.8030429505632584
684,1,0.006520235970839475,0.4799485997239454,5.7566612559909744,0.1503135707270205,1.2699794139980023,0.09478573401612594,5.434102707295941,2.0401729494111125,5.485289000381641,0.18270564932466027,0.019136630901635185,0.16786952444880365,0.02533510305201727,1.5802692068208677,0.7708003943179997
685,1,0.012585394439542883,0.47550563340380186,5.757244344411498,0.1793463130609285,1.297885937140359,0.06966496798373997,5.509911531058257,2.051043213634428,5.4398235546258435,0.17666699782925407,0.04528769888997147,0.1462319920615076,0.025167504682387456,1.6348495766596796,0.8674978594206688
686,1,0.01494824566229855,0.4211242354799121,5.801765219754929,0.1471537893380098,1.2522061362390826,0.06461569019309146,5.412497543538967,2.075865849556164,5.475442490445271,0.13604080441474772,0.03392490620313458,0.0684883294706349,0.0046575407227354764,1.616832660336303,0.8396403831151842
687,1,0.018816328421982952,0.41868896266350136,5.825855068297463,0.1930976059084202,1.2407001710149825,0.09024601984750474,5.4216170259967535,1.9935890907108917,5.353456389990122,0.13734283478411627,0.02359886130565389,0.13089705538021093,0.029043531861247716,1.6947369909271581,0.8167885203157692
688,1,0.010932378598524035,0.4160709428682698,5.7908371274795485,0.1336014597547574,1.2508965019318858,0.03405969404925092,5.455116598070587,2.052011436796441,5.446961779686284,0.15580264363080432,0.03423960247159142,0.09462529079145988,0.013034048653339573,1.6781646873047666,0.8420120939149782
689,1,0.011877659973092267,0.45839202908297383,5.717863358912497,0.17251110285640497,1.2919299796656185,0.08442139697432474,5.469988937106491,2.064796043383349,5.460957637470554,0.12093675760399131,0.025650040318503618,0.14078871883527114,0.04487306806691413,1.716404248521957,0.8815146641739455
690,1,0.0126574813605909,0.4044776135009836,5.6776749412533025,0.1636339242796869,1.221650223638454,0.08042792648661773,5.473725382140984,2.0336519228862646,5.42679747350706,0.15302395714616887,0.010923577458468559,0.08457608661673208,0.021040704878798284,1.68397115191159,0.9082796745411222
691,1,0.01454738378943534,0.34866084437173495,5.7507881025764895,0.16952425035205596,1.1806350667384673,0.08715232590764556,5.516185096662868,2.104554571485885,5.517553225190521,0.058493670525045026,0.07472116432604615,0.08338154973450844,0.04740060807355315,1.688874768295191,0.7894679337385118
692,1,0.02021647461389362,0.30680693663393227,5.794942462515452,0.16140141317791884,1.156431634749021,0.08881230156546428,5.48212184686977,2.2112369536939283,5.470746712108373,0.09065987190281559,0.05254277512496734,0.14955112531661868,0.0670845324319245,1.6945543962360208,0.8778542085540186
693,1,0.01606158146447829,0.31602140725912964,5.763151530646922,0.1612263926953866,1.0688932895836096,0.06749276095763967,5.563352248867614,2.3189050123649495,5.500458566480161,0.08177222551190227,0.06619884491861475,0.15268637832636592,0.06269145915613693,1.8046623250289573,0.8965100361700938
694,1,0.020003175449635275,0.3167888086430716,5.863911960375563,0.11501155991776964,1.1041560692491437,0.06330934559310436,5.543529574316504,2.352043759979458,5.535474865431877,0.084393864896221,0.019020385800846966,0.15217749703450495,0.026083365268162267,1.8540667399157809,0.9193007043011884
695,1,0.018721899181739866,0.37077854303506474,5.904588499554331,0.17552676202572787,1.113694813425703,0.03473618045912155,5.493884562202129,2.3731278026337064,5.512926984912281,0.1782331500563295,0.036953021290580736,0.10532070396310879,0.036723636612219605,1.8110427158404465,0.9271271323265766
696,1,0.01948343961353485,0.34414846332140125,5.91295113641632,0.189701223026481,1.0849536588808346,0.04991300844896376,5.425383586077157,2.370003524394713,5.562925002748239,0.19275066539224756,0.02645443589077574,0.05800190140922119,0.059133331836572066,1.8078247781531782,0.9656018783158953
697,1,0.01639806950786949,0.3999329401814332,5.8731849487212475,0.16454961412134664,1.1238811409440503,0.08074373912623262,5.44009374038005,2.348110668283289,5.577675305971811,0.1838971950831798,0.01637419663111785,0.003391557757018837,0.0941306450283596,1.8741460638497056,0.9529736245544408
698,1,0.01207819280273834,0.4231617001886047,5.788975802452508,0.08230548644034977,1.1600676492833546,0.09356018622385132,5.41335070304818,2.247038703193972,5.543343114609579,0.16114629311057357,0.015560855878579067,0.06995521422213895,0.08946312242098792,1.8896939619097914,0.9802905631004375
699,1,0.007319698281932541,0.43899086335862747,5.787398215719963,0.06008496699547761,1.2230359091919152,0.08103728662911101,5.420597424153935,2.3333848354771147,5.594329046187107,0.15312832868445153,0.01954908500369982,0.1740514239407081,0.08990050017796178,1.9158312694336415,0.9870707469005092
700,1,0.00981768311146887,0.48835768724374123,5.844007288197667,0.04359396534023025,1.2477763711013112,0.09612756584878202,5.419520658427923,2.2817752950343495,5.543262156356264,0.1459357773548494,0.0096797669872345,0.07199502829144017,0.03484156650932971,1.917630969506657,0.9742505516796637
701,1,0.018122942370063462,0.48001368727229,5.910835898532351,0.10895553927356175,1.2559190356982681,0.08317866468862377,5.439145979321079,2.259594799830666,5.4338570127401065,0.1527939732261021,0.02547005472941702,0.021796418773934265,0.04611041081323623,1.9595590381837067,0.999191688539548
702,1,0.01704814962485538,0.48559623555435816,5.912857577140184,0.12537153837195425,1.315352930149166,0.08725764677296846,5.396678030103064,2.2541391746098367,5.438453953837426,0.14229593429742857,0.040634057441633537,0.04961845201816592,0.029952742882642516,1.9744186918185413,0.9422297825049091
703,1,0.018624143719724616,0.4744026158957843,5.847042518871914,0.1170322614732045,1.2565387909861523,0.08385660309034847,5.405586103993416,2.218789509609164,5.392110365458239,0.21041146600406196,0.03168276350853243,0.1125900731315639,0.057300705606048954,1.8392615797803271,0.9622839253867564
704,1,0.01848378686203291,0.3949021643646755,5.786905550228762,0.14479639751131232,1.3373304640728765,0.0653561453155229,5.393519814402251,2.205694873113567,5.410553782536805,0.15743772091487887,0.05340534201449869,0.14222742241237538,0.050839883223981655,1.83966309712813,0.9185727386841106
705,1,0.012483635273689698,0.35685960390637667,5.739673879288621,0.15918740852359195,1.3607929017457638,0.08414247156570819,5.370984924890924,2.21760959416129,5.493184367839562,0.11926922512412876,0.04273862547231371,0.051472239609073836,0.02869680288363466,1.8221503909004473,0.9153568480757243
706,1,0.008911144995266757,0.3308876895405782,5.774819944823334,0.1742802608920267,1.3396755084852237,0.04707324602479771,5.3579621484469815,2.1487404301111535,5.590626917543611,0.08925193500804307,0.033110567024741966,0.054056816770522466,2.5418195033453735e-5,1.9489594893848952,0.8070721239717804
707,1,0.016964377627466658,0.36222358069158983,5.866410020857555,0.1850348918990451,1.3306989926156212,0.044912934356535913,5.390561056307936,2.0952977952631224,5.568581550509341,0.06884777546199758,0.04688013710321739,0.034650572634799044,0.053299680461239465,1.852237636646762,0.8167412037831933
708,1,0.019230390540608103,0.2947988822484404,5.846916707283941,0.14105038102493334,1.3858472762139513,0.05518041801097425,5.401140328445653,2.0779417305154486,5.549237384746677,0.05522490224792114,0.009129693709017941,0.0475018303886474,0.05129704420829487,1.8515958603224003,0.7801829871530725
709,1,0.01983539778684638,0.2837382459881779,5.876470186396237,0.11679964592158132,1.3546568649129802,0.08522989097870987,5.41503512293787,2.0836816632304425,5.615760093805589,0.07113081294988399,0.027567863851814606,0.021319258668094962,0.057245621519198014,1.7514730189665493,0.5779871750409797
710,1,0.010728645851185934,0.36971060487647023,5.890694362157489,0.12840396431621418,1.312535094233123,0.06434916521223989,5.441793742954056,2.067157418562366,5.678326142723915,0.1454131535906805,0.01782235296901733,0.03204079105904011,0.0616103881915589,1.757388807591203,0.6294558310843944
711,1,0.01765949583703892,0.3119429769490198,5.892424270617395,0.19556669741645769,1.3123978722165677,0.08440763225258266,5.545108443202769,2.080210160228646,5.594726148972492,0.20400257929815904,0.025368707468048635,0.02292356818808268,0.045411202066263937,1.753092680372048,0.7123105694685193
712,1,0.017630076446321658,0.3034226540520834,5.865606795559729,0.19347471793506646,1.2040558560116623,0.062238762024107164,5.51928843431401,2.003400841223566,5.613841202393841,0.22369979800590445,0.024682717210186056,0.0489471909857291,0.03592069079222464,1.7738521490126993,0.734246667973298
713,1,0.01571222570880208,0.30094429755383173,5.908279065279151,0.14925740493902023,1.1409959666803753,0.0769533198092597,5.528851219496904,2.013255122028779,5.68557772809722,0.20589844581306238,0.0038517780240378096,0.057938767993677934,0.011298317333889297,1.7619498090296635,0.7781715551075101
714,1,0.005940995331093388,0.2760934276926525,5.815372097469971,0.14508973607757839,1.0897870258016271,0.07753046852208961,5.484194304383306,2.111548898302582,5.720523221634649,0.21514075302755006,0.06516019328008217,0.06732791235894982,0.0356215763192416,1.8211096163054654,0.7488052229138495
715,1,0.016604345381193302,0.2248668460358784,5.849228092460839,0.1305496998403035,1.0613709102757956,0.09534708595479685,5.48823328903602,2.123735773300208,5.732385927516628,0.15139271212656857,0.02859859742856224,0.057628617150512366,0.06541717146302416,1.8075028820787347,0.7322582243820465
716,1,0.011409945799710637,0.22807026627774601,5.854964542894284,0.12786626915283675,1.0661132064289442,0.06256267999713679,5.449346990516678,2.1816625824852793,5.702440563933152,0.13130510009229246,0.022488913496708316,0.09928145476272848,0.043579957676051835,1.7510686771288329,0.7289528916952523
717,1,0.006851060774732679,0.18459848563719064,5.76168214343113,0.13277616298944375,1.03961830449889,0.06793828444773073,5.390668089764924,2.2375607680067398,5.699415700522382,0.13389076238174424,0.0016497084952345942,0.13209631616539275,0.03355476460030886,1.654871185826622,0.6107329877040233
718,1,0.0019417338984694377,0.13810720106077873,5.676224735556755,0.10663602471555124,1.0707222898323454,0.09977924916072105,5.43675057367721,2.3206820869136333,5.714034511292898,0.13215328979782093,0.01674592657058777,0.13311648840257392,0.0623165731126372,1.632026666211864,0.6350072260699606
719,1,0.00746543883119941,0.08235680175052984,5.658181540952292,0.07472305356388878,1.0598366066068645,0.08398058172072331,5.44401098163276,2.250860124922048,5.702042301570214,0.15057376720676707,0.008898760612301637,0.12808142375529744,0.0072225524798937716,1.6475939844024199,0.579430280940567
720,1,0.003894919648507942,0.06235031269133086,5.639535343982977,0.06310656386892437,1.0391450332027163,0.09845022712502638,5.480540056195861,2.2618799623872157,5.7024708477439665,0.16045057910953092,0.007394980848039765,0.18542779987267644,0.00985521102062431,1.7155902844658866,0.5378742226531144
721,1,0.01598392852853985,0.019384078102909347,5.629831658616205,0.0696033184605769,1.0120794707275005,0.0724070963366485,5.425720330652349,2.234476980735918,5.691996109611014,0.1640684390643159,0.009499576489968036,0.1551951485504136,0.017195282420724378,1.6316124087646342,0.5312581087543452
722,1,0.00844989702710457,0.022287349259509422,5.625164772551483,0.09447326513002662,1.0097305104909586,0.06842515619864574,5.336949440910213,2.304019484697147,5.677701640790707,0.06368805092528178,0.027451034116050026,0.16575843503046164,0.025451777768934907,1.6984146975638192,0.6032860794154508
723,1,0.01335091684358581,0.0904373057371812,5.660589652695435,0.14734085353609322,1.0668126901432695,0.070685633679016,5.326647037523569,2.310156195542881,5.658554171219074,0.06297753914847956,0.0321402944091082,0.25809137487374667,0.011669743669879802,1.69175011006796,0.5294211111382738
724,1,0.008454590464961092,0.14638185189666725,5.650302335716891,0.03925157043707166,1.0497736927644798,0.0908793373046649,5.328130589432703,2.2890158835370302,5.633440305493669,0.08472509904703125,0.005381790167797748,0.23799435399224697,0.07553000286244413,1.633107061067684,0.5620893566292686
725,1,0.003563294368290021,0.1397421107370082,5.675743386025192,0.1526404713664215,1.0150670344928119,0.09871641499163192,5.345320491514091,2.2480792020401035,5.683249568523275,0.10955575052901854,0.008799607384019928,0.2838039907243736,0.03224320470480614,1.5926552763969404,0.526179954421366
726,1,0.0020812678367575256,0.17130988439945374,5.762479368935132,0.1766323761624886,1.0654311699731698,0.08586619364532974,5.406044425360527,2.2122407297185003,5.735775918419351,0.16344355609041186,0.0432985515579576,0.2861877646233399,0.02403281481715767,1.5839307053576441,0.5131277269032729
727,1,0.005032790613853102,0.19211765091069044,5.789574213819943,0.13915174735051583,1.0735799048344514,0.09939269118230366,5.4746867905327425,2.2431699164351904,5.700188761101692,0.21197832698308003,0.03594410750142785,0.3259439402783644,0.025393776632461184,1.6352346752830935,0.48845712844810535
728,1,0.01166113182656822,0.15495434794247234,5.84587104204666,0.1601933169384286,1.0409504083702412,0.07274458629118874,5.510498748754998,2.256073842850831,5.749055453837388,0.1732868166571422,0.015179593988853641,0.36353665870382224,0.018160654762803343,1.6391168080074892,0.4838152083806112
729,1,0.0031694358943154884,0.2088365842602893,5.828050417904529,0.13964256901021196,1.059212627602091,0.09525879193048525,5.523008226430247,2.3070304796860115,5.783177172161439,0.19835887947818634,0.02762369536359448,0.37149707008349137,0.016510204842075483,1.6156801582986768,0.5078108166589234
730,1,0.018137197718700135,0.17617893979560628,5.788823471785407,0.08115244721574906,1.0122501651717628,0.06732258843127377,5.528860684114681,2.324149743807364,5.657797832314353,0.2509583414385003,0.023723538296025942,0.36075570350721714,0.06392378675168481,1.684652218665575,0.5584424063636597
731,1,0.0061615269049637,0.19732989862364206,5.838734579563981,0.1648210479536938,1.009273934136948,0.044981358278572074,5.501739992331234,2.403952388182304,5.735156587608881,0.23689601321124618,0.034187424472105425,0.35517523994498185,0.03708772320019431,1.777488290791264,0.5732051775988235
732,1,0.011471191383851704,0.22393954565185933,5.858646558061607,0.11649636762685085,1.0491205399696744,0.05816112711602493,5.566761341247198,2.4585621590744267,5.754053315217705,0.17384607121044443,0.027919316716604303,0.37246287785232135,0.04112421057273158,1.7800310941048596,0.5637014940425974
733,1,0.00027026345930721327,0.21607923678661203,5.81969223548438,0.12385502736695606,1.0733127829040015,0.07478214638335039,5.511058203919224,2.518447796443869,5.765546886489436,0.19704473243486811,0.031080969331342127,0.41505653571760637,0.02009509059138998,1.7930790993376178,0.6431143435136277
734,1,0.015963119618749577,0.11501044305352533,5.76496573988543,0.17047754789383848,1.0973096899751613,0.050245997920875064,5.44992394818383,2.5562306764205553,5.700189545033988,0.1733248759893516,0.07050726098073978,0.38267811135058527,0.021942624989472293,1.802330164758485,0.6023948562894385
735,1,0.0063443806261846035,0.13890898043011254,5.791550016227708,0.10044092060667313,1.120547368395818,0.061163728391774766,5.498217750928811,2.5767395890528446,5.748207853995695,0.2468992978075598,0.03491862696943462,0.3110058945838424,0.01934942286569764,1.7758331898549327,0.6565219545095442
736,1,0.01765691501367014,0.16079914169222081,5.830730570085355,0.13583137856663324,1.1451791857371547,0.07662629383301674,5.5473770253076164,2.530562371809139,5.740189375508407,0.27571457699137875,0.033959036783417974,0.28882349389783574,0.07755819168444562,1.815399038589387,0.6451165487182569
737,1,0.015387656186929822,0.10151280126967296,5.822419979161507,0.17821209073757208,1.171308771126746,0.040503868896329655,5.472205964178407,2.5382893784463,5.745508043690664,0.2527123502642664,0.0244634923656622,0.40737059411012794,0.007503500855714528,1.7673670772646752,0.6024524345744826
738,1,0.005330342134659989,0.12461193271068469,5.828789053407908,0.13645974828342577,1.179172909034317,0.02945166430980976,5.514884274208201,2.591744441849435,5.777097176594838,0.29372225878703634,0.04024326147249484,0.3596836178292468,0.02014320690262201,1.7866773927204358,0.6679985965538344
739,1,0.003936708683524913,0.2094401813816527,5.7666408916075955,0.15734039222435295,1.0278999577159147,0.05458400392781484,5.460416340163928,2.5739583242728177,5.71203220911255,0.26276579202866357,0.03710571050421256,0.3321553879842367,0.00896292152142963,1.7925424750447976,0.6515100662822695
740,1,0.016412514092115107,0.19546613334881208,5.730058428146106,0.11968928529669345,1.1105850710363054,0.07891868045471044,5.416282948529168,2.5061806502326514,5.626206861499399,0.32869849439467175,0.006769752563273125,0.24745997666517447,0.03554083533325239,1.8287904065706957,0.6129644111767597
741,1,0.016132194079973003,0.17625452540692457,5.699499171084831,0.18904486889872082,1.1016309002613378,0.07318219614851516,5.463269225035295,2.571386754799952,5.598122195950607,0.3211501887934588,0.04506876069976469,0.25836879004202573,0.052423127123807416,1.887967346779384,0.666655060387641
742,1,0.018715460115510563,0.152817690903459,5.713965371455747,0.18973552241073105,1.1397731958439516,0.05839321372322736,5.459749875620641,2.527915613514694,5.611454549686029,0.3319245976145311,0.05486486559434304,0.3200018855263177,0.012879187977100472,1.9572397396904129,0.7146950390734177
743,1,0.019551313285330996,0.1150237769221651,5.652703323351197,0.14785619990661322,1.110869337735815,0.06954778822818738,5.444060468845163,2.470615290977801,5.583524050984761,0.3118053423114114,0.024440785762125328,0.33019011723550745,0.04944915908565778,1.9595121008474532,0.7330873617817096
744,1,0.017518465606129005,0.11395730558230584,5.686768758406015,0.13734622235223432,1.1297145543228377,0.07551934007773356,5.430190153090438,2.5049070565582543,5.650876180903073,0.30667238812253833,0.012696199337162414,0.27514001481799377,0.05584774968498129,1.9249114672414656,0.747191212919823
745,1,0.016106840557794332,0.19429499747201942,5.656963260628716,0.16351372095665806,1.1312700408030607,0.0820099323709618,5.4904037082873325,2.435362110999189,5.540623163692108,0.28445696833882983,0.02970576574822231,0.3172826706897795,0.05461569455545569,1.9399753482144544,0.6460578450697061
746,1,0.009277712583706823,0.19794731256215847,5.577033300715003,0.17769029381215853,1.0614976702799863,0.06043636559397019,5.4927621914248705,2.4041718120748743,5.468606473196352,0.30592412856987583,0.010539017301601124,0.36970437348589946,0.006144158708923398,1.8683210015121818,0.6362940939997925
747,1,0.006254606553263375,0.20968211653353208,5.534490336283945,0.13986545179609114,1.080144684330249,0.09898189220788862,5.444155398557606,2.339616057425349,5.490738368193914,0.2173938380757952,0.006135779110821241,0.37200451380643246,0.05658098992584154,1.9076796262448554,0.6686634227621078
748,1,0.01974729374774655,0.24329738519377217,5.594628624494633,0.12398550106115312,1.1178891850323034,0.0958521804751884,5.585524807352607,2.2814468841630027,5.418435982140821,0.24194196226073536,0.008360238938295824,0.3115796312475077,0.02242186131341629,1.939577151482916,0.6555981927459429
749,1,0.001902182665663119,0.3189930588247502,5.532164303787791,0.09284456907651087,1.2182794005567041,0.042226581150851324,5.609513058951677,2.2733859821667615,5.385008763293357,0.1939162232045973,0.033796059419872154,0.37882762284823995,0.007921862316397386,1.9093347259091196,0.704006695807442
750,1,0.012694182463433498,0.2545468618790116,5.605399509992823,0.06950692339862097,1.188430584440679,0.05963649814049063,5.6164067800702595,2.309394819735798,5.427210819962154,0.14504110533974088,0.010975218753206702,0.359514025320431,0.021454985578696104,1.8887913847700717,0.7063109474454665
751,1,0.00933202948666591,0.39473028971900326,5.593495517564959,0.1179883552785694,1.2140228557404897,0.07227702868461279,5.582596035497662,2.2825323018219112,5.385426471342616,0.13772592486561847,0.028748161517629815,0.3446712689724448,0.02232884739856465,1.975973297941317,0.7238691802877053
752,1,0.012674582585763525,0.33780228077013463,5.690415379298527,0.11410254316341509,1.2426835257567983,0.08653058369935333,5.5830527723617696,2.3672834627517974,5.389024854358429,0.18863328985484432,0.0014880211227438294,0.3060220906758182,0.0633482700988163,1.9634467987677795,0.6760087136593732
753,1,0.014511636414212182,0.3286592113667354,5.7019745154016475,0.06627277718981424,1.2243558451933383,0.08858092212251627,5.652058002498301,2.406838922511003,5.5006833247074916,0.17869958146533063,0.009593497206771487,0.29844602410954035,0.08273093204127553,1.9455674224999562,0.7094715740179933
754,1,0.014240051477846393,0.3241643114248022,5.752428266151012,0.18854860469348414,1.2436599073675951,0.061698581445376856,5.605968400265733,2.422328091557064,5.489291021062131,0.1396194843951383,0.01999700471459091,0.17101544775840424,0.03579380435828924,1.8902048369274365,0.713889009222742
755,1,0.015178682549667323,0.2788958953316888,5.731051353048676,0.06886444096712394,1.208175507895287,0.08431074807323846,5.755208211095063,2.437441088061526,5.513754811168116,0.10606315913690899,0.015113572384445254,0.1317263327524919,0.004893664365847042,1.8693712555033661,0.7344840211657572
756,1,0.015392111981843506,0.2759339282802134,5.8086444089622296,0.12038489223616065,1.2446659024322033,0.07491569027434472,5.755203986053211,2.4721485656638706,5.5592836837942015,0.05148300896278845,0.007916697925072425,0.120093755100878,0.004819593438295442,1.89515546045835,0.6572554237878914
757,1,0.004358307849132874,0.319823990920898,5.789615512586603,0.11381447901424846,1.2744747252351167,0.06023139734872375,5.7711523008394705,2.498238165642637,5.590362300660915,0.020166225361925607,0.026202608297375352,0.04396838506274137,0.010734829302361117,1.8480746568716362,0.7131716475188219
758,1,0.007529388796263283,0.3025518499443732,5.870149140111207,0.08579402655705415,1.3291726045145902,0.09412825586971851,5.838749029101104,2.5583354472514013,5.658187234690702,0.047339775504361976,0.022867253405678654,0.02281262251068782,0.032036015544439946,1.8811020339841942,0.6867941750485103
759,1,0.012355297312627283,0.3005917091947883,5.843320416380706,0.09597096300585468,1.3204364192889888,0.08517332293193763,5.844646678434017,2.5836653934112523,5.656890470987472,0.08059955327918474,0.03135979223087869,0.004421235555111483,0.08119307828836354,1.8970840520562886,0.7164016084901885
760,1,0.014423821541940898,0.32526572776879575,5.8509851457604976,0.05967634431665791,1.3538107763186717,0.07814826788743698,5.898332732206207,2.5434535671137697,5.601446789159049,0.07112890683264299,0.018869851497357197,0.029601642123236464,0.0927145231345663,1.816433014926345,0.707487631977281
761,1,0.01209825074183903,0.31905333714602296,5.78141821326989,0.11072605828951605,1.3466890274656702,0.03261304877137247,6.007978487960408,2.4688797123572677,5.559924724795559,0.07155689063840204,0.008814637180831135,0.03241012933814226,0.017054411509592957,1.8826181804325322,0.7085582843801826
762,1,0.0083518344625941,0.39501566092942714,5.794220358796649,0.1599088757751523,1.3909689463085253,0.06080081955571944,6.017700790308786,2.340901917554184,5.60709275167138,0.14940339704135308,0.04912481126577808,0.04895326153834115,0.021744772902579243,1.8629923742503225,0.6800298197789779
763,1,0.013253801486963484,0.36428200093596225,5.848055332067419,0.15283756770594864,1.3425331244143537,0.0784826116316025,6.03031853918223,2.2632425528668305,5.573827704686037,0.18968722225299023,0.011102976123261695,0.03953727684205067,0.03682330091840063,1.8114937397127557,0.6322537056753729
764,1,0.012177686640348587,0.3721758818060139,5.897133236707273,0.14837826594355016,1.2917534218355817,0.07215747806904046,6.042929014022369,2.2184534746874967,5.551462717651349,0.06881439415842353,0.03576427567985994,0.012651808768443846,0.04870095259325596,1.8369952253050263,0.6824969751037928
765,1,0.020255209113931177,0.31442989225119033,5.937993188114474,0.1553498559524883,1.3159758078334054,0.0622453122290976,6.003746079503777,2.2422693478204843,5.5837133767560365,0.05044150858236038,0.03018926953372557,0.07358403950405397,0.07965123859346154,1.8800552494908365,0.6652730455022821
766,1,0.008660472685497118,0.38666215904022877,5.851850538798714,0.1399563351918395,1.389738666845866,0.036677289437425695,6.033155614030682,2.3014193495951343,5.58647705332611,0.018550498273425368,0.050093632554175455,0.06406970579499627,0.027782764380348126,1.9549216789533292,0.6018911822909336
767,1,0.01361638611551924,0.43331829065077737,5.8800538928575214,0.12103558924380244,1.363995122416743,0.04997731862663385,6.090875611996024,2.2829147281001583,5.502613440625062,0.028123346403727323,0.03997682555420551,0.1333874250059758,0.043214998773157334,1.999073565239422,0.568871425247423
768,1,0.003338925064897976,0.48954259883634793,5.877718088155371,0.06479927432042802,1.2724633772086384,0.07852375458038187,6.128047730025962,2.3210874103781745,5.467517147543897,0.028293446665115872,0.002321953457974827,0.1415000441336141,0.04024038926603518,1.9039419234891322,0.614218888046118
769,1,0.014545824205877987,0.4286620193143572,5.90781992768979,0.09592693838289494,1.30568384295639,0.049026212372148145,6.069636604863189,2.2680804118329814,5.396790693118727,0.05363363191854337,0.013748051827321289,0.2211889571019366,0.021941934321905436,1.836719947403443,0.6284175939555492
770,1,0.02032970917540835,0.3950339477028332,5.9113912230923695,0.13287616643488456,1.2572383778600298,0.08207577414503409,6.082337724200457,2.2416923028234375,5.400794544330311,0.028924419942548383,0.017440902577268904,0.1716417536917123,0.04752301522483408,1.8638189695715184,0.7072318432162673
771,1,0.019231583690959623,0.3538172017779775,5.831535177800471,0.15507828310224359,1.2548072168008784,0.05405744389185523,6.165912675463747,2.2313936255089906,5.401045605843609,0.07671673742336302,0.043587882570081365,0.19321728710897862,0.061316713729002575,1.9351966357776467,0.7309047386587763
772,1,0.01990616762525277,0.37625553151398583,5.840174042415451,0.17018021557648347,1.2837291630014187,0.0456838299536766,6.1676019082947215,2.3064463947534213,5.408174182258861,0.09372526311200226,0.00726664900054577,0.14701563205327584,0.04696246419662139,1.9023638586103346,0.7391532911457948
773,1,0.00840169107933016,0.40963392610402904,5.723642298230937,0.09697966831562478,1.3524462738789274,0.0625588627774687,6.131805763854931,2.35133656619072,5.427624523363953,0.16487945362983214,0.0015933155020181084,0.08460910532866672,0.033826695586310684,1.8910076733963934,0.7934697147405847
774,1,0.014287631682965611,0.44074567571521367,5.77898555741248,0.13395983302264394,1.3502051796121908,0.07130677059555061,6.16502474945237,2.388456946760011,5.426963052466244,0.21685349980155275,0.03394352702943264,0.07943368954727453,0.07665229914885008,1.880781133344238,0.7824694408605646
775,1,0.016113804368599823,0.3583907549447635,5.762661035946953,0.09941391641008934,1.3902273903840416,0.0918364485873567,6.134292697058266,2.3841001412496046,5.371483723983109,0.22983597732797992,0.023567197955566135,0.04984684846981267,0.0336885669470118,1.8988240805009282,0.6587503166844598
776,1,0.01980418708180445,0.313883143656371,5.75571105512652,0.1676313778767992,1.509721286572172,0.0893146677164186,6.199191417028873,2.4741654938278437,5.361303344220762,0.2488210078139442,0.022755020662096857,0.08882420322505771,0.029443767027635254,1.8654838177600244,0.7460044229038312
777,1,0.020640328920565637,0.33371800597799817,5.76416149712879,0.168104776104664,1.4722750640266133,0.09868422030590583,6.254545258423511,2.5414181062798016,5.412334942255916,0.24839226648473042,0.030697933194792207,0.12058433712927812,0.042700237758322775,1.8954602575520827,0.7487830454974584
778,1,0.011684438127916705,0.36352720659703686,5.756519862789788,0.1855001840588914,1.5314871812289497,0.0011294635894741362,6.171467886349247,2.529308293188588,5.413042443475899,0.24297103796214903,0.03836543973722103,0.02670021224102617,0.007723688937790101,1.8701292935643088,0.7589613770542953
779,1,0.018410644819597307,0.34977010885379617,5.759306023846968,0.16864265278037177,1.5134404215610662,0.049738290372569695,6.161627475227242,2.638205713151886,5.4289175261697915,0.2151991327485242,0.022096868131794276,0.02372456961254967,0.03575788591486888,1.8065930004771324,0.7314585809693915
780,1,0.019972592070161586,0.2507091902770867,5.701758911019679,0.1784985364255663,1.5286982903185307,0.032623993163538284,6.1856071140307245,2.6902075574899214,5.428386749629936,0.2489988108859663,0.0210943412379806,0.07292932150004443,0.0016293545318002264,1.816171587407669,0.6877772625078581
781,1,0.020649156291780272,0.31146629815928684,5.726504089680623,0.15817729980108095,1.4573451111804234,0.06724375929915594,6.123323445258579,2.7857779858552574,5.4272035954305045,0.2202369255708199,0.035859678453699424,0.10480714515595135,0.08679252243675603,1.7903993114036287,0.7761052942741468
782,1,0.018586570602347183,0.43310593286116467,5.749398807881546,0.14518768748992195,1.353905953584267,0.07876915899742991,6.108832550739199,2.785285180195317,5.377936689471688,0.14214909311206164,0.017199335353606075,0.10974267309780592,0.05069961703884827,1.859544892965013,0.8335619133290177
783,1,0.01739851969934247,0.4336302649972172,5.7830436814321065,0.06663936148814563,1.3373875597357412,0.02508426436487022,6.148696916647313,2.800460821940077,5.368483316742844,0.18943483143915715,0.0012929975221108085,0.10842984774846655,0.025414765697602537,1.8210170276467208,0.7759037393550217
784,1,0.01732815830437996,0.457803865141241,5.837140976124584,0.13372867675191452,1.3520824749386626,0.07835743114583515,6.136328282042519,2.781058577834147,5.369304113940114,0.20191119556915718,0.03076597826098507,0.04630291862581385,0.04642905087514834,1.7833033735998165,0.7792659838673976
785,1,0.011807392999738946,0.4365922007044365,5.750826481062607,0.06489620692849166,1.3569163620759361,0.0822391939366196,6.101815503131219,2.76804742134275,5.342602965555645,0.2311403543438485,0.0012791496334942382,0.018635035601187115,0.05039679715425821,1.7039967409473922,0.6676533051696928
786,1,0.017744211230589918,0.4310415773627114,5.728062504731174,0.05405205399322827,1.33077620749373,0.06505374155271988,6.151323437211706,2.7468919387785244,5.338495703197885,0.23920811474337253,0.013054323033961052,0.01213021082311141,0.07887552662600784,1.626111383347391,0.6759398086949515
787,1,0.014740719220011743,0.4023163345829385,5.726347535976448,0.05961837198804591,1.3496973933058087,0.09507326615268988,6.134830989689053,2.7277981878230166,5.418720893363385,0.2183272445334803,0.007277342244021512,0.07735480471263363,0.046854754073563064,1.559329914552414,0.6922361051998766
788,1,0.005375231365941315,0.3473669554397832,5.723913086429799,0.10781477235288507,1.386319982457264,0.08044534825553858,6.238649479769677,2.703420605686685,5.5067304145828455,0.22936384966736667,0.027627042559471876,0.10246561607354827,0.019839472789486348,1.5794147406504577,0.7238662751576813
789,1,0.007459330204291337,0.41415892795435283,5.731746059343802,0.16483568840977667,1.4310567457773966,0.09233560877454201,6.151118184638868,2.663964196867312,5.496495638626909,0.19421743089127486,0.012576181381188907,0.029297823801124764,0.013498451789495164,1.5187381596135348,0.73059907856568
790,1,0.00010397580406079573,0.46184000543508735,5.664409575883114,0.15167349738376815,1.438460849987836,0.03794574191075868,6.220126407200157,2.79405223708431,5.517260448673402,0.12454668936747616,0.05973425999337893,0.03802782924300944,0.031771929621334176,1.5548186062753817,0.8735937117841109
791,1,0.0039681802240023635,0.4281611378305463,5.6934898069134645,0.11179257088576662,1.4930411680939362,0.07394007340162453,6.171374877670281,2.8371614309956814,5.524549773146284,0.03161875997443048,0.021731003241319352,0.04949954824957329,0.06876692481367405,1.5478487156894472,0.8295370508120457
792,1,0.006994594491630046,0.3923435232793331,5.693949781242356,0.08879830919677686,1.413855260340203,0.08426036224652704,6.232737882388646,2.849953728693703,5.527661181423361,0.09430368505889045,0.0050226354447401,0.05745765715005712,0.07353647161137786,1.5374197619916814,0.852562813257183
793,1,0.0054558131264241475,0.42725884157699007,5.718244784216133,0.07146659437917295,1.46334877717684,0.030446411800180977,6.153235303809395,2.8628059942241033,5.44366387883485,0.03297668391338887,0.00751403620663218,0.09590454365184835,0.004968182943645662,1.586567771306336,0.9110955951374823
794,1,0.013610449071110765,0.3530805428806452,5.647652635659603,0.11926134811470948,1.4394511944594999,0.06949583994855393,6.078130613566097,2.881479645603497,5.4363110591737245,0.06281346536540174,0.0049566850427121755,0.05192206377180772,0.005027073977891954,1.621923780339022,0.782737702214088
795,1,0.00038018365341493693,0.38486264679956395,5.572174835104876,0.14816499120088625,1.4665888661205042,0.07641637207101892,6.079717419282222,2.9039369855330133,5.45406734009771,0.0799944077702326,0.0297833635999494,0.07580558628670904,0.04885838487212699,1.705129241967543,0.7812083278031895
796,1,0.012342754637216501,0.3571476262741468,5.622539570358507,0.1959069076741032,1.4087380356949166,0.08166015322027513,6.111750951540893,2.8586763380119384,5.396609718715997,0.09095443395975182,0.02794706456541821,0.0958058690695484,0.039381691454983235,1.66948278660522,0.7261453737789737
797,1,0.016254546326908825,0.37113697989236166,5.706402223458641,0.1869213210758858,1.4833894326126666,0.08847876080156589,6.16310292491412,2.9091277456518925,5.360293518558016,0.050807297075117705,0.03408338281592838,0.12738345622749045,0.09716777515888882,1.6441933192432239,0.7401224003733748
798,1,0.0188437305972295,0.2854760446968603,5.601744485765706,0.19954383650622515,1.478026442518824,0.07616052935474887,6.137947023841403,2.949194996449255,5.323425589878891,0.11142149814083399,0.05259332291335343,0.12359781283134623,0.04820526512487631,1.7008440857024085,0.7518430120676136
799,1,0.01021325778944745,0.3483344463921773,5.58146944012519,0.1959512180749696,1.4766619522305673,0.049899219398002216,6.06416616841204,2.930463727816315,5.3586915160447175,0.05560995820968524,0.03444610666892875,0.08426973045311062,0.023198391422490333,1.7337219463935953,0.685545388922301
800,1,0.0008995906815486008,0.4066800717844413,5.587740237141916,0.19837015659874058,1.5605695543195042,0.06357435638656785,6.065556119479533,2.8189693928686816,5.371226511232253,0.059404878316174484,0.04833591107066364,0.027617483488720763,0.028990343919212316,1.6434536394646444,0.7368514851312983
801,1,0.003477304918436654,0.3883227621866856,5.573822243758362,0.17127553244383895,1.5543329430779005,0.04627780678449211,6.012858959356468,2.7991494265225274,5.369734957043303,0.10759245475198022,0.028944039095844948,0.014206503287417807,0.01878704230257256,1.654387582316878,0.7016933445359685
802,1,0.005580939118902457,0.4231034484903737,5.586316763987618,0.1764052358420488,1.5686631039114658,0.0813951169904385,5.883618574216193,2.7169853894847664,5.349180771914291,0.07429828526307762,0.03594827287544709,0.010108907398265494,0.05347373375177986,1.645489140078602,0.7052394830275277
803,1,0.011691730224715896,0.479617346556348,5.6100072198347215,0.19128029642537048,1.5740839810817318,0.08124168411729596,5.8562578207504465,2.757582900423245,5.330027695120737,0.12028835489117383,0.02404715500373568,0.04462281059245857,0.09121751290131914,1.597988869859767,0.6770799291553196
804,1,0.012654101059930159,0.3879369138379802,5.647991948371995,0.15175064274425523,1.5574288375338572,0.027234289195524744,5.89470096201431,2.74597274814961,5.384802642008894,0.10371039209002492,0.016822569809147942,0.06529844043872965,0.009194663036425164,1.6713942605693626,0.6688238347097429
805,1,0.008146675799227615,0.37583500701325817,5.606976533823027,0.17690364486253088,1.5538368374968945,0.08854739904629626,5.805849781076505,2.704025180448904,5.459102900544741,0.09685307383275228,0.05798215827719028,0.1202108400002339,0.032054575969727335,1.706104652470137,0.7986119231996004
806,1,0.01171635794052161,0.3471668885527768,5.672835869928181,0.16195827294927684,1.6174048451629688,0.07022759680050736,5.823571907666525,2.6393827974819986,5.43957342905484,0.005086091137324265,0.03232229583305432,0.10594370875064751,0.06168509318612184,1.552275908335579,0.8225565193491835
807,1,0.012447631642638415,0.3376929888937613,5.680137781350708,0.13491820683921604,1.6046574794285597,0.08695656806590916,5.789820908211204,2.6307742182149028,5.496222213808281,0.060028915458223545,0.002970898661364239,0.06383124884413344,0.09437283690033653,1.6714556089948842,0.8089336361795503
808,1,0.008016182862289145,0.32435481073428574,5.629643175814424,0.08392367357697417,1.5293964650802025,0.08243756871821752,5.756115031540181,2.6258440666305662,5.477037447309191,0.07694537037938698,0.021874232573019032,0.025462326965039937,0.08099109089503917,1.7270707750400844,0.7967558354730349
809,1,0.011503489900867001,0.3697373395670042,5.636326916093987,0.08726313170640403,1.5482645200961096,0.08683875635014605,5.754355956058383,2.626380922712642,5.429422590471713,0.0994819544731438,0.014063843088990958,0.11926117203518558,0.06823147962315486,1.675132126043752,0.7703464339558624
810,1,0.00411171457455823,0.43472673828569447,5.674514421329786,0.1526314521640224,1.550080573427951,0.04021361873362703,5.845614397902314,2.6306491081716965,5.437123098650674,0.0925325383082288,0.032817598019648044,0.07750122971925688,0.03241076822399535,1.690757090897729,0.7183475038688607
811,1,0.015748258866621137,0.39306761188821343,5.813723390782517,0.1695848936263247,1.472460735135819,0.0558105625763704,5.833786967995616,2.5812066820114317,5.455969820339148,0.15296348341492788,0.03931144646077082,0.07792941366189346,7.237598899682244e-5,1.6508709070555865,0.6205568325956197
812,1,0.009873337798982538,0.4100736288810287,5.80815585621627,0.16963879525106765,1.3805869353818767,0.03213662796166841,5.812882003934698,2.585260918420218,5.461841102960054,0.15236180433672378,0.029852791913393645,0.06404547712793109,0.01982782878830629,1.6429165070043752,0.5923623706016418
813,1,0.01279679556468488,0.4081582652567213,5.735370506817905,0.14734492911066202,1.3637782555996036,0.05382608371648211,5.810097040756632,2.502593850928704,5.478057540899769,0.12566316658929158,0.028167898165965204,0.020150773205986138,0.0024440738489653973,1.6639473377510086,0.6555219197496526
814,1,0.004373067028356079,0.3845652645092107,5.797836148017135,0.1206837564637175,1.41180963462712,0.056555929438218536,5.804415814603065,2.488129793759902,5.516863647710064,0.0735772072934629,0.024026485728722957,0.023267604256889927,0.011715892002777664,1.6382582905092702,0.6203418598657275
815,1,0.007400924109825343,0.3225833206006303,5.779932596902234,0.12219315544405981,1.4339115864978877,0.09586495364681233,5.7784028684973485,2.4958046283951187,5.416012239769358,0.027958841734482834,0.011683530158111306,0.018853576089104627,0.03552197092905549,1.6114098480426533,0.5757334738533417
816,1,0.010567799747010937,0.3288044788642198,5.738186572154827,0.0948885535445152,1.3688100005153914,0.05448692381392662,5.776280626172286,2.5325346172532472,5.495967532609646,0.019532125365733306,0.013703244009453622,0.01339535954230501,0.0027956639432924753,1.5738427342398251,0.6144254828561487
817,1,0.0055946992234661135,0.3146533772048179,5.791356365880546,0.10513553165820227,1.3620628122372875,0.08930640098153737,5.810559979082104,2.495084886388684,5.542339719795483,0.08187461036190327,0.023416048477804794,0.001234652680367448,0.053138050092346865,1.6181093539705163,0.537969714681732
818,1,0.008325099351709634,0.30340894596412893,5.785587268747737,0.11746122938350262,1.3573968933059328,0.07271655079688402,5.746793346627881,2.5282180433749586,5.4857682074065295,0.07017338963230782,0.0261382146140691,0.04317961847971192,0.013354840496652755,1.6309552628617852,0.5438267884249197
819,1,0.013486930456447912,0.31318698897045316,5.764353427462884,0.176588911782422,1.4094992945988678,0.037800925265540984,5.669244612904397,2.4361076718141272,5.48418905500148,0.11978950332945436,0.05474437021873179,0.038704968792332164,0.03135246483950613,1.653137582511557,0.5501641528905435
820,1,0.008400317058217187,0.3353188475484437,5.7601293578775605,0.14828258875213135,1.3478380829611203,0.09168391098538452,5.6640001432462945,2.420157464264996,5.560329986931792,0.12027162735599475,0.020107876908198742,0.09215216000883575,0.024818301471687367,1.670012240241599,0.5729870826472878
821,1,0.010268680703391637,0.298319171247818,5.873023136441148,0.14346414770399504,1.2903577108925035,0.07259751907012703,5.612273846231114,2.4788629015182493,5.583368746735771,0.09767244256311296,0.025375904256406106,0.09227562523775319,0.019965654514354128,1.5850426168218796,0.6262201574097348
822,1,0.010057604972477211,0.24256245767371618,5.877448842399332,0.13973977377894767,1.2416531827309965,0.06004512754895453,5.709445432644627,2.522791450207454,5.627102617854892,0.0906714048374434,0.008505791544387681,0.13073177074785572,0.015559759519899801,1.5886671226145381,0.6500482136155368
823,1,0.002891677745567298,0.20830680790497788,5.836393330315337,0.15686591050714147,1.2242169482543934,0.08792259801066271,5.71300246009308,2.5846338469265207,5.746318256122914,0.1010015187775743,0.0009352850014309577,0.1343541163739047,0.02559020202527531,1.6037398447403712,0.6583490771064003
824,1,0.001572449938081726,0.18381305378464327,5.873737730890289,0.12565515492055654,1.2527000309030745,0.07732168580735822,5.764230411720312,2.5735420577554597,5.813819328654786,0.13582831563890982,0.02825660629056987,0.142431208035842,0.003745957394561522,1.675162769819548,0.6436042831253446
825,1,0.008324772756558739,0.21401577819009268,5.879058911499681,0.18486754613364487,1.220984713726898,0.09682121279902564,5.803478562028344,2.5857834893456286,5.836742662169375,0.2349664130198793,0.03893375855013382,0.1593349349302276,0.028203579284669114,1.669185459131853,0.6014958732322294
826,1,0.0033543667032533983,0.23665473917290933,5.921705151466156,0.1688066687860126,1.1852132252091279,0.09029629631827064,5.766212283642655,2.5784532202818693,5.811078461749243,0.2038317866063065,0.0267146161923604,0.2200960886584055,0.024485360313548667,1.7109811073756347,0.6221316059732607
827,1,0.0013235627970879346,0.23260501112054752,5.942382066389861,0.09517834510170055,1.2612631924550672,0.06844003964151478,5.675174572304637,2.509672894116717,5.81845351273267,0.17338784368167484,0.005213513511466493,0.19379967455837005,0.003920188874565384,1.7439343612529252,0.5981105800121215
828,1,0.005217197908177756,0.25113235906149867,5.9207328863009785,0.11451463191864657,1.255851315006502,0.09013438269735231,5.643636855998535,2.4899064826147717,5.813914044419857,0.15530046033172362,0.03473946047124682,0.14915186105700104,0.005473342753700526,1.7575389953504845,0.6584317463741923
829,1,0.010387649755018201,0.26906972425770925,5.982300845231282,0.09873291402321464,1.1619712982675046,0.0457354167018648,5.605325109593129,2.541297986210907,5.828033738230725,0.16957068844799586,0.04053301263336077,0.24463129002067155,0.022931454516020827,1.8270734740066887,0.7204121480334409
830,1,0.016720119088213962,0.2488155069268776,5.990879976765306,0.05824927853781666,1.1324530727718545,0.07471293049345358,5.595448191169655,2.5879958452379292,5.780794817873305,0.16858257889928993,0.02159296112428844,0.23491453505499338,0.0583330796349313,1.779586572247291,0.6705913344579852
831,1,0.005256397858344256,0.21391391021819,5.916649372481183,0.11314114363261016,1.1306560614701533,0.05937259294079513,5.571109108778147,2.526286399049312,5.856888490034376,0.14907996804670243,0.015581209140436416,0.259084806445821,0.06074079501501161,1.7049791724918326,0.6769544123465551
832,1,0.014988006780807786,0.24005344441034357,5.87308542259378,0.12088383191295402,1.089851784525576,0.0896050663507492,5.620188014831226,2.5396316428399226,5.743870344611526,0.07833389896671214,0.04673929745000925,0.28297173161412503,0.01936793311985672,1.7687979403835359,0.703388402953749
833,1,0.01529227227818647,0.24346775969488318,5.88142962497235,0.08572846847436133,1.0869198347563447,0.08762685609232662,5.617478673138797,2.5271981314114544,5.680992006701496,0.02013415575198111,0.02526990496114625,0.23619546447192846,0.025142507259888522,1.637907935204833,0.6431904786191549
834,1,0.016947401238674355,0.26924255330661534,5.961813753213389,0.12052825255086956,1.1355307615159327,0.0856890043848325,5.564630046030646,2.4679885050413213,5.691023584604924,0.055029643368422934,0.012949028513735137,0.18375219776634275,0.009856122590584942,1.592572051869057,0.6173596982721911
835,1,0.007792996462899006,0.1909767688202937,5.9645937126052795,0.12218482217273022,1.159591037702566,0.08980223867546851,5.529376319260869,2.5078983502612315,5.81826535090533,0.0344848514709353,0.028238665618146756,0.17017879645721856,0.001006991917586817,1.6132233546108201,0.5676901771472908
836,1,0.007499043082045947,0.18099160752545637,5.901091300003884,0.11416868703737322,1.2148811878171255,0.08640389079677907,5.514832361663744,2.5519325705785723,5.839903064363871,0.01720060231317566,0.015009861100331465,0.2115686750664437,0.026851852869170384,1.629544987462509,0.4973646308518335
837,1,0.008247808524700875,0.20058757805702446,5.967738418919341,0.0731629891035148,1.2174876779749169,0.08504029078668195,5.5459062293286,2.590240479464343,5.7808220821857015,0.0743126360274307,0.015392458871841487,0.19300084939716605,0.0468083418069292,1.657563537079533,0.4177528690597289
838,1,0.006527476641577245,0.23540205367606548,5.914285599274318,0.08748222444686363,1.2080324060169143,0.06528878595720178,5.528601099635753,2.65053646626604,5.7629389844946415,0.093227980873895,0.011950496385898152,0.16913254588251372,0.036682399546879386,1.6951195595638724,0.4354483159980896
839,1,0.003694556692519848,0.3260555346489649,5.906056814052947,0.09758943483424307,1.2605198608055694,0.05628888029581139,5.515551028151844,2.6412134523579716,5.792494504913527,0.15634991694212044,0.009651513046206909,0.20959627093041902,0.03371353688078832,1.6974425403847058,0.5663575596194586
840,1,0.00557347409617757,0.29934085347942424,5.903924610013777,0.060952106386370074,1.2607114414402207,0.07950961935649063,5.507487456190991,2.695836090626217,5.751715310081399,0.19323372133809952,0.016640689370201984,0.14690283376519805,0.03931967083343036,1.6974625491582584,0.6199187876507131
841,1,0.014659070661412052,0.26475318665514935,5.9775794497538115,0.14412953983965018,1.1744698252596169,0.04530715058551892,5.522672779924512,2.7114430786949884,5.7688529335782865,0.13837392511738222,0.03412106089486654,0.0675564895535393,0.03711608862644613,1.7739563919406498,0.6483799436036317
842,1,0.012612601221371969,0.18472648448972004,5.9238127368465925,0.10299922047480958,1.2287584407743206,0.011362199799538711,5.565501387261567,2.7286333363127633,5.800474484010032,0.12397025051894338,0.03839519030167569,0.13582079441564787,0.010432467685782917,1.8101027241526544,0.6155347404941233
843,1,0.015730125960927585,0.1672053284465573,5.950776662169452,0.13483536276964514,1.217338430396398,0.01445978529245767,5.6166610737819145,2.6050462271435393,5.7522295541014055,0.13002174044829679,0.03336535990582262,0.11208249360486935,0.01602890577962215,1.7349621789200047,0.6028637630979634
844,1,0.020291045708910323,0.1699531222010129,5.9656199625419255,0.11927059895252626,1.3344484617958947,0.053253959781493866,5.562920819057501,2.480222513939138,5.793341079101515,0.15446652651614912,0.03604260232813681,0.1823712330940505,0.0654604255269313,1.8023108656606088,0.5078945158604373
845,1,0.012562645475000444,0.22024377792167077,5.919065534275542,0.07649036713772275,1.424410798174464,0.05715321235986247,5.589334468176461,2.4159702766915925,5.741870701565759,0.2391924618701756,0.015353215298588522,0.16432337720541373,0.014594291354655037,1.6912065071308777,0.5721804979386611
846,1,0.012075720885717315,0.1694278580568823,5.842630981390698,0.18310145978532377,1.4696059055893045,0.06624119550335175,5.616249183312385,2.5124415237852133,5.745291482939536,0.23045120766229596,0.027684970617447915,0.20999838237184973,0.06116509199847089,1.7476510995330392,0.5692447814264977
847,1,0.015037361704588113,0.1733829245088014,5.832551580824848,0.18608835444684593,1.5094017342084962,0.08069823429123579,5.641515892861939,2.444822252426585,5.748062069993016,0.2278808525659128,0.05716190114876104,0.2164346829028542,0.07306759063824238,1.7654110345335472,0.5787782128688969
848,1,0.008932826306208631,0.23951545498831778,5.810953632732669,0.16342676774888057,1.4293467179213561,0.07379461802127193,5.590653425051724,2.552866542076153,5.737940310259862,0.17668807390847296,0.03243796255475019,0.2621963052608888,0.018800483698732395,1.7589484493478664,0.5695449482072236
849,1,0.013680696962621738,0.20453350455131442,5.826635585716062,0.13074056404557405,1.4721601165952067,0.051186102474217336,5.639299841574085,2.5241798229336565,5.647287475539615,0.21990196535633783,0.005190283734054869,0.12915655421851852,0.025677525917494733,1.7330183257229643,0.666404908139525
850,1,0.0034063416236418446,0.08270459954059235,5.680079906102915,0.18617988040504502,1.4784425494593858,0.04856014502144735,5.662476790457869,2.588730816270573,5.66679525604361,0.26887959830856495,0.022547465584347892,0.10812565419463974,0.027206356327580766,1.7412675495404013,0.6492415255658819
851,1,0.009172983323090873,0.16191583530836492,5.685972514793891,0.13756634526386746,1.4686085237897324,0.08921159796277424,5.739079408638692,2.635646113236107,5.6583992883552625,0.19561946033051214,0.03060990326752809,0.11814122858829111,0.06372025280475466,1.6635268885051615,0.6331240467071421
852,1,0.0017643807640589637,0.10753070346394153,5.7293370322275905,0.17284183114641588,1.4667640899119578,0.04359443174030575,5.671047988917708,2.617121073218798,5.712836005652137,0.10293224264192774,0.05277362352614633,0.0671341828933137,0.020092496831675907,1.6601344399453601,0.684778728616117
853,1,0.01942219500839127,0.10400837979933841,5.729595898274833,0.1788929163027622,1.5106525024668176,0.07993425676720158,5.682927122676196,2.604524580946074,5.647065248094231,0.14291447405129015,0.005897061580434327,0.1257348312783719,0.037256381351828155,1.5685445577369466,0.5199279963187746
854,1,0.006850720644978229,0.11383428435574743,5.712706447266539,0.1826137789556862,1.5109636364396628,0.042220032714899935,5.651970945899779,2.6201019272708876,5.632059899037464,0.011537955556630113,0.024589555464658807,0.1332841851337142,0.024796728184545303,1.6122380537542205,0.5510654933825896
855,1,0.011724475745641748,0.1188032768270568,5.705747881100371,0.11380591695796999,1.4803701953368447,0.04248474610514796,5.670012427675323,2.6202991639678004,5.632489581911027,0.12807476850434,0.017457534293465138,0.13688568530615147,0.03710813644019399,1.6364108208974042,0.5637284435671701
856,1,0.01133174287238181,0.10433868075625491,5.661368073881758,0.1594299095892797,1.527048830832016,0.07478148160236506,5.6571853730335535,2.516722001450095,5.568022835772636,0.09926630797104617,0.0036392730709631856,0.16589587612917642,0.021377777037948662,1.698404778633344,0.528383061417379
857,1,0.017431647735126576,0.0897304857352046,5.598737991189361,0.13085923214461578,1.411506371142517,0.09410439856552912,5.6926990191055875,2.516315493400853,5.547516493560549,0.06300707559821564,0.026768466924054733,0.2699247932798733,0.03633502002204933,1.6944314017746822,0.5046333944779234
858,1,0.015620970226368897,0.11748100206426625,5.5487739968769425,0.15428998890456397,1.3833600810916837,0.0982401186835405,5.708819475880636,2.5452929747456325,5.548409068886097,0.11721994883285243,0.011504757596282692,0.3131259771279785,0.011017306196864939,1.64008594696419,0.546045782288415
859,1,0.01728023435092892,0.0684588952740154,5.524719527352999,0.18331174154924035,1.4025685012334412,0.08896164528083415,5.7995077905429175,2.5112458635907142,5.550301196536329,0.14537155804619104,0.041234961263602654,0.32033415124907044,0.031127865231113862,1.6085770942863444,0.5287847737776609
860,1,0.011050458436423648,0.09640394172605245,5.5915420509690055,0.10032570030861643,1.5077803307478679,0.05870403244061374,5.866631868251208,2.5151245990641358,5.56306866696826,0.1020563233350572,0.02108000907600489,0.31917331121473624,0.001977410213327396,1.6245593825992986,0.5084907075773896
861,1,0.014254612123178485,0.12076417053128298,5.672092935090185,0.11829377834651172,1.5970788295177252,0.04538654311980501,5.802588095008629,2.5337655116370494,5.582709972784932,0.16478530148893034,0.012476502712877886,0.31481290017680663,0.03081429045434991,1.7037381934940423,0.4813771946139133
862,1,0.013816207607960613,0.15602377708044432,5.747632731301919,0.1046033607901701,1.6055668488002408,0.09841796740381906,5.829984330257349,2.5729923639279164,5.614775162963814,0.1921654009341018,0.011808359257649793,0.35264719787644194,0.06047742503682863,1.6839204361127496,0.5693625649916972
863,1,0.019214767838567553,0.17084701515639553,5.771287074432366,0.14593859163378545,1.6156465288579047,0.08270456276472346,5.8205273170756335,2.511018618736558,5.6133883200367185,0.13510423765519616,0.00012117831057263285,0.3212696566513494,0.053660138513094896,1.6516650413856155,0.5011387976062781
864,1,0.01602603943468505,0.13384815246498047,5.735214621709508,0.127780614653819,1.6496448664519272,0.07088420392062954,5.779118100739472,2.5458815887645105,5.591574034419332,0.17002522998263062,0.008805224188514838,0.26768034429059967,0.0014298699840158662,1.632071070120608,0.49900122109273626
865,1,0.011339712410389202,0.12340471788887312,5.639666524203041,0.09122606472673468,1.5859758415437686,0.09892522150419195,5.7516485456060895,2.486429576992772,5.593823360334946,0.1845261220954023,0.0026659164981999647,0.30232128458507,0.005677384724971416,1.6391458740710887,0.453874975324724
866,1,0.008502954024214743,0.179815900821643,5.655791058716184,0.14149649604519723,1.5793752705699058,0.09757089914644959,5.676167402753482,2.5775126022470163,5.5793818650747,0.24916154912700525,0.012667667989004198,0.3388329074448918,0.02253913416555961,1.5769237995328613,0.4321389111055474
867,1,0.016002755511690534,0.2537999776159614,5.672576203944955,0.1678275221231364,1.4796967368474998,0.07815017191223446,5.682150911561106,2.5968020166701278,5.4993175596215895,0.2900127265657284,0.02813001231413416,0.29368293068044554,0.08452443617006636,1.5456618523113834,0.4887955270369896
868,1,0.01710600067873873,0.23003228242466167,5.6339748131179315,0.1444326740260222,1.3802536451813578,0.07809285723385936,5.602020005229865,2.5856904374798315,5.441665754245915,0.19923606317572348,0.0335581466076147,0.27239686433962784,0.021069420725885104,1.5590288897826314,0.5659480117544673
869,1,0.014316952029661224,0.2483914588642849,5.727007576190541,0.16994842206603605,1.4198322762324196,0.09419528343448387,5.6163710575786,2.6198581643479564,5.489664367870434,0.13593258733338917,0.023825555769654873,0.306927888877197,0.04062132954270464,1.5418577873342925,0.5463030565004104
870,1,0.011491095651039025,0.26694552142978667,5.719427559401348,0.1883687131145873,1.4134116079680428,0.049878138000950444,5.602994386468136,2.6637737120283753,5.478414352931699,0.11562419983760507,0.03986532475240994,0.22312142633138018,0.04145190789865229,1.6124182740055486,0.5740539705628137
871,1,0.01762897378434803,0.26060871517541767,5.627193137166329,0.1652057754842298,1.417839739117829,0.07774481551718768,5.601682556304577,2.7310805708008115,5.395993901375129,0.1755023594106337,0.04989628613608151,0.36240154766177557,0.049087186808247626,1.5504088961348872,0.578165421379145
872,1,0.010389860068993383,0.2757306731744985,5.529447402666959,0.13198367181715875,1.4283594177698447,0.09238883897191709,5.56666807356891,2.7101459833222887,5.416984359082984,0.10110773953499338,0.03290389931146366,0.27246876576183854,0.0892265344819097,1.520171244891361,0.5949970008412225
873,1,0.01735709595060801,0.21717559489973295,5.470846312445118,0.14430865592774678,1.4736837715742144,0.07943767396153258,5.565818368126776,2.803863690567093,5.328914885438124,0.09098329963523853,0.048766134308635474,0.25208524633798374,0.07249440996818908,1.5527635112275795,0.5909792379421479
874,1,0.01441971315972869,0.15473116080989546,5.4630441428476955,0.17084096458555523,1.4522251383804563,0.0855089778408519,5.572966013832796,2.7951790647154926,5.3142607731362155,0.03642956992598022,0.011661034958158222,0.3181489217073731,0.058705661539982225,1.5045802373263133,0.5129488877708017
875,1,0.01826608707869848,0.13747356029949973,5.527228857549688,0.16545476496446285,1.4654898918158252,0.09558669672023871,5.520612170985488,2.8408530876476292,5.3884344344077375,0.06152153761238328,0.02237257724625195,0.36217514997046074,0.015954478533535404,1.492855024538782,0.5093741899020594
876,1,0.009946746148667635,0.19408606649156618,5.53180181705616,0.1654411237058954,1.4573041780485387,0.09466545763446972,5.492878215360416,2.850117436010624,5.346292607370973,0.08294101759746765,0.0007538618927565059,0.35178761921505886,0.045200682018422554,1.4816204384859049,0.49825776032125735
877,1,0.006074616684107607,0.12571832733395616,5.479420577342925,0.18286122488582643,1.4238093107101126,0.09767623269371738,5.53731765438481,2.8180710418135697,5.427114511173842,0.10587182208884105,0.007942006433462614,0.3583936748541226,0.04883485741562195,1.4552863561701166,0.500922381163084
878,1,0.0014139626430349523,0.1072061180453079,5.369112151494622,0.12344524751334023,1.4604862737404973,0.07321431316726586,5.535939995539652,2.8409206491643166,5.352536294960714,0.05616028362888911,0.001307763299321404,0.3543023956904775,0.015739550241123595,1.4951085234256214,0.42101934919737927
879,1,0.019409605340212206,0.060970836575237025,5.312215169637016,0.19842037922942454,1.446981156557701,0.09481540888158714,5.5664066109283565,2.827746919451625,5.292742362607392,0.05995357248909038,0.01845448074218171,0.3462472131668058,0.03833638620651743,1.505043786051203,0.4050131480619292
880,1,0.005631909946695532,0.11412177386504935,5.280859862104137,0.17763635826433485,1.348115968312411,0.082679344250516,5.502119435179317,2.8019216312678514,5.277360015249024,0.07358034758674853,0.04342434395359028,0.28377552012011653,0.053293072107122814,1.4760900105145986,0.39562079740243034
881,1,0.014118118404146498,0.2054396238784472,5.389808977053893,0.13402741345385683,1.4166094814046444,0.07159489412921359,5.4103613358493075,2.85019064057741,5.209701796743719,0.18227459056137044,0.010726211769121897,0.28632290081911854,0.03509913557546752,1.4983073276103656,0.4943030170209091
882,1,0.005217608122096407,0.21191716032465452,5.347219898211645,0.07826826571140687,1.4205273335532151,0.06299654035012105,5.549317599097579,2.857045518521457,5.15479916521349,0.2050246675809397,0.012753103161885295,0.26352288395357765,0.005752203203098533,1.4371122194897001,0.4234072753761834
883,1,0.003467721031519436,0.14187456091187736,5.242353287479594,0.06433397083219809,1.5396604384140138,0.05077759998148786,5.569810310229153,2.92068566927393,5.206792293085171,0.1662903896196195,0.008157021407829423,0.2854566137355789,0.015642626976927348,1.5123560961954108,0.5405154132852549
884,1,0.008304617905000169,0.18982347528283938,5.281661506723744,0.16422749649789237,1.5282388374711424,0.086574624601682,5.533824862718648,2.8803615091596098,5.24866843140524,0.2675409798023719,0.03911497237666944,0.24174354849096366,0.07995473270780332,1.4970966825764107,0.6554501578495072
885,1,0.008192450456185121,0.2302084312546813,5.364962702566194,0.13654188509519588,1.5143033039871863,0.05455421609985942,5.4993814780624,2.821544732387309,5.239594870225934,0.24598272986152853,0.035864514048589785,0.18283486114480374,0.03952321806961296,1.4616666145595765,0.6505813063773984
886,1,0.016563612856001744,0.17429605284839791,5.408883729620988,0.06597480446198335,1.4951993293765369,0.050000464757565956,5.481627672438213,2.877460369499219,5.274356027976553,0.2333920657711538,0.012882685897892366,0.15249132637618806,0.04763330194394828,1.4960999212738906,0.6751954698411472
887,1,0.009450871205413538,0.17082312738001898,5.412862054554356,0.06487150664755226,1.5218087244745495,0.05306078971998981,5.506203450877058,2.882956405323598,5.314089145897909,0.2340169489484764,0.006913865915565698,0.08806608615989642,0.023258801626211828,1.4792663606817813,0.6489741091202375
888,1,0.010273068397833351,0.20401529968749213,5.403078798459695,0.16063301044485082,1.550692577477226,0.02849189762415371,5.413551920859469,2.882949191375944,5.29774629634967,0.26709530355176964,0.02687346833323202,0.16215370068652799,0.032214154264514495,1.4644107224743144,0.6657458302549137
889,1,0.004991814858877399,0.23590089975049958,5.398991151524426,0.14346192824643716,1.5611214184527429,0.05523727861874839,5.425183852673285,2.805762554239124,5.286349840232969,0.21583378809558576,0.014347216014603988,0.14705850883942254,0.021042043282394233,1.3720208089430412,0.6440177520488661
890,1,0.008917315637266141,0.18377636593381538,5.452200843220681,0.11279279913305874,1.4791182978235609,0.08774658086845089,5.464306055908013,2.8056781228987338,5.335761672263471,0.21053021102891406,0.0056936210806784425,0.1715084800982493,0.02626722981082607,1.3948496165336557,0.602630985111669
891,1,0.0075218105311916274,0.2368560919962405,5.427168235566711,0.12658953825890654,1.3873710851371632,0.06869202611481677,5.5217620124801154,2.8992607197565525,5.334253293415857,0.18410651539525608,0.04273630993441543,0.12815416979237992,0.04387161359276313,1.386747037019301,0.5694643584958325
892,1,0.0016286410966632422,0.29141482939923496,5.449978480095827,0.1295872491730186,1.383924100706901,0.050120778521574365,5.4411897100139335,2.8816250747876695,5.345778123318933,0.1725273008247993,0.033113885735362544,0.16642630140049564,0.04739805492313249,1.3534460699293231,0.5499725739097897
893,1,0.0016335931232371597,0.3347916788701749,5.489404884188651,0.19714219461201707,1.3554522235164745,0.0922557133022108,5.422217028535302,2.9232698070970957,5.295112283052046,0.21457690782033545,0.023626569538532965,0.20784862059472628,0.03014387241473221,1.3338734796123513,0.5674764051410258
894,1,0.004673195581508387,0.38025280501924263,5.460070527592328,0.18535938262545887,1.392715624614624,0.0817916213640096,5.4374989925368915,2.8986739960316408,5.289817974100327,0.08438740652212852,0.03254075793976267,0.20182325318055772,0.06203689048761884,1.3506441105264937,0.5054901886430236
895,1,0.0035300215899843955,0.33343334797977475,5.450621348453571,0.12973966580676957,1.4468501772312206,0.07812147454167466,5.444638573758753,2.862623795014099,5.210118232502246,0.0680118432155958,0.01322205134569218,0.2079574550306874,0.04016162556344629,1.3188566238941533,0.47627355654364845
896,1,0.0064226610612339195,0.2617721440278302,5.448668509640475,0.10073558041535266,1.5074965942643457,0.07205220447544494,5.385471812722452,2.869211191077642,5.288868148799974,0.06553337122862393,0.021189634679566895,0.08499084382121877,0.055168032344246894,1.2806656797522042,0.5428406410540028
897,1,0.01002768703078394,0.2890871847624233,5.503704079153756,0.13856057136642905,1.4439494122625136,0.049377462980234675,5.371477317711575,2.953190699238682,5.306394607151127,0.028844051964397693,0.01491922025391454,0.022579088591460975,0.004074753587769346,1.2677424472089858,0.599628936076674
898,1,0.008205799457170822,0.23179516627454297,5.474382150255834,0.186195923488776,1.4658291935842231,0.09246205755401246,5.387661105972073,2.9451820434425784,5.258604381825932,0.07152724591376274,0.03122939816308837,0.011676071893701512,0.022522037902892648,1.2364750982407713,0.5756401388371334
899,1,0.00030367966917536026,0.2650170647881609,5.422827465648705,0.19043339940826942,1.4791297571724797,0.0743583337086569,5.374628595237905,2.86952640672761,5.294683996901285,0.07443697147199294,0.0012368952268310713,0.04150005214840571,0.018950309292641476,1.3413611659809426,0.5798951241980261
900,1,0.007083949834373935,0.2596491782517985,5.448323237030081,0.15651578004542785,1.469920086652587,0.0523115597381403,5.3541876445772605,2.825807013812847,5.302609077001234,0.07773799694516155,0.009952992453013043,0.09784112347627096,0.040017109681637124,1.3603536801683689,0.5895533021249407
901,1,0.017418144478672532,0.24948609834677424,5.407357117716571,0.18570458084886513,1.4395632086944044,0.08702372090265317,5.318130906144691,2.8250627125099865,5.223217704963635,0.06814132888597808,0.019231167737059216,0.07966638661473782,0.02513887343809079,1.4141100734872514,0.6297862088608006
902,1,0.013788320370490034,0.2827764472574818,5.421576454216268,0.12674177776720408,1.4277768463364242,0.0696803090764059,5.2859252514158355,2.778852048621433,5.199745565796243,0.04973058520251942,0.00772659011092498,0.1593089042497461,0.02965252823906579,1.3740344588844144,0.5891073507162612
903,1,0.014981104892398352,0.261617475226992,5.416404756265077,0.13610310874072498,1.3482501191646648,0.04736499538256879,5.2868755837739805,2.7703742343727957,5.187085273531666,0.06016312771051314,0.04079730320655199,0.19706768963254112,0.014511605089005713,1.3363886676566719,0.5620669717984352
904,1,0.01366366650672351,0.268720424168474,5.438005096430459,0.15938136037582382,1.4601429912145312,0.0977387792780076,5.231962208165827,2.7446706224784454,5.171680656842013,0.09338322925270835,0.027657813460755003,0.15733873507971358,0.015757659837640794,1.3636424571778998,0.5655473224274729
905,1,0.013791136836704443,0.27749738371646326,5.513661154605903,0.18319657055243085,1.5123563011959054,0.04606661190163525,5.145367645376193,2.69428886783529,5.231529846800693,0.14483184665366378,0.04223610003955053,0.17499993829199068,0.012311649536983401,1.339876354890218,0.5389385824052138
906,1,0.019394210030697412,0.22936218890554166,5.509869327368636,0.18436597791337447,1.5477268477339794,0.06301015484003433,5.1267562562126265,2.5966440085139504,5.179422212425024,0.06988645520114418,0.0020772101992381363,0.16796970210513262,0.03929986521881862,1.3775602507176885,0.5804597798232848
907,1,0.016420617460180743,0.2288420826980326,5.547633694590141,0.19467774818338884,1.5072168460398119,0.084693827134534,5.123010126414011,2.602326064654693,5.170394696256775,0.04661447866104632,0.020621521390720987,0.07305032181913917,0.0009612918128096982,1.4294440392691972,0.5960441643497704
908,1,0.019660795061847428,0.18768013053980206,5.471563535881663,0.18578010961347258,1.4754806835335865,0.05272769347512513,5.116783656706387,2.6881912389340235,5.236755887785092,0.0645751641403066,0.04451606308985797,0.08384286595518031,0.02172114429750058,1.4992724274603186,0.576229121406884
909,1,0.01643872730445216,0.18163508781558735,5.498590584921469,0.12093932002378936,1.509559012727093,0.08236936771531797,5.0602051055959265,2.7739759880559776,5.308260530213024,0.03109913705434113,0.0074941680883883885,0.06099180706456592,0.002963269380292252,1.465297146003639,0.5615359639469325
910,1,0.01803045531039127,0.2023056526001457,5.506853193640924,0.11021605692922251,1.51249104931476,0.06429239630067032,5.151017153977265,2.6912076264308675,5.322326022856999,0.1103128310684604,0.026671037172896928,0.04943871228362086,0.023237239435139924,1.3905752987158058,0.6400839879287058
911,1,0.018452216347960054,0.25057452386514,5.52394594986313,0.10664224843377852,1.516251943065306,0.0646542482470728,5.113667635859603,2.744905448565279,5.330689187691545,0.11695584114955111,0.012173976667860326,0.06189287702792005,0.03677826657701169,1.4107120876734385,0.6935143961315763
912,1,0.019437503664928246,0.2609873950157514,5.548893113440649,0.07742342264471838,1.6610360549707515,0.08452870861041599,5.087548081932092,2.6848761019229705,5.340217462963217,0.13572765568644857,0.011778749155817725,0.01784453319654847,0.02670512955385163,1.4864703203765375,0.6764141798179486
913,1,0.013814142771153854,0.29188161835516946,5.493828900596114,0.14791527535803925,1.6408382794849412,0.07623425228572374,5.005512750001558,2.6770829961439846,5.3147931443522385,0.05730228241304683,0.004318647042001351,0.012848770359034927,0.08071833086649027,1.5186416204066697,0.6674361382285875
914,1,0.01209937610574227,0.29052702516873447,5.482560421407284,0.1899521982331923,1.6091469489964285,0.03715948850929092,4.960384456247098,2.6262319294238883,5.303812612428524,0.0769544149654679,0.026579960373978025,0.051922580844051464,0.006609117463469811,1.5466633917754269,0.626814918648049
915,1,0.016714587751609493,0.3154261101142181,5.582726730666179,0.14699249307796738,1.6038042937092474,0.09652668191239666,4.936480036597982,2.659985428261379,5.305750750090221,0.09259589761803284,2.2092614460906227e-6,0.053712295179134326,0.07950375845668435,1.5377043978997438,0.6584760296573722
916,1,0.019502939268028006,0.29628410823158874,5.570173549879574,0.14233398073159048,1.5970226308671096,0.0947559287466981,5.027984547483671,2.6747669255750157,5.275649044520831,0.07280399259309625,0.006049088731663727,0.04571759342070424,0.0930348711685631,1.570630500590429,0.6405500657479111
917,1,0.0107317409532258,0.38138830220405096,5.599551845172374,0.1441262479400667,1.5586664170963263,0.09670535480754892,5.087664598075773,2.721013459315088,5.350170426592318,0.02903076647953047,0.03320692122795346,0.005959937944432372,0.08042398408312827,1.540024601365704,0.6290043497754254
918,1,0.011526267410791928,0.3713213464740617,5.533808484126888,0.11969299485501797,1.5297422065737925,0.051069346722206935,5.0129673518624855,2.7476676554946318,5.307247789804856,0.0026281603962551203,0.02761955771212038,0.1026248031693995,0.035839256895015784,1.5870456420270718,0.6473452416199298
919,1,0.011228958651898423,0.37298623508596795,5.543155105839514,0.12440660337878441,1.5852359363732913,0.06277980483041272,4.880407365110274,2.679703428166163,5.279924184639764,0.02855864507432678,0.007236874094588434,0.11479756654239529,0.03139849878979801,1.6230075518717342,0.6198962140872337
920,1,0.004628258168996302,0.37815531653296075,5.521786872618961,0.18913751110751484,1.5542348360552454,0.06501921040023066,4.92049953832246,2.739449548025499,5.316763210827969,0.08344356692635256,0.016784391618807043,0.16910458835361486,0.03828135963189478,1.6454917285837525,0.5944127789808894
921,1,0.007964766845722447,0.3553107916648995,5.509214208322286,0.16550147492237005,1.5174141527414238,0.07278103156224558,4.932009432177393,2.6911551436801084,5.343904024269928,0.16871515820290778,0.05802360090583313,0.15930222200886143,0.034768280047887234,1.6374340182312845,0.6984765802910204
922,1,0.005350032569481752,0.36955530881248205,5.550460683557025,0.12569718305763364,1.467288800839699,0.08661999777818254,4.998044458350551,2.650249635287478,5.332247266597157,0.23309343055106813,0.011536793023073096,0.11157564734708221,0.054231384405884875,1.5849885239537391,0.7076019872096121
923,1,0.00952302257947213,0.3905763675877986,5.547565304892512,0.15463427907256289,1.3981028009123448,0.053167549761047976,4.959398541505464,2.6325515240287083,5.274244047978504,0.1737093259813831,0.011926412277158151,0.09018477759038245,0.019605329593826524,1.5909934430313892,0.7570564499548514
924,1,0.017193029121210884,0.38870244745050825,5.593899822632847,0.18548100530082248,1.3877737369158987,0.07698052347025346,5.0238449185161125,2.649809835524783,5.2988977536225095,0.18028063035867192,0.007050365535142558,0.04777526837893396,0.08601148629790871,1.5696423791186307,0.739571817485079
925,1,0.0185280196712849,0.41357127211236555,5.649505832091285,0.11761322550617909,1.419915492432452,0.0847977411576464,5.0435024580702805,2.6469228930095126,5.297608641958158,0.1415473576291614,0.014985961881740095,0.055651234030231256,0.09799174443863244,1.6700080331225924,0.7913980011801033
926,1,0.017582865808120452,0.35038187736430315,5.669567870485089,0.17047885212512745,1.395646833368748,0.09574538290921615,4.99587589803175,2.6795732570792925,5.268288897673763,0.22772001563948036,0.02696852321921222,0.07776139526531166,0.07957210870434572,1.6204557396657278,0.830032819819055
927,1,0.01665851397029372,0.3484295013934638,5.616343604791193,0.16817907773511329,1.3921132360636232,0.05252141202511101,5.026632987215981,2.6247074706417446,5.329045417677124,0.1881460048992562,0.005307473652461628,0.06694626799103826,0.04579423749883237,1.5776767587076963,0.9092865292315839
928,1,0.01587001496789909,0.3038030243316172,5.639876397422298,0.14407845141789552,1.5119750692174942,0.061980902237478985,5.022118343259812,2.7509046355849223,5.389196580223135,0.18650717201360736,0.036516017608058005,0.0658625166821713,0.028511619779031612,1.5559733844928854,0.9280678065827821
929,1,0.017226736651582777,0.29439749350271344,5.725514640046359,0.12489720424057256,1.4291812456763664,0.07002719952488454,5.066167135060852,2.728491500032601,5.437132205991794,0.21260575491822392,0.019763275106344614,0.1012147147258865,0.05935129079591475,1.562641249245746,0.9085848537673513
930,1,0.017509804093916042,0.27019254123463166,5.676939673403743,0.1827805431328058,1.3210757193421552,0.08903039446377217,4.965944630792241,2.6974784307293302,5.381589620521744,0.10267842758408241,0.016943717194041818,0.15616096692385523,0.0462200595218548,1.5889414996635367,0.8567690236500313
931,1,0.007065505266942967,0.277136881419649,5.615893652804176,0.10108525595288576,1.2958461520397222,0.024574903838966346,4.892212281978652,2.6085010119441043,5.427010456384119,0.060767830348759946,0.00188094093560512,0.20964567594173683,0.012465024258048596,1.596288372685128,0.7329514787281075
932,1,0.0022345539546444002,0.33855068030190594,5.586607408244041,0.18590325231730143,1.273299191955091,0.07455306882290835,4.892292715904591,2.5803496816624407,5.488226176180256,0.10348464904416296,0.018397345095728122,0.17539766476602148,0.06530716712413302,1.5934990180059843,0.6633447228025365
933,1,0.0015666085283183879,0.35329392841925533,5.58151304613348,0.1976108864556514,1.1532577585492825,0.06360006392181256,4.839140886410962,2.4892043877121774,5.428981058329698,0.10905718555255982,0.01790854801159929,0.14141486969724706,0.016670951404628088,1.5082771636669463,0.6011081141775408
934,1,0.00031200193977886986,0.37355327499562524,5.641950560067933,0.1654587601716521,1.0671905577986291,0.047378857185332704,4.8094052680403845,2.472887168196165,5.388228440588295,0.10975471792549459,0.011421467084279262,0.08296929837529736,0.005666854006262312,1.513684831172395,0.5628372323494895
935,1,0.018261575301236777,0.36673644884989604,5.6244324601580615,0.114124592873218,1.085985808522937,0.08788055125083913,4.80097603651474,2.4716547307695538,5.334551896585077,0.15089258231222347,0.027872549316192707,0.07381335092714156,0.030653316940655203,1.4762178745091101,0.5864765513589142
936,1,0.01111989108395738,0.3625535151332615,5.579075776939399,0.19806275304621646,1.0517934620357938,0.08864453465719807,4.800791101763406,2.5058701837425934,5.316045505980517,0.1675848228480838,0.027057773274519876,0.061334061078309056,0.09024666460177035,1.4393062530906484,0.6033649191314003
937,1,0.005877693762293543,0.440729047715842,5.4853602415158935,0.1940102044284206,1.1379106876900724,0.06667877411663464,4.828579257508523,2.4419789023454608,5.263483641211676,0.16166166835789836,0.044164043143841765,0.09684115505842814,0.06433836001603785,1.4606569726981984,0.4804843224432965
938,1,0.0025590439414090666,0.34560118866162814,5.399945644603772,0.13037464789133255,1.1459473585046631,0.05810002462475665,4.92895877745796,2.555719923464342,5.244064819502042,0.07025985779139543,0.02504839437809171,0.15397648686962861,0.049334512203699686,1.4767931333866335,0.4629712875138383
939,1,0.013977672146904247,0.274021048359646,5.495862875185047,0.15254912203281143,1.125753615835388,0.09281502897902735,4.958849237001898,2.649240317433242,5.212706566392799,0.07235590214118358,0.044372721360083786,0.12640040706234593,0.07427819576493955,1.5109680913064427,0.4889441039596116
940,1,0.015203643527144354,0.26835601874138043,5.4438332821234585,0.19420108358142238,1.1121991059282392,0.08588184206190413,4.978010678387954,2.676874907918804,5.233003945629305,0.11974216441183737,0.07095263285022588,0.08845087810109845,0.07463618313058903,1.575625706301194,0.5154625014147233
941,1,0.01941020645384557,0.20168525476708096,5.418981738497821,0.19016873295252637,1.0956441163608106,0.09975986709404772,4.934591967802662,2.651913881586371,5.2436356703344345,0.20179040880613955,0.0467018994979069,0.08496334777671731,0.09953139023675517,1.6107788473600013,0.4528769523385542
942,1,0.0009598399825391169,0.2550331059962822,5.40620676133887,0.16554764983240702,1.1554646199581715,0.06908254292919148,4.899067407144809,2.6252606902271944,5.3156267570869815,0.174713523072721,0.057352492617988714,0.06926737595907934,0.034106547764444425,1.6947247960877065,0.38368852182637603
943,1,0.009717590518944842,0.20721479614440302,5.389330584582366,0.1670351777878341,1.0927491693908091,0.08404823129518257,4.981980079770609,2.6813246366161296,5.269682336189231,0.23241834900400518,0.030031317157472735,0.10043947779867173,0.002391211898846858,1.691970736378708,0.364190522856547
944,1,0.012711021019051697,0.17193801207929513,5.437544532136903,0.12329730547018515,1.1247966839957724,0.09952928065042448,4.891745786805048,2.6667222365164456,5.218280779965148,0.3616263319691006,0.0010046213510529886,0.008045846477755561,0.04305441113439038,1.6429886219476293,0.3628024253270637
945,1,0.012364054657331166,0.17386410055068313,5.4210489099436,0.09196890965975903,1.06997861051721,0.09766078278696629,4.905502293977069,2.7184005717415647,5.17973817659818,0.29184243604930277,0.014056264675411365,0.1021489839935423,0.0023587831202807543,1.5785440947148603,0.3458231352733279
946,1,0.01075799746217489,0.27132727102802373,5.37349484501676,0.17448305548176354,1.0374168697991488,0.08720969494012112,4.901994812395548,2.6913919679572538,5.130528353379732,0.38721030417769664,0.028230984009622453,0.099898070739133,0.012608705494654104,1.496615099450138,0.35585194335355014
947,1,0.012317474384248106,0.2636788949948945,5.349963143278005,0.19011802477444403,1.0732434072383477,0.06313749424139727,4.840261724660164,2.66357090787436,5.114533464540398,0.325754938326318,0.039041266964437354,0.1500858469287285,0.021571356683593883,1.5081437733971867,0.37362476204498624
948,1,0.014910141456670318,0.29458872091577304,5.321593286402222,0.14859934060643695,1.014818155114876,0.07841448600580803,4.836556029244277,2.6083587051090795,5.11808831422891,0.2971640450326502,0.026009266131481065,0.29057773679349314,0.06435930475059266,1.5908550243844006,0.4146710428219776
949,1,0.014178128280121787,0.239418345603734,5.311625698063827,0.1160969744386073,1.043408009842717,0.061795562783774544,4.830916283284759,2.712838751590589,5.095389450715131,0.2880940878432387,0.029591362859092207,0.29326869002801786,0.026951084165516816,1.632457520501753,0.4678942042408286
950,1,0.01101729391004017,0.2169890566704271,5.252016458037655,0.1794168542924681,1.1139270528867495,0.022222652534630166,4.804792981383541,2.716612940237719,5.0621976350865,0.23714615831706604,0.05482613734163733,0.2651580591092812,0.014285007062898217,1.645871855856537,0.4554395997279182
951,1,0.01433152365296357,0.21394780571934785,5.271730222211909,0.15854728496298226,1.1102519263622717,0.020930875958830777,4.718354504599106,2.701838028879695,5.089954121535881,0.1861254666879991,0.059685194111960216,0.3034094062056503,0.02024844195041031,1.7653761680709246,0.47612435600753744
952,1,0.010910094180543832,0.23132667805674753,5.322448970850829,0.18153921112005966,1.1095702356587986,0.0787185592431473,4.704110745076481,2.643290895927498,5.1330619435256,0.2734777464815517,0.02277563269773888,0.2618967681277651,0.018228449477623445,1.8109960763947623,0.508503893872264
953,1,0.01898117317750901,0.22932292482679165,5.359538202138375,0.1786372622693281,1.049617048285451,0.04140046017323887,4.766244765469426,2.640714387649402,5.1036875250746245,0.26704723448871753,0.0375724157591313,0.25944609741206004,0.020894079016177545,1.8240057226527866,0.547234853042024
954,1,0.013612997982822835,0.3371644274312148,5.33541338965335,0.15523455794147933,1.0537548436438235,0.06014787452924599,4.693096086885146,2.6104169076720627,5.084755377036093,0.26395054529779005,0.05839301724544534,0.20282653704235018,0.035392118512740565,1.818369480302069,0.5760899564359064
955,1,0.008368480244614736,0.446490246565219,5.2949945477481934,0.1663190475000177,1.0832439331965122,0.08082058407042664,4.7488935059210835,2.635303272596081,5.05084689258904,0.1853562090906263,0.020880644650814104,0.2212078469171237,0.050704809443765125,1.792608688135571,0.536331424365708
956,1,0.002165036136004686,0.4805106325880614,5.299383384573372,0.1229438847070537,1.0869350391636903,0.0451663542108664,4.80204128781733,2.5575510093183067,5.075881588066619,0.33635127227052825,0.04030032949704206,0.27586908168559865,0.020104651625426816,1.712687149631084,0.6017750700350282
957,1,0.007672407581314594,0.44747077264005913,5.302829216208222,0.08107369470475341,1.0592644621445273,0.040010281685017024,4.857347599321117,2.555263862510462,5.061671705721433,0.3663936487492128,0.03195406550574364,0.2887503623293362,0.042098576580530615,1.7237980631490175,0.6549774396011468
958,1,0.008144812171479145,0.4494536669622072,5.310323243364652,0.1538501542582908,1.108434799683671,0.06223267132818537,4.913114876294805,2.651931327011326,5.073274205740043,0.38629051036545736,0.02595610863694436,0.3608193775269928,0.018062099073157582,1.742905262797316,0.6535929827683225
959,1,0.013426930318619603,0.378172749414848,5.259111632723125,0.17868783494173385,1.0565401962861563,0.06614071942227673,4.839055013824189,2.6435792667889944,5.00216097580868,0.2869223146642911,0.03261102067844962,0.30063155933960983,0.025168220169884684,1.7370662156168324,0.6457332232224586
960,1,0.015229591532997218,0.3838679785378178,5.261231402618102,0.12486081447581776,1.1632188329369084,0.08454868778554281,4.8219600081330745,2.524067867229487,5.0049680409086745,0.26708443946587723,0.012113621979236454,0.25498274701292273,0.0763635030644216,1.7688090100927532,0.6639153228056702
961,1,0.012243099475533172,0.2963764251999385,5.306279036628582,0.13568714989974312,1.2237996120533219,0.07087596001035237,4.775030005076501,2.5292503609133816,5.042465173317552,0.21836819335585103,0.01783185178397859,0.24641410979494327,0.04341476930651158,1.7752062340219348,0.6383044716702257
962,1,0.01758513650506616,0.29428388230065916,5.3154178925931825,0.11510552147216442,1.2399586737549135,0.04895271480445029,4.820781330344356,2.530409307068124,5.056805607407947,0.2522273874528927,0.008897909098555442,0.2686474407789732,0.01720770089079205,1.8436249389004176,0.6588595307345265
963,1,0.014694447970364862,0.25906032401122303,5.319204366508962,0.038801478680051245,1.253397461044604,0.07530049877384179,4.811038148150067,2.4981449871695305,5.129872564089263,0.2119585881522697,0.007014285621508289,0.35425728392574346,0.07068532552855497,1.8681149891604252,0.639043592394499
964,1,0.013255737606118525,0.20840935002978803,5.277586310643734,0.05499470820033274,1.2540040190072415,0.0685245426967224,4.9299730668690245,2.5514145497159624,5.09590467655316,0.24120149305837296,0.010960743304989955,0.3622805782240286,0.04988958052726445,1.7712389279640959,0.6651103612000091
965,1,0.014284698432406576,0.24464200783083503,5.285971001446984,0.1353188138469854,1.316338883889206,0.07091531396745006,4.970416864144159,2.632358585273154,5.06063712290271,0.24047151698956562,0.002006226970067579,0.3735491076285079,0.034956199880088475,1.8071663525709967,0.6682817552277948
966,1,0.016476790555970813,0.22176113061436256,5.285985776278206,0.11264245903393737,1.286308661190027,0.05677066933182739,5.036166464892006,2.6083717158962454,5.07525783314876,0.21873024982093897,0.0027137612326563715,0.32652424502802996,0.04591905397679654,1.7464194769582515,0.6589259284544786
967,1,0.0188900550236354,0.23745522159012936,5.324554797003148,0.1543928686882467,1.3295972098664939,0.06820222244471155,4.979995753791026,2.6358170466325057,5.072476367270384,0.22841856936140906,0.014859185212798352,0.379928765448625,0.012525767461848344,1.694880347335971,0.6572836996330046
968,1,0.01397409003792736,0.3270154282179392,5.321479563818478,0.12652801878619557,1.3308791289500792,0.04831268696434179,4.986752246330234,2.612904636182955,5.044173507419619,0.2276772831025935,0.0378273018240385,0.37629996551524547,0.0014681769873764372,1.651113911189951,0.6686233459988888
969,1,0.016222282438795824,0.31533955454548734,5.319383245356301,0.19620667700779276,1.4017779466848215,0.014027581261764756,4.905035504821469,2.551148610124475,5.0498279252032345,0.2300515893234749,0.04991793891021249,0.3701115635233409,0.008202077343221629,1.7294827917894124,0.6123085963157782
970,1,0.020898323646838957,0.25444517498659264,5.378510273456385,0.1766119327323699,1.3378538110932192,0.062061308979350575,4.884129516272755,2.565675486886112,5.129937942005493,0.14256750762267434,0.004877796692977614,0.34203279582087565,0.02085486984287198,1.7618438981932374,0.6740448877226694
971,1,0.011225790417385455,0.2990442161548562,5.326024416958729,0.17823286274853253,1.2689990422332365,0.07161705615168323,4.877151088899316,2.5879943100033844,5.13577769547892,0.08907941797602716,0.030314488338811042,0.3981292428743865,0.0406344761538424,1.7094015161842009,0.6922331410944623
972,1,0.017833726815327224,0.3433220535003376,5.351831349555609,0.15023233495181085,1.2980214210665293,0.08994456633982038,4.914211392912601,2.6867402933639957,5.075104596972601,0.08101740991981982,0.02546200190692444,0.425192393672379,0.05602285761045096,1.7421298562247471,0.668351389917114
973,1,0.013538413846080113,0.35303744442367035,5.321451575353031,0.19603518045291196,1.4019587159255846,0.08367899135651563,4.928490799732245,2.7346624438248797,5.037928471048378,0.03753910985148909,0.025485579228408932,0.4321059268566501,0.06989927091081351,1.8044989240954397,0.698861683327009
974,1,0.010524955185468839,0.47011938829429517,5.306345472821009,0.18662003806100963,1.3581553174110685,0.09826608111091406,4.90667911371629,2.699079624914556,5.007215818460441,0.096551562334934,0.026808506997997278,0.3820184810246485,0.07051042472237792,1.7267746819910548,0.6405281455924142
975,1,0.009632725727244495,0.47741472158676795,5.3756984053789205,0.15466200491633617,1.3030514851266566,0.0817837158535111,4.874429794387736,2.7707074752515664,5.0979507371234805,0.04304797312963545,0.03696243375700519,0.3806997843333542,0.08661579129056957,1.7141799670590023,0.5977598731339006
976,1,0.011091519156892897,0.4586251872674605,5.316681565196254,0.17336485552961375,1.4076393496716828,0.06762450343891405,4.8792544301646394,2.7179978945575556,5.0488430877302655,0.11538068421217644,0.04719433035326522,0.3560511239432266,0.07833847296443473,1.6415665096301848,0.590822849944767
977,1,0.009547861886003125,0.4643592798294189,5.278573340196704,0.1854286601731474,1.4566228996436388,0.08492045984289628,4.8661886961757235,2.6334896739301885,5.031916449755216,0.05349972076230131,0.021526861470940364,0.3542880419430847,0.08385972396120567,1.6891122649276016,0.5883247870787223
978,1,0.0026079858617043305,0.42824774309510266,5.264109852511147,0.18004597245352028,1.4450245573292355,0.08991826399611295,4.890460208719641,2.699758678339537,5.050924830796536,0.020540347384651315,0.00652101064133983,0.424783341381159,0.009446052434707837,1.7134675906619499,0.5885664177704307
979,1,0.004701963898671869,0.4381449722465265,5.370897891041028,0.19324710661045064,1.4359678752543128,0.07969308574781654,4.822049141756766,2.8559977992060146,5.067461100154049,0.025856044980673534,0.028750975772013437,0.27039100063558086,0.01703949016528565,1.6696622650495163,0.6337247207543327
980,1,0.00398495999151084,0.4671615093165465,5.320050212049099,0.17219555736795636,1.474024173613829,0.07726343685140247,4.811880261189428,2.9330685308589963,5.101648430083558,0.06553097552220923,0.014516123967447466,0.35012219307962944,0.009589353906723245,1.7614035188897341,0.6078665625108706
981,1,0.008152963824884098,0.43436916737011705,5.330497270273607,0.1208733966425161,1.451810410920458,0.043983541137118345,4.907030833093104,2.860185102423267,5.08489838348498,0.013185897916692524,0.004327356103505971,0.32931590571728564,0.023230854818852592,1.745699210694457,0.5540766140478327
982,1,0.00804999194242434,0.4138592280661712,5.349788187453923,0.14783833785098865,1.5207505578179759,0.09307760875521844,4.879726750698875,2.832357787024226,5.1371933877471685,0.0017369233392971358,0.0241801006688441,0.32809210747924017,0.047072160178238856,1.7765253480486107,0.49118977214404064
983,1,0.003374230469287869,0.3447951321295472,5.408355416226298,0.15133581314793265,1.4555493108030946,0.04201450216557527,4.808917734209848,2.8762263578238145,5.221317493516732,0.037517148966319365,0.014127067143094942,0.2345461445401062,0.0312595773014095,1.8755641906443419,0.4553908169779685
984,1,0.00011781731684895575,0.3420823348847077,5.428079855702065,0.1758453693027354,1.458149658645591,0.02914551520619246,4.745033094352358,2.852007604778375,5.242263197446717,0.024973681835558505,0.017856566011367668,0.16223340424877933,0.005467210080183105,1.8771380144175958,0.44047940114647277
985,1,0.004188662037988483,0.38676122331637347,5.433066716146988,0.15949788466386003,1.481822110874304,0.060116395192281166,4.777004516337036,2.933843009556344,5.135934961202848,0.007507930638752212,0.012201175052644894,0.11665321884972425,0.010349486458547106,1.9129540642969967,0.45037030591048133
986,1,0.0030348739354713237,0.44227385769881306,5.387149916905477,0.19004801256846884,1.4644535275656194,0.036797899174019495,4.684933930081062,2.924752158993184,5.1182796935881125,0.008789302896952667,0.05929750726152059,0.11487300993017235,0.018872531267527554,1.9190375970997002,0.44345359575281335
987,1,0.0069541627737079986,0.35406315259223353,5.377864677520047,0.19186458107241952,1.517193990873815,0.09578351256751093,4.694978128199085,2.894947579326303,5.16503197950761,0.06845649118746486,0.046114219718509805,0.11962692141682325,0.04170448378591031,1.9854904345478115,0.3668572701543202
988,1,0.00765771477783444,0.3269608818514887,5.3578146655962104,0.17243309378525543,1.4896948692517293,0.065566654900623,4.705742006898127,2.906729547724263,5.1792330041181645,0.1129611830310962,0.022821758419692362,0.13416822769258155,0.029205432617694583,1.9893765205834264,0.4575397231982354
989,1,0.014846119384295276,0.24068404472694532,5.417162677010662,0.19391460671169242,1.501058449448634,0.06853620440515822,4.69359439033349,2.855825419335862,5.2084838221727106,0.13818320900961467,0.031613723483197624,0.14881719934800647,0.0077321360800693155,1.9795631649875203,0.4878872536395399
990,1,0.015803145816894435,0.28615521207368244,5.403133247653345,0.19220315171891644,1.472301492688182,0.08739517401775536,4.723893328920844,2.8756284939793058,5.154909261435701,0.13790162414972235,0.025238870235425172,0.14325701828656842,0.04295238083349565,1.9835732523799048,0.5294761807174928
991,1,0.016731313359934216,0.3213156236826098,5.426291904158598,0.1804214939872407,1.5268052203537714,0.07889872758342957,4.694348110621036,2.8909022687086994,5.098703469075095,0.1656522360412337,0.03286511348623123,0.11188854933898393,0.07503536543669564,1.9737458892753788,0.5510086218297382
992,1,0.015545748366700363,0.3314047700550979,5.396527175277965,0.18212715434674162,1.52772376276387,0.07600859521050492,4.745583063115981,2.838413473668158,5.049094985280422,0.18445416860100283,0.03397724009229205,0.10912968656176197,0.07186736296075895,1.9121772138438466,0.4538334446945553
993,1,0.005163556675600384,0.2996092948642556,5.303258589059427,0.17805120133498328,1.6359159891887272,0.046333486029166156,4.730809292450426,2.8739461891260825,5.114185976895049,0.23196842883602917,0.002586848107243053,0.08039513105188466,0.018190901493686944,1.876597061448844,0.49647911116303056
994,1,0.0042634941451573476,0.2937076650574946,5.303538427059028,0.09907657366448776,1.645917317600265,0.049453347577176905,4.685186465552856,2.8970892409149647,5.079380910194473,0.17334977490544518,0.009522879479390126,0.11225625186117093,0.004505710615746482,1.8904310966764166,0.5267914220347877
995,1,0.015512025297467712,0.1857140536709444,5.369333320602176,0.10835118883897349,1.6717034563717172,0.04752903606592151,4.631187603087026,2.972060615114807,5.122629049213369,0.14215473964743294,0.00987684831494554,0.17652643055730388,0.02857015067579593,1.8857134979987658,0.500833566057744
996,1,0.01405294523573759,0.14474315332383483,5.31703713416019,0.0705075585527892,1.6909003726547236,0.07659971634292849,4.588287156155415,2.835271921116265,5.141156908132705,0.18846409418786422,0.004973150682056125,0.08969565247859253,0.01866774839346452,1.9064171593436354,0.4978087367339432
997,1,0.00798814710081173,0.24414167461318448,5.279623164827545,0.16698506371109073,1.6993643346130856,0.09632601080778727,4.485043285099886,2.828514134911585,5.169556331390208,0.22322773595645068,0.016952303010070956,0.1903730743266632,0.06831300155044487,1.926284536485193,0.5089190130171021
998,1,2.52161790264215e-5,0.31299108446542184,5.29784711485201,0.12594686703507224,1.7101547557656127,0.0419672780724339,4.495016126578735,2.805657235524606,5.19008767449212,0.1696048746609772,0.030173578644447134,0.23905489236842908,0.016547473958621363,1.9654101471581231,0.5659277160573991
999,1,0.009933476363567272,0.15854598762133928,5.279708358114391,0.10164656057604313,1.7265430811729374,0.06674281966111024,4.469896582567344,2.6923856443794003,5.146395238966834,0.17878962635721252,0.004688002714925624,0.2896022302012008,0.031907334987052664,1.9378192046747835,0.5060155283998647
1000,1,0.007271272692136512,0.18611435370795024,5.2485321259362205,0.1116162971812903,1.6779780064670116,0.08965450266250695,4.421553104612744,2.7409234851227526,5.14175965560395,0.201858001750841,0.006375022736300151,0.33029872633903323,0.04905013638175099,1.9601626539220465,0.48568112633639854
