nb,run,a<sub>HSC1</sub>,p<sub>HSC1→MPP</sub>,a<sub>HSC2</sub>,p<sub>HSC2→MPP</sub>,p<sub>MPP→CMP</sub>,p<sub>CMP→GMP</sub>,p<sub>CMP→MEP</sub>,p<sub>MPP→MLP</sub>,p<sub>MEP→EP+</sub>,p<sub>EP+→EP-</sub>,k<sub>MPP</sub>,d<sub>CMP</sub>,p<sub>GMP→M</sub>,d<sub>MEP</sub>,p<sub>MLP→M</sub>,d<sub>EP+</sub>,p<sub>EP-→M</sub>,r<sub>HSC1→HSC2</sub>,r<sub>HSC2→HSC1</sub>
1,1,0.0044383710207903755,0.413144727494053,0.007511097833805509,0.08410161507439133,4.7536389786696125,0.01950220735788303,2.184518403512443,0.049758760109388095,6.349338267055009,0.4237244779512703,3.84983303218573,0.40097951590660036,0.005661071748351563,0.09337133499429395,0.09240179928241346,0.33501855060657443,1.6102030640422056,0.018626895327414114,0.08381183365489912
2,1,0.028998305336175464,0.429636636782955,6.266947072761264e-5,0.016127048817968895,4.741770402583877,0.03015741207506842,2.192564713998145,0.03476825054316528,6.420980756234124,0.4223225342009512,3.9131374237550425,0.3870841170188862,0.0065942237474196155,0.148830769634349,0.06620824140232714,0.3177479857734983,1.540029249890236,0.010010993878785466,0.06983266401592753
3,1,0.004753755195156921,0.49161593369900963,0.0261264166456785,0.01430103953019802,4.792770072888834,0.038514752354164704,2.1958309800465017,0.01225653984763435,6.440157017594823,0.5024100382298484,3.9245527586301825,0.43280207146935656,0.00234782609726788,0.15559113037823788,0.10519922164051512,0.41442814936964756,1.5576164180352916,0.004556242680205598,0.09412580970275486
4,1,0.025290259832957344,0.40949009026076544,0.031955241062083195,0.03310943013608721,4.776894659253916,0.027062108022236537,2.1597442449865736,0.012506123577129956,6.462416932072521,0.5176223056693199,3.9417294581393025,0.4431628587716121,0.003692403182873261,0.1478017837387651,0.08667021969832804,0.3361736881464956,1.591618171341416,0.004353209342847495,0.07587531451250797
5,1,0.0316565555035847,0.36809835886850656,0.008428178873399257,0.11770937484406079,4.764652290095688,0.029211243423886923,2.0775497138625356,0.06575803905498133,6.39766605927697,0.5881543044129584,3.8509832306394234,0.4850161671433583,0.0009396892669785772,0.09427562847184799,0.11085628415139606,0.38354873161871494,1.593241979338747,0.022710540560042538,0.014125738205076543
6,1,0.03838757192348727,0.41463330247975283,0.025211545339470415,0.20756772850846905,4.802305316233695,0.045287834401832275,2.06738634297079,0.0557340933241489,6.416026428719946,0.5907266958313012,3.8340898068898674,0.4225314973832195,0.0046815849716911025,0.05409247494587268,0.1981975526988638,0.34841356290846137,1.6092603456313626,0.004508720298909556,0.01165925805927122
7,1,0.036008928946192786,0.40956485523601693,0.01996654419118667,0.22106691369219128,4.839147048826953,0.02145553566052628,2.032760240657737,0.059528910649552055,6.370494699854949,0.6277899258870538,3.95169492221817,0.4646670194317338,0.0022479082200947,0.09399890982145019,0.1268014176056717,0.3881919976343767,1.6212009129970206,0.026222137145400316,0.0027293251316522324
8,1,0.002573559889019887,0.36254208711852215,0.028980543383475006,0.21121714451189674,4.778368028354408,0.04659956648128404,2.032912323124697,0.05942397122006157,6.317492647265132,0.6837950997022011,3.9493988243238185,0.48641146383212946,0.007925264081210954,0.1897392779643082,0.1264022238735145,0.42113047605171094,1.7037708474780997,0.03334994695138008,0.021508991413624164
9,1,0.04271051703253748,0.3865719668818091,0.012748986317487308,0.240202161730693,4.7840545327183115,0.03551594912492537,1.9574594716536375,0.0644798252129501,6.293833638977738,0.7078249595658642,3.9485152021967096,0.5018794741671034,0.005739718537417538,0.13890177800661307,0.17169052835008697,0.3735047666331576,1.7657766880838839,0.007527992201670368,0.002397039363546853
10,1,0.02767056012126352,0.33673144472658983,0.02871973046672051,0.25045933315224805,4.756699179128201,0.034588641846497285,2.00345227158565,0.041770217575566475,6.392778388697707,0.6554832773588802,3.992073063477937,0.52981103540743,0.005528082653348632,0.10383343686979281,0.15089298359968736,0.34100144049127035,1.7876400728242632,0.004548600288545512,0.06549160980704462
11,1,0.01894037167036339,0.4504203922899579,0.01834872385817885,0.15891062867595654,4.871550194922299,0.025638630863635055,2.047494002522965,0.0197140530029009,6.350723437605475,0.6556240249596484,4.030261681452378,0.434221238652166,0.00841492893228492,0.13389298055753013,0.12476195963688737,0.275082409472444,1.8090548559844881,0.018324531294382773,0.03218051568888742
12,1,0.023887938291123123,0.48627382595534097,0.003922257011735251,0.15249424997384042,4.858083447186323,0.03724642157294387,2.119290386603901,0.06450304230484477,6.334839338729362,0.6571609426690429,4.065796663542686,0.34493414023202346,0.005736140007608823,0.15763454753149223,0.16216527129071015,0.26072220128263923,1.8435304437447366,0.03167838446840093,0.015829210489962234
13,1,0.026220150011463956,0.4634075634205035,0.007330541089085599,0.16069300293478675,4.896565073130544,0.02534366900572425,2.1038037925998263,0.06323609759297463,6.357063123751457,0.6459449625001951,4.06697899448313,0.2269915587608615,0.0037153964977045015,0.15378197699722465,0.19188347832927524,0.18066279947228495,1.803819672712742,0.021955825251686264,0.017168539566410703
14,1,0.006841714029826015,0.3645816510712542,0.001973017244512659,0.10548556428782038,4.937864418536246,0.05321542766398407,2.178368022175186,0.05808428420048888,6.284166808301577,0.6342224759477629,4.073799811011367,0.20428721760585053,0.004925626746157132,0.18780849911887454,0.19035981431596577,0.12661316471921685,1.807653748537993,0.016282455662795788,0.08913817704542304
15,1,0.0016944475523781835,0.3393032901237263,0.010245183900690047,0.17281218393109776,4.90650045600456,0.03312465606459421,2.18548733694392,0.01590933477593916,6.357011593569447,0.5358986924586854,4.043202181137278,0.18430032978371516,0.00977373114931201,0.1297679913950065,0.09993041911679136,0.15137803237773848,1.8312424908752227,0.029409035735389367,0.059878199064834645
16,1,0.00912160806158092,0.4025758419885161,0.03414728082475301,0.1689344880258794,4.889679990289824,0.03294384076366114,2.1813527732699463,0.014754135827519027,6.3838558666865035,0.6146231140738794,4.023032046298226,0.13649729934179125,0.0019931713559466807,0.08187509212591489,0.15223255174021974,0.16090896760391324,1.8219788926266882,0.01704987450952698,0.03425703766114051
17,1,0.018941657415418478,0.4291576316483604,0.008032776719961702,0.152739590574107,4.878472889902974,0.016216142503574348,2.08901505277711,0.05710106926139625,6.369924558065929,0.6167792149040445,3.948819950036909,0.12062507754560785,0.009488760606565469,0.05869223081363688,0.18470363106358711,0.1261142498004528,1.8334090216022443,0.019410042214897047,0.05094202709074669
18,1,0.014172576716923577,0.3873314623433801,0.013176393884812052,0.16927610359522505,4.848362631403977,0.027303069212275894,2.1722978359010297,0.017148569747206348,6.260971048753698,0.6838459628411109,3.953142579453145,0.10376355332011418,0.006200705908582584,0.14814732431160532,0.15612049986151183,0.061469979604283354,1.7803875131371796,0.013113475784934882,0.0655424875827578
19,1,0.03660193177927948,0.3067288337063262,0.013210635949214991,0.14154072895190478,4.771114625807956,0.024457000736230174,2.180825785872659,0.04048220699393637,6.191150354783033,0.748336594124498,4.0106334168031905,0.11126226074468647,0.0024992023401345345,0.09488107539884905,0.12757413789566496,0.18859289698826254,1.783173944286107,0.008418643994159184,0.004518586117044834
20,1,0.023037101608074678,0.45557669094926767,0.008203276639726535,0.14749331081819286,4.806919328862654,0.028068116078845143,2.2983613835691403,0.024357165314043253,6.1946182485781645,0.7445175610570808,4.041453558851235,0.08260153953599582,0.00975963877570884,0.0668898986500886,0.18548606968527043,0.2185335586696811,1.755389035802705,0.027393581420061007,0.016688640752125783
21,1,0.035670480849288845,0.43968715095488303,0.04010520253870352,0.13360180644316694,4.773570872307983,0.021724645457749832,2.31024668121106,0.009749783293866065,6.197476432239265,0.7759260024811431,3.9813199364588883,0.040071642570045814,0.007796231521486609,0.12421151432195177,0.09779104944313236,0.2492836669819589,1.7988401451255338,0.005699215684797271,0.010704065795479415
22,1,0.02695083319604327,0.48247557323270523,0.032318804080409595,0.1421770373865902,4.775359263571658,0.045535474717704034,2.308085249557769,0.03610019827616444,6.183603056408105,0.8652490751626915,3.9762516118321254,0.0664160009884373,0.0070500460531990345,0.07247126073988067,0.13383463564455297,0.3196926072275204,1.744808243617035,0.010958117392993896,0.017183406691999525
23,1,0.017982033443731033,0.48870256532368606,0.04123571682232257,0.10294977701710431,4.80456459071154,0.05025256813609485,2.2657355311979805,0.02006744550138018,6.233627192638628,0.9781044710334167,4.00732634878212,0.13784242861691737,0.007171822796043016,0.05941509816771486,0.16392199577386368,0.28369143228256927,1.8542480646309765,0.0014623805441405671,0.051443799647669826
24,1,0.02897657276913015,0.3956496660528596,0.008873365789759382,0.14993023591582402,4.800124257973234,0.02668171897212019,2.1598750215000444,0.041197204328016795,6.333359412867718,0.9551801713053646,4.009331189186097,0.12525763987131572,0.007996611900275057,0.051356214083251174,0.19518862335063897,0.19864264526665276,1.8876589086183015,0.024061678947431334,0.020102971369384205
25,1,0.029962868473337734,0.40054541529524745,0.03500892972974052,0.12559767087142462,4.81258812965625,0.01641638926053793,2.214546981079572,0.035987335807154165,6.308444513639061,0.9712159787781017,4.11949332518802,0.13790846358028172,0.004781414466336263,0.06092301672388597,0.1523100156199716,0.2623504832764269,1.9407161383197362,0.0171626856044582,0.010722899578875155
26,1,0.013128891073621416,0.4108659163481798,0.015246272593648778,0.11693817449739909,4.848668187422275,0.028625108285241153,2.2035869266637578,0.0318342140666807,6.344081390256927,0.9733037311331115,4.092571344768389,0.12297943568660558,0.007176150428777319,0.04100971705166946,0.09643557754833522,0.14765719675287334,1.8759072872860307,0.014346907828889213,0.05289461037243864
27,1,0.011653731993484394,0.36959403264818586,0.004394572771597942,0.12949306709250974,4.806527471415225,0.03718005290564651,2.2261553762958157,0.02912357074913545,6.261837949776746,0.9401368213841331,4.023017964009571,0.2102194426135982,0.006422523728673184,0.029760480992397944,0.15914135453100603,0.054255998066367064,1.9459339620764815,0.0621668231981341,0.016770499114254774
28,1,0.007692788867531434,0.34993309955588103,0.03172629530099638,0.121237178847006,4.808016543259636,0.039816946130229056,2.246186034322151,0.05416695443550819,6.2802275470808855,0.9484533304339477,4.068626116921786,0.22279124947293694,0.00945602402574659,0.05151903946956579,0.10603674442921872,0.1579433040007762,1.9142509981478633,0.01739714268069623,0.04625007706097212
29,1,0.03353678877235278,0.284834492762069,0.024631307504262234,0.11700637728497347,4.727629658924866,0.02039026859305472,2.253910244686023,0.045381671078494216,6.262846783914355,0.9010739661884031,4.082710599312831,0.24196104845987426,0.006329429421697453,0.08137889755956905,0.07182481858985473,0.1334484703102567,1.9672524889819178,0.003215905868412411,0.04972554834948806
30,1,0.02190157715023494,0.2547212895137455,0.018818025468486564,0.07691626640487222,4.763727045143487,0.02682426194453935,2.3490946537276876,0.0167835259261417,6.270175331233407,0.8663937508148232,4.180134385558063,0.07486262946032181,0.00555191874425494,0.05784130668113859,0.060817153829451104,0.13462269497030396,2.010505854734511,0.008218863482706647,0.06409384864031654
31,1,0.02243391019782347,0.18932525970731515,0.03230828775580788,0.08789006376180056,4.649957741818356,0.036867045256397175,2.301796231859501,0.03029929195243223,6.332729122124041,0.8377921677265336,4.161590996114802,0.01713519458680943,0.0045028284260437285,0.07703653671564295,0.04609975661470315,0.1429439444484312,1.979065431958834,0.0021331694461450106,0.04927613009659939
32,1,0.003169042799611096,0.15664914444487463,0.03481793526235244,0.10052812720452294,4.574260921042916,0.03956938537979556,2.255417427165477,0.01396038373486529,6.305570062183893,0.8211187220272745,4.205320536376699,0.012295914943265028,0.004382296621199647,0.010046926104242772,0.06424073768217317,0.18471900031737182,1.9558382619404102,0.0059608945528380605,0.09690747082592618
33,1,0.008597174114632894,0.20841363604191918,0.03531641245972679,0.07090685657142393,4.5793450593667036,0.020456830817041975,2.265784441709308,0.033049246987226916,6.300197838413401,0.8409712181419401,4.239243175107261,0.036593805538006924,0.007053767618789971,0.036169271172456725,0.059650069319076904,0.21728664787514287,1.9573682246257718,0.001768675203603517,0.09065196542037249
34,1,0.0068700619206148875,0.1246851375656695,0.02008590971592965,0.11723160828107364,4.63639856895972,0.04976128291557833,2.1994460882919302,0.018201224361721738,6.309173025159099,0.8856638681678186,4.232109019491559,0.04019922288307482,0.009044197540016318,0.08640100494616543,0.07765905597064221,0.21907215907800903,1.9913200807108293,0.013229190113866323,0.08482032224581433
35,1,0.0020520450112475504,0.1865050426631713,0.04008578355865174,0.1698183585461125,4.60282957218803,0.02908349903018287,2.1551851040467116,0.02869245578589775,6.343997300899583,0.8794614040367349,4.293821089880849,0.04733292936917556,0.00737660006551035,0.09161352317424554,0.13983077603766753,0.22489948426364623,2.0075663520217324,0.00639046370536218,0.05871006710677309
36,1,0.03334863593176894,0.11717591641233863,0.010148075021290389,0.19051151337983155,4.611411878774571,0.01575722127550078,2.1787631288282143,0.02678131500076223,6.336681397530278,0.9238010977629779,4.307229086841631,0.04070429687948752,0.001810970621599731,0.07464471875304632,0.13376811045093234,0.26958908568912676,1.9886394033293595,0.008109518195444912,0.03455434397005875
37,1,0.005241044072591045,0.1886613385158971,0.004311837453359496,0.20053674263469337,4.638081004760681,0.015546089352139665,2.213317188324391,0.029354888651855277,6.442895814210304,0.9978208661373609,4.235348471978036,0.13307018056188336,0.003355980909095114,0.06914311315763616,0.12650068335760023,0.2684705620423683,1.9442452538943285,0.022107397913052326,0.06689161063100156
38,1,0.009839486972759394,0.23426588175927646,0.008676863571600892,0.23315510689843746,4.615265695377421,0.01594092973292056,2.2613949835986213,0.0465743651617971,6.5124438290579345,0.9821175602536161,4.223503611382376,0.17489458582022122,0.009582257290590255,0.10260184468024856,0.19535408432386112,0.18095967152772735,1.9516023917113845,0.013993605703431415,0.06601330733500003
39,1,0.02433519961906439,0.1864178281399112,0.01291884986091079,0.28730516303664433,4.6623157769446335,0.04028838887408541,2.3269729775459203,0.025712653623069237,6.444868028585624,0.9887826195498366,4.225173308477089,0.20325990786262357,0.009506753107571913,0.09019040866693563,0.17650830482813218,0.21220001432106692,1.9647726513902488,0.0077279326865644545,0.06560541765602981
40,1,0.010106354005590346,0.12960041367002595,0.0049388634526074315,0.23104468937663222,4.5880091247534445,0.02069510973050095,2.4477177706564888,0.041503359479665144,6.429722483324925,0.9465146719058583,4.202348792139433,0.1932323964854187,0.0005529523822457391,0.06569725707227467,0.14980320188060628,0.28226412894676123,1.9926125607791134,0.039432945216200124,0.028741733039288567
41,1,0.01364744435006648,0.20582859726107341,0.030066661532364373,0.20591794121489065,4.529864126286441,0.038489139091883055,2.499674594625737,0.062170099112117384,6.422062496906785,0.8479308487317998,4.252177072671383,0.20973202044394323,0.00028034432167740127,0.09797529783804938,0.04978175120870687,0.32178448807198096,1.9957374279077231,0.003556032801028148,0.07073622906176538
42,1,0.0025679770705220022,0.10954270712005533,0.0350111278404788,0.1739140176964047,4.517908791600863,0.012010338950334367,2.4070319878920716,0.03607967465492437,6.345566296440642,0.8148740778987241,4.226789285785337,0.24899341975539602,0.000357871043279913,0.10884347807159857,0.002764233185697848,0.36287282800942233,2.022328630388954,0.016552412219248736,0.041880127611549044
43,1,0.019846806504523376,0.16879141122757133,0.011677651451281577,0.12833091592658993,4.557182705572572,0.05482458998008064,2.418797398799991,0.014232604237247488,6.309658229115695,0.8143079581568866,4.305011810743367,0.3221156243298714,0.007236202378699718,0.003371444848654445,0.06839099439084165,0.37588601101622676,1.9846358580597523,0.012033278038979951,0.04294678978239294
44,1,0.033290008872469294,0.15623521588090264,0.028565069078898515,0.08458041805933586,4.545124962310126,0.04180569771874576,2.397295884504096,0.02471817325894458,6.350183810476048,0.8475782269390633,4.248048421763159,0.3190824227682547,0.004852273741563324,0.0029071311434591507,0.0467460765636668,0.3440503028010031,1.983354063162191,0.006150459980709136,0.03871400635881719
45,1,0.017527795971653888,0.16198151412997233,0.019099027125418434,0.059715194261155985,4.555774471880157,0.02313668857222,2.423918017647924,0.01655541289731922,6.376098024851868,0.8709591364214887,4.326202478032598,0.3005462242065936,0.008913380544480503,0.0709166220108522,0.02949709155226753,0.3818709801911766,2.0772535068308335,0.008987241132590479,0.07308950714407006
46,1,0.024706608960365004,0.12279982360977061,0.0012108930345791078,0.08117593890739006,4.6594735204653475,0.028582495313765405,2.4753795824659512,0.04768360704700761,6.434703162812908,0.847606207495126,4.390390062983542,0.31684113332568603,0.0006516608395361625,0.10240734822363975,0.03356707713985283,0.284388820009765,2.0785687799117833,0.01273954631384452,0.0694486163604898
47,1,0.019690289873404914,0.12383982622646944,0.024435316921818835,0.14048350447527233,4.688406105616299,0.03526709939119711,2.4824687092835913,0.026374074719688806,6.429145339299392,0.8417369336676165,4.366824476471873,0.33004467198188964,0.00988182709602751,0.16397948697297038,0.018414311188464313,0.24509647727353168,2.117783867161548,0.00995982659574745,0.053910008657332587
48,1,0.0236696682343373,0.15699680471747804,0.01430908586586788,0.13773388750228863,4.603080616997129,0.031038510376458342,2.4633891498496965,0.04539423979124084,6.423340067799311,0.8393563689420968,4.334197516971308,0.3077893333787647,0.009624397969115055,0.1836383852832554,0.014832703857038899,0.1721647789628129,2.1084404987577896,0.011943267180426608,0.0565632180867286
49,1,0.03564561100544311,0.17737628987728715,0.001089246876027497,0.11815306897413091,4.587310984459491,0.019934371355558353,2.433996938410157,0.008103047670263508,6.458564965154271,0.8324334834827966,4.245317555870892,0.2845622302976879,0.00998757948194409,0.14863192421499238,0.05433214067976741,0.20141662125808082,2.097800350769123,0.03834044927967644,0.007564404662842926
50,1,0.023126905671395782,0.14875771702259305,0.001691486428733785,0.08800223979731424,4.535643029987692,0.018206331831833015,2.427812160978869,0.037060031457276835,6.519230934896825,0.8420149455462826,4.212260882038268,0.35654550535170787,0.005219586371315116,0.1564293532133544,0.08201605596742008,0.17951082378463082,1.9770673311872717,0.03215531228601195,0.02552786434362307
51,1,0.013062156923137332,0.21288190171254598,0.031239592914696055,0.08217731006389353,4.486695605745794,0.05146844086432408,2.4454883587722462,0.04309023632655514,6.5429473656799715,0.8899358285133787,4.209425001623725,0.3282958080404555,0.004337036643817778,0.1109112607167901,0.08367826520526285,0.1508214609878269,1.8915791483719728,0.019575772946619354,0.023587307851122005
52,1,0.005122563197543254,0.2283447591441828,0.005021661973343735,0.043308464153822855,4.490785301800449,0.043900841416106624,2.43146447805684,0.05277282421624878,6.564760956409719,0.8850024303218393,4.193022139035689,0.3928651283152727,0.0030050523905871783,0.12259539183772332,0.1428964010081438,0.09275649441623895,1.8041087270353906,0.028884974815162757,0.053077951889307314
53,1,0.004964791838719145,0.18861732581651083,0.008410800078335605,0.03645621997270359,4.493968748606592,0.02492015697703545,2.436858960978789,0.06065127513289599,6.530135022138764,0.8622904116220368,4.206548498785645,0.3604210858014998,0.003258912877621344,0.15432952262752903,0.07123882220875853,0.0742627811345141,1.8309505197555611,0.033450733923673724,0.05143080802916228
54,1,0.022810161641379712,0.15316574558627924,0.001603422592956352,0.05809976785418397,4.535299940655144,0.06596231353485153,2.404099946333719,0.021934237926667717,6.540708322973483,0.8701030603959862,4.167983267044482,0.34882664681053754,0.00042745870855385114,0.05974331512489732,0.10524528260044846,0.20686698708645185,1.782029140024442,0.03969897729249601,0.019435332150493215
55,1,0.008552158104196508,0.25074140246329263,0.04834412251248808,0.022753421536936828,4.524111571709568,0.045373197121978605,2.3986921911950643,0.04939599821758559,6.548419236224295,0.8941134793331842,4.107449862471182,0.38423392894504804,0.004884149377058826,0.03195198201031785,0.12198014260363556,0.17379484024436523,1.7634279924087943,0.0026397279975627305,0.04618449243060039
56,1,0.02026909631543516,0.200272936267922,0.0020630674674440353,0.0009687452555513477,4.530676311905035,0.031716401517247354,2.4460454806434333,0.05641620731575518,6.525891752399464,0.8620946552789108,4.144369754166212,0.3861101633121396,0.004042789256021941,0.13747276648659093,0.08082454772570957,0.16142428882945858,1.6899250864181476,0.013933350502568682,0.08043986573645627
57,1,0.027700233629514633,0.17087970736489133,0.03641782486846109,0.02800005624388592,4.474789936737631,0.05416784544143931,2.4282497812813695,0.01959322608124377,6.5453703529890275,0.896182471987678,4.130188645546173,0.3675089789462395,0.008188668809117608,0.17413740205568415,0.038875965786373076,0.18182305394972245,1.6630224078013083,0.0007294358236617309,0.06245726062276335
58,1,0.016226860227418673,0.18543132353339126,0.036894708889747455,0.04981383604892029,4.4499516260839345,0.04984399919940246,2.436742280838602,0.055540874435451235,6.528766212721069,0.9346387230218909,4.1464125004102845,0.39522240346107484,0.00436572574452525,0.10580373183576657,0.10019115500761805,0.3300483529342718,1.6449031892697847,0.00509807200797562,0.05601859838922042
59,1,0.0012519654642021661,0.1775750249986657,0.006587349868296328,0.04686466970903536,4.4746891996529605,0.026808739135060072,2.417240612049275,0.0312381782890969,6.5758548609195655,0.9241939078648337,4.112005620645845,0.42265158530722424,0.005327179371131092,0.04816416542401513,0.026247710860186797,0.3254824971891173,1.6825851996029846,0.03322117527245716,0.05185258615713948
60,1,0.042879230579550315,0.10795852081689536,0.023236439493297678,0.13879260127694099,4.599639659229584,0.019263103073210625,2.3619362349300626,0.010941305677873945,6.555572011709729,0.9539872243875164,4.145094564100903,0.38311393063959714,0.008766395168618967,0.11231420976995454,0.03756526943534119,0.39017035977070763,1.7887715081467974,0.0171493410886249,0.00801461826196188
61,1,0.015308886682882543,0.2184383509047106,0.011319932590823834,0.12269670415218804,4.651471146784386,0.047510748356916155,2.3377743617910993,0.05245235860472626,6.5939076003467525,0.9452463334719027,4.175188176862338,0.37394253942612227,0.006862036007682495,0.14765064371583783,0.027788793108451174,0.4436980388682259,1.7245091080355972,0.017641553939298355,0.06884970437456442
62,1,0.02558792508886917,0.22893795581009663,0.04700546999588907,0.017511403765516062,4.711991425195032,0.040683650686766944,2.264844920446534,0.03454117684077947,6.657664344999317,0.9184899986802453,4.185121965892014,0.3075294145114483,0.0013468045159938438,0.13031193430377336,0.01749750404759731,0.4362543245305067,1.749320670025425,0.002927719157535294,0.03622327905403713
63,1,0.02756438703578176,0.22824326229307274,0.037126554273562325,0.12573611707331803,4.792722249310229,0.03608900949346653,2.2510533913219115,0.0427464597974198,6.58887386348615,1.0234803844450528,4.2210830587128285,0.2934046954248489,0.0012182230248085526,0.05465893920209009,0.00928566185313549,0.4440909692280154,1.683282101828386,0.009696974078832429,0.021208440180490035
64,1,0.0042834448001817915,0.16699478188802097,0.00620931372085896,0.31132670601141427,4.722300811955421,0.039038949019156555,2.1401791503916128,0.01798913720942212,6.572559434119592,1.097672854403314,4.177435275002978,0.23925318207310528,0.008327302696398583,0.08669588768103374,0.037983928766726925,0.38842958670668853,1.6160518410013853,0.028084484115649948,0.05160306766026684
65,1,0.03515312371015363,0.10978566678227811,0.001018184969517959,0.37431909595781765,4.754922344243779,0.011454501340552547,2.1332269041239784,0.0168101290822195,6.610783948560733,1.058926941398725,4.20779004205252,0.27459899387365755,0.0018943082734575972,0.09880217608285863,0.029342303398302103,0.3376505506937615,1.6656658442111594,0.014364732335712402,0.03586313983552004
66,1,0.0009752556525034062,0.16924642111837038,0.008282173659483267,0.3565590592060244,4.7556109326135125,0.017942566515422156,2.184532183631466,0.03399580917713657,6.588459003429583,0.9551924073664637,4.153614539920709,0.2477340762543918,0.0025537232493347533,0.10114785167177982,0.11571908950663513,0.3682887733006839,1.674357265105259,0.04990415653186913,0.029999457955877558
67,1,0.01596614065734331,0.1048828853546571,0.006796884177221055,0.3664976838498081,4.766795684190741,0.04359904438245688,2.1478683980967967,0.058640906759151415,6.654396897932224,0.9999009900040662,4.213348976913613,0.22338780219632018,0.003366454566305595,0.099507141313277,0.1410953823991118,0.35359473794105556,1.7028944708391676,0.027449133682904792,0.03891940302371073
68,1,0.03469789510885563,0.11858500603903098,0.020413137906287657,0.37583230013615737,4.7865036045070815,0.03654433067937518,2.1750224126068534,0.020296261350644062,6.694134418454973,1.00394079396487,4.174549199814366,0.18792088051181682,0.005778476251481752,0.06884510825689741,0.10832484656487328,0.4178895281095973,1.677568477075286,0.012417769731849243,0.01781968054381123
69,1,0.02992639186064958,0.16263387078311003,0.016747264584532004,0.3329993616122221,4.721216419965027,0.024048313659619885,2.222010004106581,0.01544047753550055,6.820413910612789,1.0204360526084075,4.168500635091623,0.25370198241528036,0.0034658624571037816,0.15354614187036802,0.10817850362186059,0.4455647063243438,1.660780657611768,0.012997781692400207,0.03983674259617629
70,1,0.02818648768352217,0.12196085486844109,0.006693795737895389,0.3161762123363048,4.708233648453063,0.028200165002897525,2.2462529829431785,0.06345683708314491,6.774572494742299,1.090766255729086,4.284192596307506,0.24694777337446505,0.0031615076763623507,0.1444349342244948,0.10009520553561407,0.49126947650633035,1.5934508857911114,0.02323732048374201,0.029804052679880972
71,1,0.042572657775027924,0.23526460505858643,0.004046925705941073,0.25589217650556767,4.684660480780054,0.024610110740165,2.2827109421221214,0.044150674075035735,6.760618248769538,1.1643966740980736,4.197700903502625,0.23226477856034286,0.0031514048764497604,0.19886693865216082,0.09132682457378914,0.5312711748009628,1.6377062963198903,0.010377479973274836,0.010226937028360158
72,1,0.007107351822209573,0.2484727285911731,0.017618435647210037,0.22041061234955808,4.655762255090726,0.04141543809798512,2.301561171090011,0.015764265330564502,6.73194993234317,1.1223402811398564,4.151170890135136,0.24241237009223648,0.009246520100714233,0.1542943659647527,0.08104601799989213,0.47487383852901976,1.7737080680216277,0.039504756587763236,0.02475364570154234
73,1,0.0201847647615256,0.19201403774925657,0.03717839488457013,0.25111165972884597,4.609854889511084,0.015623932996317372,2.258615485284966,0.01505167093246888,6.800072030955221,1.112562262501404,4.126218817161814,0.25903596225883174,0.0023453323618469013,0.12288034701630976,0.0342902993944378,0.4410031370688281,1.7408959104020298,0.01815309491760524,0.013436863568310725
74,1,0.04595704250229919,0.16327543879405043,0.024134514701905394,0.2697554368249552,4.6382760379270564,0.0497958221571096,2.3019604595809935,0.06927229954598421,6.792089327990558,1.1197146042805397,4.03573279911083,0.2342423994881166,0.008419619150587313,0.1952670228992946,0.0774299830657535,0.4890920882159673,1.7152979770762078,0.009187723302979182,0.001227579235893652
75,1,0.025727147351653927,0.19298739801963402,0.017184123393778776,0.3318330440202547,4.648619911802448,0.026335161223690284,2.288349563950705,0.04015551395481543,6.850066087073814,1.0300408885011727,4.036922552689823,0.16120072358030607,0.004558274726207358,0.19076594442652045,0.06524911152057611,0.5002605492810412,1.6478216407198245,0.01848835071217166,0.036628659399864406
76,1,0.0021439838921235577,0.18844470137923552,0.029077555227983012,0.34873886146650407,4.672797706760916,0.029827226929948245,2.2586674573435057,0.04788682659560117,6.881936051016814,0.9655396187603044,3.889646841522552,0.13004258223693493,0.004658770637303754,0.17366233135606307,0.13278493159668467,0.48223283192714583,1.6502733481395124,0.015099873918274737,0.05556142808000934
77,1,0.022051736207103028,0.1538641857556296,0.040029822614248686,0.4270629547195244,4.6999626891435256,0.03931219045688704,2.3393509374952193,0.06979602295888698,6.8404427073349074,0.9133308447209425,3.9012944568292225,0.14075078528337343,0.003736910707630168,0.12414691671357878,0.19288723229877042,0.5114076909442367,1.5974816910001215,0.01116779076058643,0.014317813784191181
78,1,0.034822308907535564,0.19150593704803753,0.02648468306941053,0.4353422469043702,4.741419177235043,0.014568965221425225,2.4349554243992513,0.03145066515641831,6.827946410242842,0.8589893587953478,3.933377194273865,0.09864967971474625,0.00824024652970397,0.19474190159240118,0.17403966235053508,0.500889312196102,1.694606769277147,0.020137255689035127,0.009959221496790058
79,1,0.0303872715534376,0.1380471632345148,0.02634422904356916,0.4781286595741506,4.727651026123025,0.032521887932355185,2.4213318883325847,0.0171795243293257,6.810339149138256,0.7801818367797184,3.9405907657689676,0.12693524826881916,0.0038259689170907956,0.18518931789962384,0.1989293849933473,0.5117373480394906,1.6293964350219372,0.009585573749613205,0.024715715983868815
80,1,0.003860616623228652,0.10107835246458398,0.028512450473506114,0.49034248047742734,4.68822409228,0.010181980515741188,2.405561838699597,0.06900611444612852,6.82904745506136,0.7055730410255902,3.9399547318428523,0.05705129136810597,0.0013630646984323415,0.19514491682713325,0.07876290567099521,0.5669242377393371,1.6532203922661706,0.024337397546960283,0.03430632706284789
81,1,0.02163272928381352,0.08547165350691613,0.00673219544509165,0.41108562066602705,4.691083613334441,0.04526052304581709,2.3819416219671194,0.04616867557711293,6.943712246258543,0.7362003663232675,3.987797840892574,0.0723651654725711,0.006091492757636408,0.15039646313195168,0.08259483854216931,0.5820361587539415,1.6704838891567055,0.029321260535553808,0.024568224050603365
82,1,0.0030686727104064,0.04283054796608867,0.010980408638104854,0.41719677616798156,4.646920253530214,0.03317610510899046,2.4179914594177867,0.06815440108057699,6.949421483063906,0.6205553516905492,4.055592995704179,0.0006536344442520341,0.007180369960718057,0.18305582032377818,0.10351379219949834,0.5038567357933309,1.6213984213968387,0.02913715108579574,0.06457129143995018
83,1,0.007854015282194725,0.10466955955167366,0.047801941152487204,0.38379940836832804,4.559762446238936,0.03787444679233111,2.413716773026566,0.061580518142830526,6.942155035431182,0.5742668441236359,4.098001014307891,0.02129221370524761,0.0021751888856738227,0.17333331482872263,0.11819733657063286,0.532076201107898,1.6102612801738032,0.0005120434455253007,0.06804032300079073
84,1,0.022749993246126952,0.09988987722470434,0.030176608877217768,0.39850210717244283,4.518516793092759,0.03861796388146964,2.4231220980251016,0.050765200542114884,6.946616759739775,0.6318421697156414,4.110613598980898,0.0390980195867289,0.009030505935223873,0.16483124087234827,0.1910721430826801,0.5689031904980697,1.5106676351651338,0.008785303242560608,0.03973128846048721
85,1,0.009903713503021907,0.12253653184282913,0.018793809935547773,0.3801821540293065,4.493728748689413,0.05384271877400056,2.330081373522199,0.04474089512334409,6.963965027038442,0.6836715859164768,4.026122659267638,0.06750017950141411,0.006022651974289897,0.12075681347135492,0.1775472642509002,0.5581276865560821,1.487760822699244,0.007723732327051781,0.09552609460083401
86,1,0.0038609967657268667,0.07232159743894048,0.0376482848955464,0.32636959514816133,4.548372577335767,0.03629470081232043,2.367590549029543,0.025067864731741135,6.997267368322137,0.6416223382052196,4.078337376510713,0.07487125981094067,0.0028783865919064923,0.18589043425639437,0.10958509363082108,0.573542091562418,1.4914112766351457,0.006565190227870318,0.08312164389275963
87,1,0.0050451022759231,0.126620629560962,0.000986530336454066,0.3412754464131427,4.53714600821589,0.02649403154877946,2.4139790024694565,0.05316064068896009,6.9777474262225,0.5468418723261417,4.0823462287431,0.04207830866537923,0.004215169827809579,0.14892796273135114,0.11432842306249248,0.5376648292200437,1.4618977787638987,0.033788894865044,0.04811010449393314
88,1,0.004263557055006848,0.09119478989587874,0.0432069155184689,0.3615480685413662,4.554153324741174,0.021711272710712746,2.42755348040474,0.017102088906354687,6.978582683476533,0.5520302877901025,4.171107866602087,0.039188636278231354,0.0037217678533453583,0.1704764149158649,0.11858733656746051,0.6402022917565195,1.4970904328723453,0.0015022826990246647,0.06287902672251766
89,1,0.03392377390123384,0.1317599065095136,0.0027984353090797546,0.40715027122997133,4.590617491616869,0.0388533343232087,2.4276503454972755,0.0630955834847606,6.951170659421992,0.5594482543774925,4.160601873484493,0.025279026241211377,0.006482155838810537,0.09173300791799124,0.08916747570825957,0.6426416025237848,1.5416445556558982,0.007607032974393302,0.06455719180360064
90,1,0.01896077818463396,0.2358376424623106,0.020221360321538106,0.476379958744612,4.621301610858213,0.025839789439075448,2.4746701896193395,0.017797970419985445,6.897995794441893,0.5601317447022582,4.101247387033213,0.13692525077956466,0.007699241798447119,0.08154512990991365,0.10010741007711399,0.6506563039205178,1.5498379915609795,0.009320961865395584,0.04121831189151441
91,1,0.023645687991403184,0.26105588971497673,0.00815481255668118,0.4649053580076269,4.596682454357662,0.011084072473835036,2.4723386822562667,0.021363305315276332,6.864612184954613,0.5054319253212887,4.094646206014596,0.11306041154731088,0.0014380722718890344,0.14141599280880077,0.13111382175387679,0.6489802871146249,1.58916517778106,0.017721503708491185,0.02701297190713248
92,1,0.02188940363576109,0.21790660442251825,0.008423121215481185,0.3708125678481283,4.566078136215758,0.03207059210924544,2.4348515082707705,0.06125516343849166,6.835568637734028,0.5675256417181598,4.03257558010441,0.07739778828103862,0.005460983325058119,0.15793297508305393,0.17815388333895693,0.6143822854163392,1.642041492382093,0.015449839770741885,0.049457024249648186
93,1,0.014293262519316393,0.24677779152546356,0.009558880383468193,0.3333281695675373,4.542461039728025,0.04148015173189043,2.428478246920852,0.04565687808319662,6.774324792343605,0.6132944568929677,4.025113953900478,0.08620923940630566,0.006560419884214065,0.13560269579833728,0.12938196429183552,0.6105320151983443,1.5580710977062493,0.03322851224756369,0.025344590187312464
94,1,0.02129795370163346,0.23968278575996482,0.005850983207655691,0.2772949150023844,4.4311387434183676,0.021738924099800393,2.4226089297167546,0.05505386383151551,6.772335442998153,0.6505338707879239,3.9434499045476596,0.058962566407982274,0.0062586105296606005,0.018642536547684302,0.132308246574519,0.573313699169067,1.5553915874095967,0.01593859851066364,0.05661718079044152
95,1,0.01831179810211818,0.15689341061487225,0.01967863160083356,0.2964424623258029,4.408767322640899,0.03224576370332509,2.379831198387792,0.06375287330961268,6.794333391781641,0.6395274109722935,3.9955101954904766,0.08151160927709873,0.0064051225419380605,0.05675732941864887,0.1405348727372937,0.45728346054123414,1.585533077141895,0.005692953548303994,0.07649746704960253
96,1,0.016672020749055196,0.11668300247011214,0.031125878767060054,0.28475290989525087,4.368071855869767,0.016949830117414882,2.4044926574165406,0.052073314064257054,6.938335602392055,0.685845566978162,3.9985957098821783,0.14361110450616357,0.0037302594765491583,0.11692017192953723,0.13486395012977417,0.4351028206303265,1.582368010761486,0.006461500207864191,0.05113464958610121
97,1,0.024555977413363256,0.14581275391876566,0.0034810409104533944,0.24438460542643162,4.425556383153842,0.05012613287939614,2.4541550070671065,0.02883234299245544,6.946337923008771,0.6845123746212144,3.9404319328785897,0.12204053482474858,0.006218829834641367,0.10374471405107057,0.08178218817859166,0.4578426810393675,1.5692183044366894,0.01534039300859304,0.0567952738331993
98,1,0.0012031040878123338,0.2128914171177815,0.014503897697310891,0.23273827116145296,4.434702998958835,0.019041700267175072,2.453760554914275,0.051185536727931955,6.95330397030655,0.7135113085260033,3.9046042253320734,0.11508818471831242,0.004334151220940864,0.11629440005027072,0.12631024907081123,0.4649486557981453,1.5437498077073575,0.01151518360568688,0.09771361282313486
99,1,0.03184990739571843,0.28409117563427344,0.04707149818146895,0.24275815114787966,4.5178971336797655,0.024105014602159663,2.455536744232824,0.011313348049461769,6.9947890886175275,0.7311786118440291,3.9344672752413214,0.2038485325941045,0.008225814869427054,0.11186307893026481,0.13356285047485397,0.4117850375820489,1.5901462412252736,0.006323772114029749,0.009737168928740589
100,1,0.010958409385993111,0.2700788826460556,0.0047568434074329305,0.3322058543772607,4.5966759996749245,0.03724768984115858,2.406242286342829,0.05082464093250812,6.995888811806356,0.7661086737502216,3.8997032242204956,0.2698793751786879,0.002598385581001072,0.17669247532481422,0.08265590192082933,0.33179015156508435,1.7025997302220037,0.041652929803452456,0.030130082310108133
101,1,0.0166090166469093,0.17476049766269583,0.021485579947567068,0.2625010990166893,4.583823591264889,0.017417272480325183,2.466618585673688,0.03214463946986367,6.911411025135485,0.7584708731471382,3.9351736610848147,0.29863149399888633,0.005530616515686491,0.150673842747296,0.10088086940871069,0.22394299010148858,1.7380640544963022,0.017605507132612382,0.046026066098953884
102,1,0.039094221480994965,0.24956901064723802,0.013609407642981254,0.23710614370778849,4.637593591554725,0.04224962014968341,2.411407128571763,0.04191262581088502,6.999084100476467,0.8365271901933645,3.935512075608247,0.3023377019720155,0.0060704308381569665,0.1315580887047419,0.08901807141376411,0.18531327030143435,1.700010962311753,0.007305932329081384,0.029903311296451164
103,1,0.007853325127758022,0.2636496519233768,0.014569866930302868,0.225619748697104,4.630869472377326,0.025431385372510912,2.427291304486643,0.019569262709660546,6.998358606117547,0.7696898781968011,3.9070519611700916,0.27526527914072463,0.00774951893996383,0.17863059945278653,0.06513233781550057,0.1608681238753865,1.7562512366008087,0.014238554598175293,0.08417178295745299
104,1,0.014090673771150962,0.2636599411885926,0.028740619382472462,0.1807182039201116,4.612313789602931,0.031193329251383073,2.4580964098639138,0.06936291810247704,6.927991396937662,0.8041902112579772,3.923287828468617,0.3442660913443014,0.0067381676703927185,0.19894325803610408,0.11727618034324878,0.17419916138021255,1.6991391983736044,0.010006715484762754,0.04600348612068411
105,1,0.01940218498434273,0.2616900038587761,0.009572667755458548,0.2030767184519843,4.618350975587581,0.07396300699558725,2.3849032420987224,0.05213572454456979,6.964482654884146,0.7406086190458478,3.9748170184490395,0.2914050152745578,0.0066614990931438845,0.11555769693330126,0.07610652033123982,0.22800248077473426,1.7515992090422543,0.03369466529080676,0.01697907102710858
106,1,0.0200140217423996,0.1974457099196769,0.01466802578651581,0.2326834551637688,4.599421915979091,0.01987443633276327,2.4142411122330096,0.0445210462717215,6.979195228728548,0.7329443754394882,3.9392571766415005,0.27157608778585507,0.008795025271408729,0.09101504146343725,0.009245670509998413,0.28609320678429573,1.7583639057425862,0.030082027665875418,0.02163275542275042
107,1,0.02012960146693168,0.3149493337394001,0.009268511063858382,0.1645339231429053,4.519956695233698,0.04818363515080912,2.4035731288505957,0.053714194398980473,6.910682240181467,0.732626073987414,3.883752098135058,0.35626947289648503,0.006196832683388535,0.05353205345203651,0.05584266272108249,0.29480637046040203,1.7439204476643548,0.0221581761615092,0.03974852559850295
108,1,0.006142607086655073,0.2623239601199789,0.01811144564935699,0.21571738165652696,4.386233343509585,0.05148319874530534,2.4318769942931553,0.040454047713533905,6.934038606027479,0.6844672583284054,3.867841010722059,0.37637815972596805,0.003197533377355734,0.0814951847710423,0.015442511937477924,0.21834310941734272,1.7044357709841442,0.04065471437700419,0.022368685366142903
109,1,0.005856824187566405,0.22391919958450626,0.0463789643767903,0.23191653822105002,4.400441029528834,0.03962643529063477,2.4671868170322067,0.05906768697808575,6.900068096878388,0.633597319672762,3.832530301851399,0.3700153853547872,0.00746419208405462,0.15851837333299768,0.040851800108895844,0.2585797675471577,1.7226374414833938,0.006259383554352643,0.053251647227691816
110,1,0.03874122421685398,0.1735228044605697,0.00560558136628504,0.23364588104923126,4.353799212134396,0.024305203095484517,2.4016983941203427,0.03478566487935659,6.910173867274921,0.7120813580857642,3.8500814630857905,0.3566540069208496,0.0006750222171939717,0.17179648402640374,0.0752264348045915,0.28523185136975565,1.8033074886453173,0.007598455222809688,0.016175613078744558
111,1,0.038366508847159066,0.24126968046816336,0.018327865510057766,0.24891786585714396,4.317807880236424,0.043540524066563266,2.3627358255581408,0.02105291307658481,6.930403130123282,0.6287913635853497,3.7986568694702583,0.31737875555269307,0.006500602219654742,0.17005240140406044,0.09392237959988556,0.27450198212037175,1.695358989655267,0.01207087223854549,0.015010541199316385
112,1,0.006992003578675515,0.3302437496331838,0.02678355598832534,0.2530982879444721,4.243434270067205,0.027714035584447443,2.384979420212171,0.01710473880653678,6.932751744318377,0.7116726799267931,3.9179842661214037,0.3363432654479624,0.0029579478139735633,0.13807377996543996,0.08894009824982577,0.343494740509208,1.6481949633388795,0.00871783101598951,0.05104048130116578
113,1,0.03187322110386203,0.3354319627641122,0.04042764607074331,0.23270559201518054,4.299983775892519,0.04626225352543484,2.4660209387923144,0.05496942372880386,6.930780015068742,0.7087487732615513,3.8689203550537163,0.33410366362552096,0.005802333688648479,0.159701241171219,0.033827509817199376,0.4191397566715968,1.6482274332594278,0.0006702118210862482,0.01089409803455312
114,1,0.012015073141840938,0.30236053936837665,0.014750216181273444,0.24880373758927976,4.345555362596484,0.04060476704983923,2.465035819699299,0.034925038569685804,6.901636433274023,0.7692019779124105,3.9146329729812352,0.34266737714740164,0.004939846837534501,0.17471700890441355,0.050286120023061424,0.31103358163967293,1.5741860475807814,0.010996814125689983,0.05583481342226388
115,1,0.003323279482349578,0.14644758167880192,0.012185699959367548,0.20719205292287698,4.389138946193036,0.041344491511717416,2.463999594645986,0.06328363352793195,6.880251309152855,0.773603270883093,3.9252972493142466,0.3528190485412001,0.007402924730462713,0.1791511039415759,0.0371063232307519,0.30869586613682626,1.6599436459340164,0.039001184747735944,0.029494480670915722
116,1,0.015219083749370166,0.1697356052200878,0.004272858767983907,0.18287750125183755,4.38868623668078,0.03430775292030794,2.4114732588254713,0.01655626593559836,6.813426600088143,0.8129270585615731,3.967196604769876,0.31289833750742996,0.009037181228747969,0.15938400873028327,0.014592736647267745,0.34549269782188663,1.6730404949469022,0.03625316048407276,0.035766284088396307
117,1,0.002998477303059271,0.14668744994141464,0.0006369145891120795,0.17165140747506552,4.403929477165014,0.027239139172936667,2.421672960847078,0.06422355598355738,6.793200037760237,0.7749640179979268,4.105200337141721,0.29155689118173816,0.0033064733821845126,0.1899151480897508,0.023022756911465103,0.3152528654846181,1.6582789193675418,0.056951481646771156,0.030851165154144034
118,1,0.03708080942154108,0.05605890766223442,0.019049577698364135,0.11315843953175614,4.423851564722723,0.03326590243614752,2.4386277007695742,0.041779599398249094,6.775002240766221,0.9456924159875877,4.1938402703251505,0.21649013980307108,0.00027830919743285004,0.14790387090229112,0.03394617739260148,0.26069899326650675,1.5955554354567316,0.033069405997073115,0.0001237041146713015
119,1,0.0036354034061483018,0.09735940554657453,0.016772227911155152,0.13058379023684166,4.409440936049375,0.062040688665772524,2.4493145901774946,0.041347064381213355,6.703901430142038,0.8329385245182843,4.144417247267439,0.24928209289379008,0.0057818391479194445,0.16278435147641535,0.04769927376950834,0.25774615794481487,1.6377909854315529,0.03838554591237515,0.025032418368727334
120,1,0.014718348697668476,0.10380793811664416,0.015039140157346824,0.2047699192971289,4.406073610379978,0.036347020075506914,2.3845076922869026,0.058097741945349786,6.753761712129946,0.8678878741784158,4.0891547222344204,0.26291804361614685,0.002529016532898318,0.10319308764227414,0.030713732278716075,0.25388471493444276,1.6543625383296092,0.03607873610226284,0.025322120742327252
121,1,0.0028646779313771997,0.08606254254445106,0.031270717546850714,0.24518025100009064,4.418293064910885,0.02637051414274139,2.3959963350420073,0.055608385709315054,6.833004426949909,0.9249433991665462,4.012359552009409,0.22196617033411561,0.00796461292607427,0.09760495853996878,0.02086154286499004,0.26210694222312153,1.6404281732211243,0.01498884995940804,0.03970229680985921
122,1,0.022013621176520868,0.18492920374209296,0.026259003452287415,0.3089230294459662,4.4291093447103185,0.018644918554283105,2.459365348325234,0.024008581898565685,6.85140199480128,0.9787613312669328,3.9907490837293693,0.2686277202389242,0.002898901923737172,0.1038991745548415,0.11544214444625622,0.21778932312567353,1.6665734986699798,0.011060566034364921,0.0209417769300382
123,1,0.02454120859677811,0.14324459208385731,0.008128432224209116,0.2916365122088738,4.454783457626383,0.04399258325994513,2.4984072052061785,0.031695249443589014,6.810579515204665,1.0186721727810146,3.98567590146112,0.32496203804110335,0.001741163608363066,0.1561809552841472,0.18846772838880824,0.26841266001574327,1.6487061332657815,0.011862924795932506,0.04984990827205299
124,1,0.0006849870809734865,0.1395952308750181,0.023786224388093836,0.30370676588680706,4.475968979532859,0.017046254408116256,2.461887066183589,0.02146261689024378,6.783424537499042,0.9974317865326047,4.00410004568084,0.3094623488997255,0.007001031623163409,0.12303154836726947,0.17553624608505644,0.28010274157711285,1.6545837166221848,0.028781143789154848,0.029575686616499536
125,1,0.0025821335000134056,0.13338466235468077,0.041405323775219584,0.2640632189947754,4.428043306014844,0.0350829680480917,2.384370161724562,0.04225303933640706,6.756556027326642,1.014704795557238,3.9483776831897615,0.3640142994658843,0.007732072800149925,0.17074465018410254,0.11240533324004474,0.35670484211640513,1.6952418840295975,0.013546009249566381,0.034417451749368576
126,1,0.021429620365257796,0.07740839995917277,0.017490497803566422,0.313553144238442,4.425844945265662,0.025164434157327168,2.386048690803022,0.034217185357579616,6.818901209883036,1.03493036441845,3.9757756983481274,0.4450824635736342,0.007273399506735528,0.07069361428473311,0.15391581625735118,0.2988192387406325,1.6927102973071055,0.028455830990969884,0.022460826000710744
127,1,0.03241664325561295,0.09638722771904276,0.0370934363220944,0.3016863717355426,4.406628234546005,0.034984574630181134,2.334553284603892,0.04559495618789221,6.814809473106814,1.0855323042783547,3.909022876154132,0.31013287127350714,0.009837082002738357,0.0969575900769281,0.17880709081595608,0.3367980725413006,1.6482461919529905,0.006233442872616463,0.03279530375023001
128,1,0.0049264993063423855,0.14248752318806324,0.006831595146713016,0.26495378208113524,4.452089753984813,0.02453269934487622,2.361440279776611,0.037747534647306305,6.78131721882319,1.0651628675802591,3.991007449547727,0.38507234824440834,0.00546239661068767,0.10301683075834253,0.13386729680389656,0.43868448940838095,1.615347981248988,0.044687704764114086,0.033514308610448316
129,1,0.0006741894574076073,0.15304344501660014,0.034280988486348814,0.19055556078720232,4.3843986883183526,0.06830078995424711,2.4329703295845198,0.045408337478821025,6.677241351938447,0.9631026792796563,3.950322933183365,0.3203402552721383,0.006949207924280852,0.11590700454100979,0.10777729392876732,0.45084377607206,1.6571708843857604,0.022879691537846067,0.025291408986013612
130,1,0.036791598479432,0.15994034066771468,0.022156940664683548,0.20885296582105253,4.407006558883196,0.02952391825610296,2.4061262376786745,0.022447637747835397,6.7625649179718605,1.0799778960145556,3.878026968759822,0.2864106986470683,0.0011575792778738315,0.0548656162305315,0.11297135434556592,0.45734225544987145,1.7210834918555424,0.014195366733034615,0.011423109079115593
131,1,0.0017996596858487848,0.18539498017239586,0.004697550742210318,0.26408515488314627,4.433202410009256,0.04852778345741703,2.4383101827781113,0.06127490828709807,6.819585079032431,1.0363669306544132,3.9404613023565984,0.30222331377126443,0.009961295198219696,0.07133135829618115,0.06394593002541313,0.38466988989814965,1.8485267745701282,0.0653634802745473,0.024357966521372825
132,1,0.008600216745311142,0.20351643975521141,0.007098085571541379,0.20002646143377759,4.460894409368058,0.045574939993900075,2.4358724640845413,0.044859182597917824,6.843852783377411,1.068899213148046,3.928480024018957,0.27303521554293864,0.007841861541052465,0.14023206606597052,0.011750714130754628,0.3672162664562785,1.7728244708893492,0.039329526866334945,0.03690867949793824
133,1,0.0035872363596152405,0.2875932342746836,0.017182313221905797,0.14752371684856824,4.361415694079206,0.01890742026004538,2.37897892726292,0.06592038690312918,6.831231566343604,1.0634586656312257,3.991866757621853,0.28421964062196736,0.006757091611770279,0.09873032619364243,0.08101524115816497,0.3908304088766039,1.832793363573536,0.040880989798165006,0.02448879245866863
134,1,0.005537297649209122,0.24589187681365465,0.00889026808975525,0.19052287163255544,4.315761965851454,0.035621567957511105,2.426640781152178,0.06803936702590777,6.920172628187389,1.0614521189683388,3.9616237994133026,0.23410800808865165,0.00580280727680884,0.10896384925993118,0.09241896524640979,0.32985998457737903,1.8738511008169685,0.018499404456752352,0.07349794537819242
135,1,0.008408008219856954,0.2449940794242808,0.0052520061587474935,0.1785982356713631,4.382805214933201,0.02175609132806223,2.4851735332352742,0.03943405272522447,6.8917746529043065,1.1163421723013,3.9361662055299935,0.1465224241997828,0.0040682472642003305,0.0907084502962463,0.03289898225801307,0.34611457404828866,1.8950917474663378,0.02459460483228702,0.047330817498603635
136,1,0.02371513691977136,0.18981092212625314,0.014456506865905383,0.17266098319695708,4.36571823235534,0.034696515464786706,2.4697287422548593,0.030314664798190546,6.939818090077633,1.0743448113833853,3.99349604328971,0.06970510649846837,0.006687380198102547,0.12896489969013583,0.08286384718177686,0.39112162101858505,1.924959315774848,0.00562477039110386,0.09176726391312842
137,1,0.020019432658067705,0.24588137339039923,0.009146558049751117,0.0923826667356063,4.395611617947901,0.03943236070427408,2.399618686770104,0.03811854450729115,6.969561653589396,1.1292661116077842,3.9808029037576387,0.12432156489858195,0.007786021908372453,0.10353939744015686,0.08967102552542891,0.4019438336348877,1.9613932340121243,0.011831947905933967,0.0799191416465065
138,1,0.0037505807761645527,0.21318986728493686,0.003209466699248246,0.02875780280274207,4.417968183151205,0.04103747017822075,2.426877160298443,0.05560563323693743,6.919248932018077,1.1748853822077945,4.012040189315736,0.180887928608092,0.006071617723136337,0.07807032002911023,0.14342394508820802,0.43106653679087453,2.013236503326483,0.020787300705179524,0.09864382513985984
139,1,0.010604572643348848,0.1932828109670976,0.004194095038774422,0.09069049237352252,4.423780865898873,0.04567720001670429,2.396331865971155,0.06982653058603679,6.884708166597912,1.1348161920812143,4.026786491877088,0.2534999725156164,0.0033993507676038765,0.046129196831701316,0.11035100413148297,0.48634537230534536,1.8800101163195213,0.03491457803368418,0.04469216298022967
140,1,0.009448131187020458,0.1687627397902572,0.02197758814636949,0.098284837255906,4.40425218254286,0.036013916598006075,2.404541257174411,0.018567311911063877,6.914429369262931,1.1065034694195675,4.043749338021273,0.24285668270062172,0.004747075999172464,0.06268213756082182,0.07942464333380468,0.43761711695968014,1.8553118749966078,0.01618660234650431,0.054068287517764414
141,1,0.0437256031817416,0.169242439941527,0.0033241599282122372,0.05743296928905337,4.441583331875666,0.04299668054508035,2.4115165425203307,0.05112022544051081,6.890217031344084,1.0242658397683448,4.050915271817465,0.2099717262496721,0.008200260873529559,0.023208020643195482,0.06745335824702332,0.4145354238505899,1.8540546688811572,0.016172941045520445,0.004626500704539264
142,1,0.02514832807049025,0.2546087095532578,0.011403740289672481,0.02104509404464741,4.380656519593588,0.04430421869057859,2.4297591875979,0.035121838738162214,6.906266905051229,1.022370616310533,4.06819553841333,0.19540788076711704,0.009986646288563022,0.03118663935591274,0.0989163439713914,0.4175445797356235,1.859505777833885,0.008211572724384697,0.06294414028396177
143,1,0.03839462472340632,0.24561129350901084,0.04517563066886002,0.013268086474544794,4.4006454318320785,0.013897538696978441,2.381408038546593,0.05415368473502538,6.887240923222982,0.9521909800604406,4.038661591559515,0.22667512432222695,0.0027649366171979338,0.1151431919368146,0.12954778911195483,0.3880144400340359,1.8089921986056616,0.004346362149508205,0.01283866492892291
144,1,0.0064321886488767225,0.22956261325641603,0.012361910935084812,0.018939899483120963,4.456662506726116,0.03410773909088566,2.3258603533764366,0.03696454660344665,6.866542482356677,0.9124940116853053,4.089982848448573,0.09553827359242473,0.004974326079932801,0.055019571960268326,0.15521716073209155,0.3721992780283754,1.775870086014401,0.0372654607219626,0.03337045306374472
145,1,0.015458454894325086,0.1715523933734112,0.022279981730642207,0.05343106371014556,4.4412355742901575,0.02783530715054416,2.350803236971093,0.030418231212667783,6.865404093822049,0.8787391742072688,4.117014891722559,0.09823579840875697,0.0067590797656758165,0.01577882731316171,0.06408411493712385,0.42553944407030614,1.749656934594284,0.014264945018094496,0.06441793111277073
146,1,0.025508725300638118,0.12704441652950943,0.02615503483886526,0.036612879369699966,4.410638641577097,0.02171148993882364,2.272060321542736,0.02104444367084451,6.775476374129022,0.870889639829596,4.122710042898363,0.04155132336802264,0.0029135954344297736,0.07501680099333616,0.07642073751616411,0.4122814648413833,1.8097655425500914,0.012004988880311838,0.04492788761415028
147,1,0.01636028739883052,0.06991203152541417,0.03756879129680368,0.11560016621411355,4.342395062819394,0.050779707968999825,2.3683772091226123,0.018250705601815843,6.768442290849927,0.8721208239671525,4.097805452061056,0.05139901333951408,0.009178162364555468,0.13214447859010406,0.03383942614443698,0.38825271591906574,1.842964152660816,0.009022196075273289,0.05281726614600804
148,1,0.022237623116557664,0.162162600407494,0.0002302931904949769,0.09394190193838697,4.3576262239505414,0.037189739308526225,2.3075300777791004,0.0496957023907084,6.8341426666869545,0.8662860425560956,4.082208263272816,0.06161119799423603,0.008590099540733384,0.08393610585054331,0.08053023827843153,0.4064189793703657,1.8879984257072757,0.03472636148685427,0.018079827337729608
149,1,0.037241748776197466,0.15686419101004914,0.010266151962230506,0.11621346719278902,4.409024325275744,0.06834195941016355,2.294153711444113,0.05243847894602182,6.886851825534617,0.8551279943257649,4.060151183794338,0.08234033117776308,0.007149947213603287,0.025183814685902018,0.16544408512711126,0.3594122836452367,1.873503838024132,0.008347872268982214,0.012001987677682761
150,1,0.03838150794328803,0.14379865759849678,0.01083026369055543,0.09640998702018383,4.37934148191623,0.028639865023038443,2.293333929675788,0.03461950136786351,6.963012987397814,0.9020458984657952,4.03775313264531,0.1133561826112521,6.19405236834855e-5,0.0619547182333756,0.0771007193027149,0.3121958415381676,1.957384909805815,0.02129652486796232,0.018137306893728444
151,1,0.034890958893914255,0.15393446479086909,0.003301402836055032,0.12782666104864415,4.46909336841654,0.012536231606451802,2.3278365019225835,0.015753403821019148,6.940632899066797,0.89019864950479,4.035947944779572,0.1908210947912106,0.001455455375284949,0.10506070355275202,0.04899021239127225,0.3802909908534415,1.9686841361101406,0.036102102692099354,0.009329832398433406
152,1,0.024790201472774276,0.14197495772686763,0.006360575682894592,0.2249603591190446,4.485626493777182,0.03750918346110858,2.3018331684668767,0.047619315512124546,6.896672223123749,0.8218674806208872,4.124387641679787,0.25148738539495813,0.0033839107487639197,0.18336050071142287,0.1166633754305502,0.25886314681520883,1.8672260562660103,0.04913285048385615,0.009775706546972174
153,1,0.02777442283295133,0.13819407246514023,0.007521090430482706,0.12925400234223008,4.48544109387076,0.03899912627507824,2.2740006836789157,0.052348959526866225,6.95849126795918,0.8542224314779887,4.126688450480314,0.2715876429727567,0.0009268780837405999,0.06759072090207821,0.11263871813248932,0.2943644924795778,1.9071689351552765,0.025090672652215346,0.0335558754811508
154,1,0.016010911886970722,0.1259979412291719,0.01002572357900126,0.11331237762060786,4.439604109441596,0.05981939625387186,2.318686520680718,0.061790807377718616,6.9472555233007105,0.9006581410792872,4.1260405306411725,0.3349431696535664,0.009497164836814842,0.14529161260821372,0.12208541816664882,0.2238183378192137,1.801310240553309,0.031225934578396345,0.028111944696573337
155,1,0.0040605537605542105,0.11594019012604405,0.029141067424038835,0.10365028589106666,4.401186214067119,0.04708131457221698,2.357196367377022,0.05275105869801447,6.968884182792079,0.9500016636460116,4.182663302055242,0.3100739277193055,0.0030675213603833804,0.1383139731497395,0.04765039815602281,0.25700777715850737,1.7511706174148252,0.005982889110764802,0.08851379725818544
156,1,0.0008034471064553867,0.12757571054624864,0.0344037568535021,0.031203710429779635,4.385534686689515,0.04824977748844793,2.3742402976844987,0.0194708673615745,6.911777909687186,0.9579063016258045,4.170433656141965,0.3096452730776741,0.00453332949642474,0.17764767474333332,0.13368947201129586,0.34566717958923954,1.752156643581126,0.010369756875835365,0.07866032501112692
157,1,0.013533804152728923,0.14689954656731585,0.02271374169843123,0.006963747179255948,4.366461565189003,0.03353077456486561,2.3450860994939835,0.036475606209531206,6.859988043529692,0.9506789046570315,4.277907383056048,0.28547172605723514,0.0013201120548782847,0.16084535645727704,0.09664113360929964,0.38902982875079045,1.7549430562586925,0.006904252811236255,0.04972027375800349
158,1,0.016076986393719423,0.10432682120849439,0.03552018617684505,0.07921330304665997,4.426321722667265,0.032011112461789025,2.353400838326432,0.01368890414918329,6.826658806684319,0.9660108613339629,4.289813298378721,0.3117530307068648,0.009923786515238415,0.16722433919897509,0.15765176661960742,0.440140657754623,1.7732998587063498,0.00377166992042076,0.058972865062458094
159,1,0.02128071524706457,0.04675355170642646,0.02068705245258128,0.06932978734251458,4.406400833292893,0.03240109592132343,2.3507249970297908,0.017912063119104142,6.744914171351888,0.9803547946153275,4.324573332161047,0.26941159687113775,0.00997474139216945,0.12550136408848742,0.1938992089101747,0.38298710331158486,1.830807561519921,0.01278612178817602,0.055177803823181354
160,1,0.030752253887628585,0.07585337672736749,0.009880964709456135,0.15914545864583407,4.373277121938499,0.03762404306790992,2.3724458472094736,0.04337018682247498,6.728384357124801,1.0113238027001792,4.189380859130228,0.1704501352687833,0.008676916683353172,0.11592936374814222,0.16760469391393168,0.41628242867596776,1.83836497314314,0.02941007962818443,0.01231517019774062
161,1,0.027850433195446892,0.1217063617120284,0.02950214300484019,0.12857595740790262,4.433657353091405,0.03223886741166659,2.4087531846761503,0.06628436791046269,6.706084920771505,1.0525502536881,4.229145959506781,0.1807077137040335,0.006771853221246031,0.09146701966795409,0.14666714700536637,0.5100955767326594,1.9058809109417836,0.01983184816732214,0.01078938282525797
162,1,0.026331768118702043,0.21236843799533117,0.044484358853990554,0.12988483615692256,4.408032175868535,0.052680517944265245,2.369251390181735,0.06766786688704979,6.699109677635824,1.023043973006617,4.194581005600338,0.15781480423074315,0.00800598009025182,0.0731781104590091,0.11569372392168063,0.477058560267015,1.9000648607369066,0.0009532746447669177,0.014106183319335703
163,1,0.01463635696691739,0.2272364037499755,0.03801766719054474,0.10080083322647683,4.425133193621353,0.028244795189996258,2.3811600987526624,0.029750371982431027,6.690857487045614,0.9398760304245097,4.186098625261165,0.16806362086177756,0.0005902587663291161,0.06680757554302047,0.01532959613462224,0.49853022093233224,1.895613194788038,0.0002065842602975961,0.0715995864126028
164,1,0.009277360658695012,0.23386155682220403,0.019551778087310925,0.040972908214778926,4.420659316782136,0.011993040275393585,2.437818878310604,0.049811205151061515,6.731695454543689,1.0304744272187614,4.090455869922877,0.2243450929920928,0.0009930135672256426,0.04639947212384317,0.02477363081345256,0.5274792887400519,1.9247206965864592,0.02376914108338136,0.03882657247894102
165,1,0.003938233735809241,0.2730697909720529,0.03808143771439814,0.015884961241976858,4.468675220588732,0.01665093133319309,2.454194412970859,0.019084035704565537,6.730592559049465,1.0742465722092192,4.133833903034205,0.21632233573855927,0.0058201005208183805,0.011956584148674471,0.09019493193759331,0.5115860666673623,1.9712137438995752,0.007836230789979701,0.06717085003989917
166,1,0.02084285224904383,0.29788851414239925,0.013668447476235052,0.039662914297074574,4.483541941280368,0.010927084182431419,2.365013126247579,0.015785378461744055,6.749168738070126,1.0008683529298743,4.167806384123984,0.24866503361968112,0.0024368181617845084,0.012875074850136331,0.03925172881495911,0.47801689175307505,1.9140601709233365,0.011786886072926649,0.04402836866045041
167,1,0.03307303724256027,0.21921033910150103,0.006970905249224075,0.025874614945737787,4.491944930056995,0.03621718669769553,2.410328559855192,0.026810810059045252,6.799953483662142,1.0541566960377797,4.209153456425259,0.26839452314052503,0.004851710536279258,0.03530297148929724,0.004952118746121062,0.5052092034717236,1.8351959100555135,0.011525246560895111,0.033332090432247136
168,1,0.03125425691820241,0.2560998084397352,0.013150301439548342,0.07048380626628954,4.546508919900232,0.01662692384172016,2.4101932627446345,0.03231732530873798,6.76561016759458,1.1336661504060759,4.2639495256465425,0.26132899318867203,0.006766588796656324,0.04083086787830322,0.10576884296166629,0.5447336584256528,1.776003975126368,0.02941501561565068,0.004252725339818701
169,1,0.03899761657846798,0.3017222801600385,0.046969048248863284,0.07162472053778418,4.532560091203522,0.025973122167063958,2.402914890046645,0.0587112355647879,6.811270692611703,1.0743729027852702,4.1839219064510065,0.2217814017530295,0.0028555166683956056,0.036546568579018265,0.09050516593824112,0.486501121126953,1.8654398740217848,0.002323909150759848,0.0024809749389668122
170,1,0.020091970751774078,0.27421235701659047,0.03243142981483422,0.12690584920073378,4.614475710315918,0.03742646130059998,2.398247288131023,0.013732224149176431,6.694859650637296,1.0491417540037618,4.173674046359926,0.26037605474299697,0.003971576458920093,0.003040834850222419,0.057976562685372914,0.4491004265868129,2.0371331153285768,0.012643569398066636,0.023934018016142096
171,1,0.0033178325349026926,0.3024427344626038,0.02538867607686799,0.13981554283877257,4.606133786853749,0.038205005397083484,2.3608255578673165,0.03573622116622915,6.65493091931574,1.1768300298647774,4.1701009300047955,0.27635800219911966,0.005804960648564958,0.12182668230120029,0.004702879021766991,0.4245277343427529,1.9594693092474473,0.012446458090809182,0.06930889053869108
172,1,0.019322506829984896,0.3191999883858428,0.023826742139078212,0.11791106880755138,4.4906410786113256,0.02934601094124214,2.389870028242871,0.06427324424174505,6.6650334113635195,1.2864689757506134,4.191990270211027,0.26611969883909664,0.007643020322335252,0.10591907401035312,0.06875636334749517,0.36909317647177886,1.9404138255582635,0.010843672689842612,0.031496271190150145
173,1,0.01484023889630024,0.3222153837593572,0.043213689304948844,0.12816329426957795,4.489295210223388,0.01605756593802929,2.408628452209723,0.05457217836751422,6.729252598663171,1.4031864716184337,4.188141284230219,0.24940552451324635,0.004898896166627761,0.0938611013356353,0.1039209438728523,0.4272915454114259,1.964826960497239,0.003880739693862631,0.029638069652718493
174,1,0.007364539801937164,0.31300104588755373,0.010475711962439347,0.17799808729810904,4.565538778099272,0.01192672372414984,2.4416454700156605,0.055965138767222276,6.777873826612389,1.3512557201036677,4.179600591154402,0.2861249199003134,0.006344612459061033,0.03800104995782135,0.10355404834408628,0.4461954384537928,1.8856890244697584,0.04993255598686868,0.02041852268725528
175,1,0.012697052179359946,0.26023086174094967,0.0005929562374210916,0.21137529591084867,4.5625146127596485,0.016852386536308793,2.4552655257729383,0.048552373752345376,6.735210117808498,1.3877762606726478,4.149732676791389,0.2603912606367221,0.0020909845049513404,0.0730791464877679,0.19227349293049847,0.49272957173002635,1.9729536046237994,0.057355494029413,0.018010697422101055
176,1,0.01141084011767501,0.2626696262832848,0.03932600365074336,0.17264355310742857,4.544104574066215,0.04954971513043775,2.4111304825041686,0.06126216521743542,6.75767242149546,1.3747401782786506,4.105864388177771,0.2009542015059904,0.00849479898437328,0.05087984067277621,0.12006352779753358,0.4985974237269507,1.98319212569496,0.012844077416816925,0.027290330255114494
177,1,0.01066440203077226,0.2309536097450209,0.0038175820319997895,0.15346065640222434,4.6247815807886505,0.041284855397088066,2.34901736363052,0.03532932117354805,6.705772600062193,1.341802017896719,4.045932182478535,0.2866274934531316,0.009821848625628994,0.06992563267193867,0.10317924146579167,0.3993689964908692,1.9859312285959168,0.025962866270849226,0.06207049292862417
178,1,0.02128109919679174,0.2718149418488773,0.03390068936597238,0.11809424650745035,4.622803095486602,0.019141220571968556,2.390139655602746,0.03241452624300139,6.74815228809355,1.3566810248749772,4.013237082331642,0.2972700668833055,0.002374654903499423,0.12368606994760013,0.07749059771920627,0.3286925473062093,2.0200087901633417,0.0027477365662582523,0.09694390949429411
179,1,0.004576557927720729,0.27433891603327243,0.012787892831617692,0.15775346241584468,4.6114933963707925,0.04026759220077253,2.456751284813421,0.012317670621238178,6.816673014776191,1.3571929657488075,4.050198358740998,0.3496472328877505,0.004608757633848091,0.1591385835784489,0.11394248312756632,0.2913712755553308,2.081656557409846,0.03973595701685189,0.03666037044814896
180,1,0.02339948372871967,0.2842176128798827,0.028339811248762493,0.19326270598073883,4.582000446608886,0.036915823047347654,2.4701529343603337,0.026111814111026546,6.830036029956571,1.3765975531770915,4.063785536954029,0.3241325003968034,0.0031907695614257882,0.14600065213839222,0.12034374643124435,0.34904549858923944,2.1189703544387815,0.006733683545859095,0.0476352628282654
181,1,0.02739666997033683,0.19788847424140213,0.0026105507586638202,0.1536141462684487,4.604616236351577,0.016058688709066855,2.4421950454319097,0.05627955523845267,6.724439997249331,1.3819962918872026,4.031641375530877,0.38820716519886417,0.0017562629828272098,0.18754001921263777,0.0897084897503161,0.4305385219908747,2.1115583366695394,0.027369937219720183,0.03453494015202535
182,1,0.03551482307924797,0.30534482143324587,0.029797978998305375,0.03738766744680605,4.5522424127240715,0.03487381667842769,2.484447952731127,0.010238920478620578,6.808450805722032,1.3722205609303466,3.9925495901695505,0.433822046766374,0.005528677411218643,0.09133726269603223,0.11059001663305147,0.325735567585432,2.219850068080471,0.005806626907080072,0.024234559331936172
183,1,0.01648177396775663,0.2485710054013009,0.04706677451283942,0.10919244889765668,4.5846452984925,0.043274286232663724,2.439273851351111,0.019646594861791863,6.827496902403539,1.4165790816063055,4.050962032792113,0.3980254533286807,0.002269514598979767,0.09880223693938549,0.1298586392479277,0.32076896078657363,2.2174760236835187,0.0003510292362289012,0.08737864472428214
184,1,0.016691001529955802,0.23067759170102595,0.041344948609594714,0.1603957537166319,4.484299082446747,0.03948618314505237,2.3890175048118785,0.015225781713697813,6.8987636712960905,1.392332426671347,4.008552017729353,0.3903602268558726,0.007190080899010057,0.05633472050084115,0.17399803238453868,0.3611034013788453,2.1701070912970257,0.004735721587877755,0.054840090429874644
185,1,0.010992780602933008,0.2814264945872929,0.02845090582885643,0.22215881186442057,4.474917222234083,0.04120884083840699,2.4335703980774483,0.06246813868936247,6.937207527626076,1.4195173678047974,4.049306836625753,0.4790458366358392,0.0010411952413667768,0.17417142877689537,0.14174658998438483,0.3716807054566876,2.1666956522629612,0.02184055771854864,0.026905859327268383
186,1,0.012347742595308252,0.28336822408810136,0.005460528483775314,0.23663658045805164,4.5486391423200985,0.027571814033381842,2.426011711267937,0.03580199777165789,6.969841414737426,1.4689859329602375,4.101188473352023,0.5279798803462771,0.008248904761138555,0.17040315863418476,0.0860736131143214,0.3804833814468323,2.1376035162422573,0.036566920159605706,0.03043568481650882
187,1,0.009620619104795032,0.34107443903604445,0.0028630622874203137,0.17778767206229498,4.56063041504347,0.044672234926332155,2.3723406698554266,0.025961891684683144,6.948637255678212,1.4138484786153638,4.111232438173366,0.5312538396504071,0.008691966011873123,0.16638372802953025,0.08770080669655143,0.28621526548106513,2.215773061355781,0.0641594300974812,0.017942988735337718
188,1,0.014931087247738931,0.38705937877044655,0.00351036969206227,0.15052738658236528,4.411118692424963,0.019789367505493673,2.3535067981591875,0.025964385072188848,6.999060383566261,1.4071355736541278,4.095187408183642,0.5896739893561697,0.007331029517408629,0.18346103889018098,0.14418052212567478,0.2869743548796598,2.214866164741469,0.0192559422937295,0.0425531211805949
189,1,0.029261486730587632,0.3716635340121453,0.01940598268568297,0.14923897526237306,4.44120447220636,0.02645314386895346,2.3722418860467673,0.05104863215165394,6.952874078395249,1.4270277276780363,4.083798297574518,0.5825782645082209,0.000567695537947566,0.12408469104478091,0.15818272812307838,0.3340942080769134,2.175031557755973,0.012264486584194425,0.01778308304062478
190,1,0.015216126223039507,0.3483772606608035,0.023779610189454823,0.17386569892138756,4.388558220733844,0.03154417255159998,2.35593755248918,0.0477160554502989,6.9414683091365355,1.391148751356415,4.075657599101593,0.5247840291805831,0.004576335931031279,0.09553722540489448,0.1642134118393415,0.45553803960004796,2.269166869065525,0.019170504343114417,0.023882946760645944
191,1,0.01956947186571748,0.32254108496551287,0.003756146678361038,0.1444497817099192,4.398126639845582,0.026005515581184645,2.3042698516371978,0.05161497079990524,6.882412881968553,1.3982855267636674,4.010424392943506,0.4746655694909491,0.00043508261139989734,0.01061447547940141,0.13099778415722863,0.45275122631431214,2.1385811604411415,0.05348598304437516,0.013729448499565559
192,1,0.030997299514065275,0.38394926269407603,0.0063777738564187204,0.29878344597485157,4.413519900855584,0.02780114513342308,2.3099194208922014,0.06083076148492419,6.943263421196791,1.453750748537158,3.963648141215957,0.5429839974115291,0.006747685649465097,0.02954646639937772,0.11156055905713762,0.44214918664302977,2.1874572973672493,0.012586711140250754,0.02242625301617541
193,1,0.03137543574171039,0.3239635314494814,0.0017918640620601318,0.3253127097174825,4.456127206181595,0.030925914982204355,2.3345900730745384,0.03290756960445931,6.9271768711495305,1.3572680906698658,3.9955481986517603,0.6116985911915611,0.009118294184034495,0.07891625051007593,0.07625926618739032,0.43624110629077684,2.1704132482112586,0.02207369336746018,0.014432269524877812
194,1,0.016897718792105953,0.4109837958831039,0.01583229786941437,0.3180233677914539,4.400001089019642,0.015031254070816095,2.3833731381173444,0.00811477609783652,6.849860374193922,1.2586478677543425,3.9773782837887146,0.6021844388307657,0.0047370052661455326,0.059597911266063446,0.09561513195307102,0.334692322092081,2.090886580440827,0.01368300697170303,0.036410995140196245
195,1,0.004063655900004869,0.36477044879551934,0.04079567867692717,0.2636162998512358,4.332537913830103,0.028188098777426188,2.4470755675725053,0.04810403199849695,6.861026808083248,1.2178371343930685,3.9457597182513884,0.5621730035064523,0.005522395129259903,0.06556205212778167,0.12641091654691927,0.38713890776772536,2.0434253964466023,0.0041632365940152015,0.045476684842261764
196,1,0.004806059993481752,0.3469455914275758,0.02687356042147726,0.3006096840190301,4.416349098216012,0.03903659207379646,2.406034020685845,0.06653730261192338,6.893455295802066,1.2261472814896521,3.894880523576933,0.49787930355255094,0.007435111959183964,0.035080996565779364,0.15225969424372812,0.4514897852270901,2.0538840664483478,0.015868798321689342,0.046663913717767895
197,1,0.005779075287214514,0.33092710356900473,0.024839577391004782,0.20422228825498737,4.4577834407318075,0.020035660941129012,2.4533691623828604,0.05155630637572844,6.926434878516032,1.1429638820379127,3.9508038833937054,0.5370828727943834,0.001223771684562578,0.032624039448603884,0.06469610407028539,0.4605491534547021,2.037646837830844,0.008682030402638081,0.09276469033858953
198,1,0.03799574890362635,0.34354727218016395,0.015476015372538279,0.19215080154886072,4.46458172958346,0.05329438129710916,2.427039867890257,0.02097008419282948,6.879364607908164,1.1674103796974353,3.8948247129630817,0.5757611119123834,0.007932513697168,0.040979336496344006,0.08977539114352268,0.4707946515825321,2.0745104696683794,0.005596460888303677,0.017271672315854067
199,1,0.012801163406912798,0.35414372675417527,0.002172962370991667,0.18756405327530107,4.426533361508565,0.019238551767292274,2.3966495941986543,0.0445509072525623,6.825463855079529,1.1598505434686095,3.8885298666496655,0.5783029439201323,0.000688691441353928,0.009113499142067504,0.12532428051155944,0.40732738280677233,2.1045130285127582,0.013299513198058182,0.08474450971626309
200,1,0.005588362244923781,0.35082261109117463,0.023567512747776742,0.23928016390686627,4.486523251523193,0.03996645466482719,2.305554222370129,0.0330810946554264,6.827401928805756,1.1781624638487547,3.879431096042757,0.6817418336797038,0.0016342553014165567,0.05573776603374319,0.1397670274959072,0.36350838269770225,2.0866497852047927,0.011817194692914928,0.07752837275176153
201,1,0.0007894781738217139,0.3811175576981361,0.042302404689662475,0.2542515086458682,4.50787066908656,0.03928165727287688,2.3423080674426724,0.03498756948935665,6.819492655420476,1.2018517839058687,3.9227269923333967,0.774770579142705,0.00843043548376418,0.019538498856522677,0.12213732989971424,0.36006470156097625,2.046797932963999,0.010618041178835984,0.03800776711266535
202,1,0.03010488555089024,0.45868162496620934,0.021168836657304953,0.31060293202079764,4.600527367967636,0.03549824825032756,2.385986770442126,0.04131738703373746,6.930469996651872,1.1380323773981347,3.93045227386387,0.7629493231035382,0.006108875834775284,0.0038630509513826405,0.10272497156081598,0.2810654370310573,2.0131616091013522,0.01575328169970426,0.007920460202009703
203,1,0.009790575525440657,0.43988363438402106,0.03633461273196905,0.22562241074750886,4.5999032740576045,0.05761636108520198,2.3769373145594437,0.04204756894454069,6.937628498910134,1.1282460863530097,3.8282645296841684,0.7636902307461133,0.00810933076331515,0.05763920411572598,0.13241489245873833,0.2915745223016796,1.9640188459714778,0.020057009101640134,0.02332477128849621
204,1,0.0442228025130155,0.35567045553747223,0.013806025845268691,0.26203001373313417,4.634650312461608,0.04995809412188375,2.462065102184673,0.057602211935298485,6.90497852264524,1.1372060241985649,3.8040535592993554,0.8734005412308469,0.00713138559275022,0.03186126302623867,0.10513394542693377,0.3570761814284471,1.889388551619171,0.009971689069400547,0.005421447907521679
205,1,0.036544310707655826,0.39238754547336147,0.004192565846124935,0.20843514963332602,4.647795988720818,0.020384681030639708,2.410613200434926,0.026497979796850278,6.840307163490033,1.117612214600258,3.797160203575084,0.940850993656375,0.007576143456313111,0.13233434063021537,0.161753380446202,0.40169305792814386,1.8446730296158322,0.01929190324788445,0.016260778880479724
206,1,0.012535672625150651,0.3960812414255922,0.02530592080254883,0.2614149987251433,4.609388710317925,0.02931458931952737,2.4451449848290983,0.014824218874467604,6.773994408849199,1.0842718121251926,3.816220156385723,0.9343675289537922,0.004784914216961537,0.14829874802574816,0.14205155523532872,0.3572562924551872,1.8962283545738579,0.024009023660301193,0.02878563999582416
207,1,0.018836827602635994,0.4581289580909792,0.00467092902128088,0.2592835526759948,4.612437980027619,0.015007316536312312,2.4253723698577314,0.016604834361074638,6.856945176687722,1.0995605072038734,3.784765230266218,0.9068517556231382,0.0017848207176260336,0.17596176655282741,0.11026519985643105,0.3257885716438043,1.9266659166966735,0.023453399519978657,0.045674414697440595
208,1,0.001969862486074315,0.34699287704861664,2.5882244823085667e-5,0.26416252422215664,4.6390262806342815,0.013188468858491413,2.4977975766886424,0.0569615346358335,6.911642050942837,1.2108044671930596,3.833108895538193,0.8650864867449143,0.0005111967390329752,0.15479850637611553,0.187839135274404,0.40877464628698845,1.8853958361668814,0.03261382193204037,0.06975476216023693
209,1,0.026555283578967238,0.3554985149580582,0.010699793474275817,0.27480201304219093,4.661921749928443,0.023726976525514618,2.4574482886645987,0.02889202962891608,6.895072216621994,1.2573103368227037,3.8680159973836346,0.9264690241083945,0.007271645756189946,0.10851682829394024,0.12721892642911323,0.3564162112938061,1.9114654697434066,0.008222601810947416,0.0729215017384574
210,1,0.008038609196623919,0.3733551061228111,0.03245567897248922,0.29095575063726414,4.719984569835031,0.03770717009416738,2.4199424954260462,0.06206940742729022,6.878575329326155,1.3045632422936437,3.9183850349756066,0.930920743528252,0.00032470284169279907,0.11658303029597418,0.05039242834622946,0.319509773960756,1.8902512624388395,0.007090397431205442,0.08022377378167098
211,1,0.01820740521553327,0.3923078059794207,0.04389092630230725,0.30577493622398894,4.755587853729426,0.03796823128348931,2.4287098368496127,0.054837632771825115,6.826340779711163,1.2145660913332565,3.983112403492056,0.963692598045427,0.0020588991961146908,0.1370328272599204,0.02783053493151188,0.2674431824258295,1.9249330067070078,0.0015887185885881893,0.07277383631062434
212,1,0.02845785139732272,0.33591649342139246,0.003841789767773126,0.19351294343709657,4.753716374964825,0.021079378855210495,2.4399761230865904,0.04287873704326306,6.76467732162021,1.2508514346747446,4.041785997730118,0.9197488923355409,0.004803156840195907,0.14797264941004545,0.0832639208528773,0.19989684207774366,1.8468883508655836,0.011213651970839195,0.06631610443224999
213,1,0.03337629137333656,0.3452676481212431,0.03413624385926333,0.22601793210821003,4.8643493182332005,0.06469253778148185,2.4340745202226706,0.004818077999835328,6.776404724747307,1.18472837510067,3.9672789089492246,0.9430435274371487,0.008910004062774058,0.1910822933007752,0.028850519009559157,0.23268193885487437,1.9362420539026102,0.010383392697203526,0.01484943436554444
214,1,0.020034594235878268,0.3097009411212272,0.012776958426847455,0.20085693664858614,4.855342267418822,0.06932280276899304,2.483943433503522,0.026333619376934795,6.808475168621326,1.2356408263671226,4.029129951566398,0.9076533251696075,0.009416182642528269,0.14006648088457038,0.019531147333835798,0.22086636921978225,1.9642294707163868,0.03371505172639759,0.026397623411926883
215,1,0.040159183153075366,0.3272044648387172,0.021023764407142733,0.2088082861352228,4.862921725931038,0.024102149597582397,2.3838662994188065,0.053840460956151776,6.872387130555054,1.1585018848234623,4.045561443706139,0.9221277381239147,0.0069224111135535536,0.11519293387133885,0.02738413096817169,0.23827395194386436,1.9586705720155533,0.027431129759880556,0.0004159444985288501
216,1,0.031637379286579906,0.3325037224611529,0.024113921057375372,0.2336226871932873,4.827936288842254,0.026781249748612103,2.4605156229374514,0.036824221460548714,6.8551412178791775,1.1546284582669006,4.024000249234154,0.7683709746644939,0.009367101793851626,0.11110351567118397,0.05295695488966305,0.2692921747883329,1.947061594341813,0.005686109311465771,0.05006941169242395
217,1,0.02699137905092687,0.41005962728805495,0.029240523961711312,0.2826986602707613,4.801267909139557,0.0490250353108436,2.4754707364752693,0.0692641179055642,6.8555071625463135,1.2554729770554867,3.953102282407719,0.7792134666180759,0.005943930116494519,0.07587701207805005,0.0612912618804379,0.3080156484745338,1.9376685610348532,0.005682666566892916,0.051020762639239076
218,1,0.008676864522572332,0.4377834153086529,0.03886407722110126,0.2962952074095759,4.784776081426464,0.03200703205863449,2.379249441428578,0.010336554861528765,6.956499060755044,1.2183538210001965,3.9613061748526577,0.7724214468054195,0.00291285642907155,0.07946738672131545,0.053427782854961976,0.30410778279795236,1.9350748718800257,0.016412582476894682,0.027658498152771594
219,1,0.021178871340894006,0.47325365898973615,0.039476134654863236,0.3643706228915306,4.7151379617237765,0.015590001454138235,2.342732766040337,0.033091407818948135,6.920054003350732,1.2183029349811114,4.021328297964861,0.6850273291977288,0.0006482947218422735,0.09199124896708671,0.03356882169408231,0.27844080696123713,1.8948971728253856,0.00887416700096901,0.019098352889899008
220,1,0.004206702893145807,0.3942600325861146,0.0006509424455254007,0.3835044979094679,4.65916082975444,0.02708344794226786,2.392509614945748,0.013731127391689938,6.936568600025143,1.2049713247970826,3.9736442462184045,0.7361366944525106,0.006692555351296958,0.15061229528923958,0.10120781833734742,0.38022736967659887,1.832903173051618,0.03163748882596452,0.04994965784443064
221,1,0.03740970163317707,0.3351542766801533,0.003931586264178137,0.35109535979306017,4.598462928862708,0.04971698316762823,2.3769452391177657,0.009750838508673892,6.9582969065011575,1.156306184136161,3.9157052789944484,0.7125403533874252,0.003856012781025068,0.1808596072387592,0.0709735498326821,0.3375388755617932,1.8415792075452726,0.008308921490618033,0.023330275598979325
222,1,0.02791635372031617,0.36182890623359043,0.048183248162922486,0.33111418546232135,4.587719038448763,0.04686723355269418,2.413694132976955,0.007776646111057524,6.959724605131633,1.1883864773562343,3.9234259181510303,0.6611063337167941,0.0039035057448178014,0.14041865758999666,0.07661059424429498,0.3283589170040947,1.740275994441011,0.0016506348836530464,0.01440548605104949
223,1,0.029209140658260645,0.31633456032570617,0.005437342785835249,0.4146476070828782,4.611189197552386,0.04416753722945161,2.4172382454789303,0.038585124247994276,6.877409382491991,1.1475902636279542,3.9556940190358176,0.6648520116375297,0.008362262881269105,0.17406829969792142,0.09560911413122787,0.31615664523237363,1.6880153729821121,0.018236140073062308,0.020661940410476955
224,1,0.04100453488859564,0.23619987904211742,0.03516898629095794,0.44203098792962076,4.624586741617161,0.044134486039182366,2.384497043952026,0.04497558014969052,6.931090848495282,1.085086798183239,3.969887397354667,0.7778939011330169,0.004579800694143474,0.11368867928325095,0.06041110010611198,0.3057639034570854,1.5991786496660318,0.0008180440651926521,0.018499526727282785
225,1,0.019932127445473652,0.23751517202239855,0.02157958662263543,0.3876343348499936,4.56112929057915,0.05695629219723094,2.465772820853333,0.047107248895230734,6.9566555046464496,1.153952676552492,3.917745305763685,0.6451047591564835,0.005956522889960855,0.1438606837390114,0.08959104210331623,0.2486284293003889,1.6571516634250811,0.006573921617376092,0.07869267457961139
226,1,0.002314219463195726,0.15160625438481506,0.0441596683813785,0.4265137203657795,4.564512346552677,0.031043623347618857,2.4636829085128027,0.036265948601384,6.961642786471436,1.1124158717739465,3.8936888093697335,0.6531598536703878,0.00027085451826208473,0.044506770734167506,0.12389796754089391,0.29866453436717316,1.6944958233384786,0.0022776190481539273,0.08914495792852918
227,1,7.596978980267282e-5,0.1940632394012187,0.04210734390387823,0.42089741537539205,4.623748096901391,0.05025947268042482,2.4299966709578515,0.0366732139411372,6.9602765453168915,1.1722980174627973,3.912291146762567,0.6950205761387449,0.0055849137184590175,0.03269780532639855,0.004705856553070008,0.303131658457397,1.6436904519276163,0.007307583641309563,0.049513669684861275
228,1,0.032365730275891846,0.21849498945338305,0.028892943025927532,0.4342864668006475,4.675235120738062,0.03472162752526027,2.464813099054847,0.030283156790193687,6.9794404591228325,1.196470656728182,3.8372771909810623,0.7162260173525629,0.007361181096035911,0.0702046143783061,0.06880351516691434,0.25177523865327905,1.6504504494024825,0.01177799853555513,0.015516678886391595
229,1,0.00601545935372934,0.21405150565270345,0.011654359525959362,0.41615776790215164,4.638767835809294,0.05956905619403104,2.444361945268678,0.0528011760380611,6.9838832971828495,1.171880141383951,3.791151830678018,0.6995912824099983,0.006579629304255152,0.018421570722659368,0.10295045823284826,0.28256345139541145,1.609578613983392,0.01629358410749648,0.09694980701666985
230,1,0.015783658097643167,0.21184254919988021,0.035969994667895,0.47342477696406077,4.636963858650065,0.05459493495052033,2.490271925734042,0.016958831485762195,6.918778214300357,1.146427180042142,3.8320206736912006,0.6829430436815436,0.007135701830953363,0.028117865310872327,0.07653285248057096,0.3010718507536867,1.5008095172241591,0.003398529440099089,0.08895184654498466
231,1,0.021584761130544836,0.17679806027212663,0.019906608792576674,0.4132147736809653,4.5809682953204245,0.04295319702303638,2.470917696723883,0.01912167901918745,6.960467758061856,1.1952947991044676,3.784369963898878,0.7083577417843298,0.00917481311289362,0.08934704130935817,0.06935466591647066,0.3429449850231334,1.5502649874399306,0.02096398905893338,0.03479833067206363
232,1,0.04202908308081693,0.26350696752645103,0.021008874920013406,0.44036590568579337,4.64167476177089,0.054521963473606536,2.4598886650862912,0.04967626004100875,6.955767170513555,1.1467865550670822,3.7915045564574066,0.7347117280410614,0.009866912435694939,0.1430943753703934,0.04198752238977733,0.29408565070307796,1.5460020598462865,0.01165389664581618,0.005294179280907464
233,1,0.021529517551016134,0.2857776056758735,0.027269452848951537,0.43983883127471457,4.64899444173875,0.05126160087803478,2.465112994903071,0.01062200924002401,6.915651512875251,1.1175246420903266,3.832790747438218,0.7500007131498726,0.006153605366441711,0.10302056969800379,0.014999838161871526,0.24180181635393894,1.4743173578209794,0.008604916302628541,0.04835133569792476
234,1,0.022517071818640193,0.3667371989054991,0.008246368110614627,0.38866293106834154,4.557684491441137,0.027757559978422112,2.4701334913731663,0.012792427565022173,6.893193758849217,1.1430109469042993,3.760038333509627,0.6631321775127129,0.004125915314771009,0.11253268154841814,0.026297241549961006,0.1990434526842914,1.511398947870736,0.033137656528118974,0.013237123442599703
235,1,0.03167609826829843,0.33808240254778693,0.004543438834911486,0.43460615048169643,4.6311879069336985,0.04667596306261692,2.4647895995248432,0.058510133516599436,6.96559473578423,1.1464511217265905,3.7047298989575914,0.5752351972737867,0.0015428067320628655,0.18935475523963385,0.04617029849780358,0.2093007613051302,1.571371269156451,0.014003814319507672,0.032885929446875434
236,1,0.007758563786337952,0.38505472120293216,0.02890659860978601,0.46768886835184553,4.635762030801347,0.014767878331754827,2.4746598207794106,0.035563461769084606,6.948705560790197,1.1089363214731673,3.66841205892558,0.6133498555379224,0.0009400555785733532,0.1938420189997413,0.10808243046703167,0.16773282323193486,1.5447392488001863,0.012620802194359218,0.04290255753431953
237,1,0.024813087015589402,0.4116196320761737,0.0034627012047139215,0.49285502847517376,4.608469544299885,0.02807406028808128,2.4713891218032376,0.04151486554313334,6.994647931518171,0.9616065243425839,3.6817805933000782,0.5822568404146795,0.002428076018247414,0.18610204693229662,0.08665402326025998,0.14671585854734762,1.5632912999852013,0.025708813375038612,0.016239830408862246
238,1,0.02705729517618632,0.33229359595135977,0.00731340165154379,0.43491114662596064,4.613141760803838,0.05035729889820433,2.4497397636198297,0.044345258318116774,6.974860816850551,0.9676469726190307,3.604914155519142,0.5188291414044197,0.005687740500722072,0.1103257098977308,0.037026889334442856,0.14693060792561685,1.5160390117633673,0.023254001507958276,0.01714119501495358
239,1,0.004605247431908103,0.2926999031216137,0.02627669782021708,0.47117918031061456,4.525912980524741,0.027243325398216736,2.45823474335116,0.04034289966254454,6.978701774965032,0.9784760450703588,3.598210210799871,0.5704898866086863,0.0006877307004357712,0.10017892689993285,0.05590638790357993,0.12716181037358107,1.5891365753537499,0.01593783602350562,0.049700550816332296
240,1,0.005088423882777212,0.25458421892784316,0.028057223717899628,0.4795091836457496,4.556990376485091,0.046240682793381456,2.4951222628081298,0.015468052520831933,6.943519539281723,0.966992646833608,3.582272401465118,0.52071371106384,0.007205545207750987,0.12772245431742021,0.10171325683179508,0.15077106432668178,1.5601927769212267,0.017729307705042392,0.04850286286380844
241,1,0.002053052243731411,0.24677855414008162,0.012205466314113478,0.4781344622648924,4.526274436794567,0.013465552207595387,2.4361310230343234,0.012008301938573664,6.9492825520309065,0.9238496089465781,3.665864924341624,0.5346896600659209,0.0012807968493893744,0.18810082537745051,0.007079728908133354,0.1096620182914777,1.5660026675839074,0.029672304206891386,0.04514804538401053
242,1,0.013094596668597375,0.21379758433138868,0.013165588082569249,0.4660853849869745,4.5116817486694885,0.04937515025457485,2.4893992645312513,0.02479419631308861,6.8903865613347435,0.9390364095490316,3.703346794631228,0.6031503345300209,0.0067745588004279,0.1618797259914675,0.0072449244753477705,0.1066990204386092,1.5162271523492818,0.01777828434566927,0.0555883907216705
243,1,0.0012080388901798856,0.30492477611421487,0.01079669100852449,0.35961775453365985,4.50377419239333,0.06731088176883122,2.4587651926584253,0.026804015435375965,6.9197986857265485,0.9113401861429145,3.5960284452598668,0.6191671492818234,0.005186520057568263,0.14354825611231356,0.005579510051339389,0.02716150368786131,1.5269903017618063,0.01757876157626561,0.07274871395947931
244,1,0.005045862537668896,0.2656865211168695,0.030436027499093708,0.34400037025540436,4.461334406234631,0.03764960504427444,2.483975058417375,0.027856942193552378,6.915031111746501,0.8729823703116872,3.650451894624111,0.6559545064665816,0.00728687483070425,0.1432987418455503,0.007445499714306937,0.07324894851947124,1.5398512785085523,0.00516787214440302,0.09286810781092394
245,1,0.0005817133428186422,0.266748144315246,0.021869608465237885,0.26440844391042345,4.472746531896524,0.037200395877030265,2.405816117440795,0.04207705844207094,6.893867455346785,0.8773471558496757,3.714459583792223,0.6954264082583185,0.007999745443313049,0.16615964509430495,0.008866930936553151,0.023080247582035675,1.5262255607903237,0.01902735118798867,0.06662029963638276
246,1,0.018955329796731164,0.28406946287394613,0.04270233403189311,0.2869373670811811,4.417249425300827,0.020679278692319822,2.3565868474842273,0.04564202542135104,6.962261867207287,0.8170316648718315,3.8000613706980175,0.6898458546648417,0.006474242604435286,0.0523709167421174,0.09656748237745182,0.09050965905144336,1.5334925909188903,0.0033470981028870727,0.047753534252946185
247,1,0.005983701095913824,0.2642563866871055,0.023027374578544008,0.2808843500195381,4.43506368260846,0.053870118178809275,2.355854260185564,0.05149274078886418,6.94941970313894,0.7982345484542266,3.8587042434875105,0.6784850628461359,0.0034901269171745755,0.08483893394521294,0.10008637117124028,0.031024071569070447,1.4929364744202933,0.008768275716030314,0.08621447805648189
248,1,0.028341173808986028,0.23466413616950765,0.028722140554045407,0.23893356103391244,4.443736512128494,0.03594406077837495,2.364178555632284,0.06276598657930992,6.981827203296531,0.8139739530662814,3.828308494089881,0.7108248876029378,0.003487979925198372,0.08862418888687931,0.10636497810665232,0.08237125757101534,1.504294095393108,0.004290461068285547,0.04906585116936571
249,1,0.0293315234224275,0.24656836694305412,0.018036491852819147,0.23345449782811853,4.472699207766744,0.06702524114308592,2.3332386894383395,0.03486557426639466,6.924466592489811,0.8736798975046499,3.8824472163610704,0.7077462554987544,0.009808835365226115,0.18073191966683064,0.1718738944426245,0.11174788316404194,1.5335252401595136,0.011933223537442071,0.02261935634284426
250,1,0.03554854527879645,0.29687316785430107,0.0297141997338836,0.1854152657582506,4.559996095559117,0.042589029343324626,2.2798093320795196,0.051880834316166746,6.990521134612538,0.9031796576088374,3.9418330282533365,0.7308773280666732,0.0057672359168369335,0.15664078723287003,0.1881467821366651,0.09023348823490497,1.5095084491111577,0.002899572376080768,0.013275186957420403
251,1,0.0032846896399038534,0.2940620431033126,0.03020499614785696,0.18404176829038396,4.54678686030631,0.03964690112920158,2.2974201560989793,0.06660892517293086,6.966760678384916,0.9291066377763576,3.7916237491435436,0.6664974245631197,0.0037955035640819226,0.17853446620484892,0.17853324724969344,0.10559682649860169,1.5215654544506605,0.009365773628549815,0.0751554512345822
252,1,0.02491103668991391,0.26890824361355964,0.03204232869109858,0.14339533717169797,4.503521245418754,0.08330252546800693,2.315749438652278,0.06152936559640322,6.954460767411029,0.9274989128547917,3.8112101457814944,0.6448323292909158,0.00929481318420839,0.12281827199175767,0.15184131061294504,0.05328703132647983,1.4828696216904262,0.010623155769350422,0.028940713041112322
253,1,0.01626742592868176,0.29156101981136523,0.007793306335170053,0.1714418297621575,4.483231389155167,0.0807008470270899,2.3947097232890684,0.03287336910080195,6.955531979937745,0.916584950635883,3.7424502085687226,0.665914509114864,0.009012767194776752,0.19894572063340574,0.13168118916473226,0.06134879309505108,1.4502418852530359,0.015510145708634735,0.05795021948580324
254,1,0.02933558844508005,0.23330091994480917,0.033125211391823936,0.22895304070355937,4.423651307388497,0.04587513143731544,2.4408200297325826,0.054823966910189266,6.955521051422236,0.7946833143498249,3.6859471199829255,0.6075430307465398,0.0015592795343849278,0.15920718165012182,0.1354288024145081,0.13518038435659843,1.3630540796986952,0.002804773642789413,0.06357193167531744
255,1,0.024372675690213584,0.2768323391018811,0.017410088731619058,0.23414074697132922,4.521552915763703,0.026360806806946906,2.4258960801954914,0.05187389407855781,6.940707820246797,0.7550225292070859,3.641718024459119,0.6021412705613799,0.0020328350717643156,0.11363755295107267,0.12859089560806267,0.14540809034512356,1.3947798439239982,0.02474199336977596,0.020107502915409213
256,1,0.003610243384519188,0.38235984002457796,0.009788789245322988,0.2667091619187945,4.519127979246593,0.04559307537621948,2.3998453005862856,0.02762674205881257,6.863037944039105,0.7875124914590504,3.656763697346343,0.6154320602849436,0.007068129760790294,0.10498204017358047,0.14764650875829685,0.13755826831784393,1.4941033914653405,0.02379018345602769,0.05149277373640229
257,1,0.03168415744970321,0.32739966260277736,0.027084049642890528,0.2583035294955417,4.519439690128341,0.050087847023371775,2.426632688891214,0.05533950902962164,6.96458499861997,0.7787159906547882,3.604773078989323,0.5531787312277695,0.0006668794766836678,0.07013116810622347,0.1663015001812448,0.10562884623141561,1.5367320168335357,0.0062808372268574365,0.036665528241096305
258,1,0.006671806842598947,0.3499723415402245,0.0158807271677937,0.19452481847493477,4.5874937110926615,0.016906837044775528,2.3658827613686157,0.048707090572901415,6.964610598041979,0.777453890387577,3.5774556780511912,0.5030065450149949,0.0034703891843507846,0.04196585195917906,0.18180989245390416,0.15242708170203165,1.499199645346437,0.025102161979986347,0.05784733018836707
259,1,0.031679372098291816,0.4637005369969676,0.026703470541173776,0.10136135259619637,4.58779891557267,0.021301607062773183,2.36708959559525,0.052463193371461415,6.897716227565844,0.793433813213499,3.5716994628254377,0.5082084367562905,0.0035962990508753958,0.060539243874915355,0.16873920043604912,0.11635343284352377,1.3949167477788886,0.01990161075182296,0.008421997773834745
260,1,0.036075538287870954,0.47619661615843645,0.01821751884530533,0.07925021824521956,4.643498860091873,0.02517507339383108,2.3634270624220743,0.028098855052450446,6.931169433873926,0.815941161286943,3.5343464867525167,0.4395884414090117,0.005390355156304011,0.025633306603824107,0.19837527271518557,0.11160499529642444,1.4650414217750587,0.010629527251956483,0.013579405144135774
261,1,0.024913516364635537,0.40834900686790526,0.03485178417004059,0.08235996153732376,4.568006732325951,0.055223321226797496,2.3084252685978055,0.055944821528987165,6.873120227059841,0.7662644931432447,3.508520709046326,0.38467561515312204,0.009506096798336342,0.09661396960964387,0.16948399489339058,0.27465979215657504,1.4003744928619717,0.00610332730013832,0.050256668775981846
262,1,0.036554611144780556,0.4633578671320616,0.03328388525350355,0.10493001496050315,4.5746793297746775,0.056174201617488394,2.313094050564279,0.028860735435492717,6.835031963084021,0.7932390230979856,3.501787287052784,0.4639510673845435,0.0027571778537161724,0.05422557152326088,0.11616409084175555,0.31306269679766435,1.3881427794105852,0.010721331989747536,0.007619890731579669
263,1,0.026795102823967562,0.44394556047936323,0.02652057397649018,0.09559768880602167,4.588181624298315,0.05870277805092964,2.3303679277684926,0.025457802629477347,6.798079971446295,0.9135133300059578,3.487959784806413,0.499613360656565,0.005844568770966107,0.02567876894568492,0.10365603580573038,0.2552065416381837,1.3266790564748365,0.012037860962645768,0.03563951278041201
264,1,0.035471643685229794,0.42293004442548626,0.005868013702163311,0.1743707290829539,4.580433418189398,0.06801129495433723,2.401580068373721,0.044160553851679864,6.7809595684733575,0.908593003967711,3.467647800470109,0.4335285840477622,0.009411554862247994,0.05672500822969194,0.10135348243162844,0.2658557765207292,1.3267288393320578,0.018509961530727332,0.016183250897151273
265,1,0.033740200787654974,0.4758662875837849,0.0334617439950223,0.15353036578937662,4.662253319236219,0.046903643455609025,2.4682880231657554,0.05255355056828161,6.808328760447133,0.8054631233705853,3.4264280645571557,0.47445960224333694,0.004074125405971386,0.026837190126544126,0.17115509876571153,0.2548620747032474,1.2508215032293508,0.009512223409625915,0.014111804362607078
266,1,0.02143550963389484,0.497376746614611,0.00829620935952519,0.21264738092575555,4.640743816497805,0.027190038554309064,2.4591660818224743,0.06472667210729142,6.774910818177948,0.8063232652316665,3.4320224390621714,0.5283314704297386,0.008144447439929432,0.05119899828510791,0.1576499660541846,0.23058284908605975,1.2174637955554757,0.04871833273005059,0.01323145219969594
267,1,0.028758931472296204,0.47143629128729475,0.018699357780065276,0.2213288749032148,4.714536095607915,0.028413097015806396,2.4822386876366287,0.02706201701049433,6.767034576648385,0.8332884506042616,3.410416810202157,0.5615181905402387,0.003281248409565333,0.040517872096412236,0.17319844048311783,0.2008218246291756,1.2426596241908503,0.012104285986448506,0.03301319556776382
268,1,0.014370027361857544,0.47721611842886597,0.022208044568218982,0.2108896366007936,4.752165368225487,0.019453102595102672,2.46907997802244,0.06394796013072816,6.800239476756008,0.8788950094184149,3.3836285045561936,0.5804087736350496,0.0012736319059614963,0.11293305132170402,0.18607032761664144,0.18544282357430622,1.2802558524977847,0.02276623727690666,0.04034424492310227
269,1,0.043041488290366706,0.4557706483766127,0.0239133594901262,0.3087908245553596,4.697356602031094,0.027655914364806515,2.4688885640973033,0.04051367965820877,6.804677064544259,0.8861950311317449,3.4134060755091276,0.5826580592385715,0.004837894733064063,0.1275264228034155,0.14146569808488507,0.08179477566444833,1.3763829215882841,0.009493629246110951,0.0007850259373720794
270,1,0.027384000126214853,0.45642657839730605,0.011164894481680173,0.3838371783924084,4.699124857436693,0.030597430538046314,2.426322485569123,0.0671579613093642,6.80134489479953,0.8362181728659995,3.4079024980137707,0.49833971909635816,0.008398442362451687,0.08848273346643505,0.11284914373535825,0.07971116374567236,1.4446866117167945,0.007492799500948725,0.06642318207073174
271,1,0.02649723886806092,0.434088224818878,0.010306436863388106,0.380903078195929,4.694675128010969,0.020889745032499806,2.4909082578845916,0.06042801621244298,6.8240404096669085,0.8287791038033239,3.3594253945486865,0.49834543413157534,4.272813954303278e-5,0.06813931099250747,0.1513453532294064,0.031167831489403282,1.524504761779271,0.018396199050289098,0.03454764752170269
272,1,0.005870579261365446,0.45389644385391575,0.01958091542659735,0.4317564021098596,4.759984090076686,0.038291410241202875,2.4578218750355174,0.014272313480447127,6.764169222191181,0.80101252942332,3.3958550659803235,0.5614830989976929,0.009209759122225122,0.09319405316753478,0.14041415384577685,0.07372923821080442,1.5673705206465405,0.021456874294963735,0.042010638451832796
273,1,0.005001680055287771,0.43679155841020173,0.0013800552451121075,0.33557726774020724,4.777738201122594,0.02338876697718726,2.4789098840978405,0.03746541087483778,6.714670590807102,0.7337606330213201,3.3820646641263195,0.5984956646810194,0.007856180611290014,0.10211864354719702,0.1735378656990188,0.053090695091584504,1.5563839169745965,0.02827099980310185,0.06367557416617776
274,1,0.028812578252204034,0.46196076514120327,0.020280010999201705,0.40030753614453557,4.726756354891438,0.04247202719568602,2.467075970710547,0.06610805406442054,6.627524927217436,0.6757585429212964,3.4033417368051144,0.6404887534636583,0.0011537269166877271,0.18943020730933066,0.12723678520163456,0.18192765651919682,1.5504443730162891,0.010841988948056507,0.023840512566050517
275,1,0.027843509072013665,0.49060774626771003,0.036999600606607765,0.4401561615170993,4.733399099535023,0.05279236505553732,2.4337084203319703,0.030394937678235458,6.672205063486206,0.6252565779886258,3.5051977922991773,0.607175448376971,0.0062166584529256925,0.19899339970204677,0.04052181827063834,0.28127133505451607,1.4795683488559757,0.011379038027517118,0.011877273921014793
276,1,0.03417859553501323,0.4632521471357994,0.029651883166912852,0.46455354309201097,4.709894202199915,0.03559427713024389,2.4124429682316664,0.05989697232768028,6.675737530792509,0.6289047022594125,3.543606395606865,0.6285606427735336,0.007810159072550275,0.043861385809228354,0.06174261982496079,0.19965837722111443,1.4928737583233944,0.012815830468288936,0.002024900893919891
277,1,0.01928135492244967,0.4802799857009644,0.0003898172090188825,0.4094690125042496,4.69184756240824,0.03100246310860179,2.380300566105524,0.05954497744940086,6.6106095883660005,0.6190825987886935,3.577941274945842,0.631077968171134,0.0023246829141143907,0.03690268302538991,0.032108560701783834,0.2423720693603666,1.5117522038985878,0.051292376416238905,0.018990042184757822
278,1,0.014038473181608946,0.4030539873038631,0.0038295776452273596,0.45243219496357334,4.693895688920644,0.048737440466586734,2.289262124774163,0.029897991696157658,6.617587163285378,0.6600824825158842,3.553706462357018,0.6395140506293872,0.008334837553256275,0.04928371228900466,0.03747566010968849,0.22105041898201597,1.6017281657476683,0.047409174192381005,0.02255167564341268
279,1,0.024180582018125424,0.3246105681910911,0.011788934845455385,0.34644979447924146,4.67205340306427,0.05181145496444886,2.4064522803504054,0.05624211999344634,6.585265558986545,0.6141726721764389,3.5811554806435186,0.6217339300034233,0.0038456646216695873,0.0898820698706442,0.009031466918768811,0.25728436796922033,1.624409809135416,0.027244634924940066,0.019247804953068288
280,1,0.01511026309336735,0.384708383086061,0.023436924739691077,0.30368869288382455,4.61676064287856,0.01792620271939468,2.3779493562869227,0.030289729338976466,6.579358051626836,0.6284509792841487,3.611951210213001,0.6761150011650187,0.0021933429430595333,0.153353320864061,0.019973138187107876,0.21513153204063853,1.6677939142202212,0.012433324244640793,0.04296674040753971
281,1,0.006382475619152836,0.3760004061804543,0.015200249408447332,0.4196896190801478,4.614193656602145,0.018941222846062138,2.4222135098820377,0.05599288339281654,6.5941210171725055,0.6945679005586619,3.624263171849069,0.6891176582374697,0.008334057865402228,0.14171670809346057,0.07018347229094457,0.12015043100646258,1.699132180861413,0.018401139022070287,0.0692783024811817
282,1,0.03346651211463768,0.3940445141763032,0.04057377652169053,0.36998656003387626,4.661599958831689,0.05038188886051958,2.3441482266730347,0.017729366978214964,6.540230470260912,0.7122716068788397,3.612249132360392,0.6395985363452185,0.0005265910074898554,0.15027873315954332,0.13762272383871985,0.12451700672070888,1.732812459570485,0.005174245757628728,0.005523099532631686
283,1,0.018656621906595727,0.3459551681598415,0.038953179877973435,0.3539723172336936,4.701280817072793,0.05835525341005324,2.36250106340373,0.05639762393448383,6.5675346864676305,0.5728009688163069,3.668807160572959,0.7015036168234514,0.009102986433395147,0.13844493634701627,0.1572635192702629,0.12151369775634603,1.7063414604621718,0.004427825689464298,0.04007708910274058
284,1,0.021289757241285862,0.31719320819887753,0.012226672440752973,0.2603620288315556,4.624759451582841,0.038178178957007446,2.442242134268262,0.04800195985736506,6.606792597419501,0.5894705746192175,3.74966988436394,0.7380601416369239,0.009498030883149608,0.18730343783605413,0.1919720827567959,0.25546030644691153,1.7081538155836085,0.043941270271044594,0.010455354667062194
285,1,0.03060608466354644,0.37077303284702573,0.020951489175773122,0.28387252845517463,4.661234971079472,0.04378950532963059,2.469018421047727,0.061757877036753096,6.620893621762435,0.6715704498302937,3.636030891322306,0.7014313332313368,0.00932102472103072,0.131454064450624,0.1848372014577031,0.27102379828455125,1.6505710359434291,0.019733913872926976,0.01842537989628118
286,1,0.02598951032321031,0.35117009614748373,0.021970230642763797,0.3283221295128417,4.691781353003157,0.04824959095327698,2.4682512572362296,0.03755767398157607,6.640985751230515,0.6794709886031126,3.6234432584539094,0.8164889860587257,0.000487365817047372,0.12363756241770642,0.13576152615833245,0.25553087080293835,1.630838272610783,0.014982718697121556,0.035408990310101134
287,1,0.01726953582323157,0.3882937190986141,0.007874224538490831,0.36571290965274333,4.751460992441639,0.04335696426007683,2.41126916431292,0.03910928046301376,6.578029235068746,0.6953856998691526,3.6383273474707027,0.7793712460672652,0.0038758423774536165,0.1719571822434243,0.1474317534886124,0.2775081390907356,1.5944151815976297,0.017040564048430976,0.07264338197714197
288,1,0.021329193144584917,0.3504655790721041,0.03326824512878366,0.3446269116216223,4.676681058902371,0.03954085638927598,2.42429424639201,0.05344241870051287,6.558011628939687,0.6963004906750405,3.630019862307286,0.6949826567408665,0.0014380212000445313,0.18019111780958155,0.10539651966255183,0.2820575910129007,1.6309394644186523,0.005642175023557858,0.04836659901233389
289,1,0.020941753929714955,0.32311397632575933,0.030416136904553973,0.3378892856492016,4.654721033892162,0.06909982270258644,2.4188926540263194,0.03824493265154659,6.527761266201865,0.656618311746563,3.683223371579755,0.7499707070907005,0.008162169285154753,0.16788144024207907,0.054057281666458165,0.376240928859309,1.566651693800049,0.004139580308979563,0.07258659576212709
290,1,0.025621604321864236,0.3607904928050402,0.02000541446314422,0.40153111078758535,4.61254202600616,0.04487526977608895,2.3665886203483195,0.06476308911378709,6.546643267391384,0.7042462632975203,3.6055264900376587,0.7288458889630792,0.004788032163607065,0.10625579017454036,0.04618884882846009,0.37376658209100866,1.4915381359981015,0.02438963295171255,0.02083956905803113
291,1,0.03457782651498166,0.35764643259606893,0.029486175748888684,0.4186620766133228,4.559410303449626,0.019655814573346614,2.337140932850173,0.021023248904653943,6.491922880273685,0.6216006293607974,3.598571385558483,0.701163565360543,0.007094208674518332,0.103473256090456,0.016617954965524658,0.4049261232971987,1.4423897064418534,0.008718048619136042,0.020487830566787168
292,1,0.015271527905998266,0.3411187459222983,0.008281053899510905,0.3999384312181609,4.6020843550096195,0.049045947306908054,2.391241878327238,0.022086188639679084,6.472694267978709,0.5990578541372684,3.632852631730633,0.7889805952408939,0.0030138496527310605,0.11154869917237367,0.04345398925638111,0.4182689814096385,1.394242503459531,0.04061661454977743,0.026926320544171843
293,1,0.021039235816126756,0.2754733434242181,0.009722467421191185,0.41795284150163436,4.503814043697531,0.07028223195648017,2.4173281353238454,0.010388424493551426,6.484493108512967,0.6146932717920496,3.559744476321408,0.7606968450343853,0.009263673675611997,0.11609021110288026,0.038139711687212335,0.4013172342338499,1.3682506780932537,0.016736646561463175,0.04861014704067909
294,1,0.00941154700436997,0.30871716280563855,0.002386580895213888,0.4451662472036101,4.517285683261273,0.06237355500080868,2.4551534310832777,0.043875092147308566,6.490365348285488,0.5163193262115788,3.650385716548612,0.7730844144189083,0.0037063325865664774,0.15950120199268014,0.013965969134782662,0.3963751294790703,1.4132705286206315,0.015128708663657712,0.09268694171635472
295,1,0.025800655714785504,0.35993192713093336,0.0036865659401134924,0.38210562540694876,4.4606867366522955,0.05816180007493598,2.4327966841803472,0.04087820908085017,6.46750151219333,0.49440770646569265,3.5818188047664035,0.6630586760597568,0.006738270352687241,0.13462325303719774,0.025806501204370134,0.45312987732558935,1.4539087112787985,0.02932915543024791,0.01459338870905001
296,1,0.006404323984997081,0.2949050807345255,0.0034008910583228193,0.3062256210420871,4.3522865629158165,0.017766315498959247,2.39853735110371,0.04807054559077733,6.480932383790353,0.5904199800034577,3.560246329784494,0.6140062263566197,0.005393636072090011,0.13841609715236886,0.0884260008785422,0.47804786906558466,1.4870654248061528,0.03103148399144002,0.05003283302214047
297,1,0.010933449815383486,0.3006525993803989,0.016301617932222474,0.2994229534488798,4.367167867860721,0.056101591782378585,2.406017367803012,0.061461665168854845,6.525508036025193,0.5440475956470264,3.5625711743348587,0.539208378568347,0.001146213013747684,0.12631606493848332,0.14791955952783628,0.4733408321857815,1.4141338762127658,0.02446395829916777,0.03500996772807414
298,1,0.03105280734941036,0.30197829766142276,0.04468407306465381,0.30627051292339125,4.363776054908408,0.05358482626842408,2.434924948695701,0.028634653243563693,6.579983582131286,0.5487242573028329,3.547871131251031,0.522584640148792,0.009408022562691394,0.09604429840061662,0.11683371405809553,0.534112217392247,1.4148051379375854,0.007877944228119401,0.016571315651913342
299,1,0.03297864875790721,0.2715975673892897,0.008803477038090384,0.32930890369758453,4.3588635326862635,0.07379542816631998,2.4728005102400923,0.05361236490200669,6.602144493077924,0.574397938540998,3.596898594648347,0.5516994936300291,0.009025335540964833,0.08495181780910348,0.11766740906769793,0.47073287271687186,1.44980326524003,0.015012106287657603,0.023430172950130886
300,1,0.03544484299586801,0.2405104363766339,0.013722633103795678,0.26790809178908415,4.326308927218813,0.05733830832215238,2.3904911041141985,0.010157615336235552,6.658675927536698,0.47543863150429155,3.6009928842283405,0.49504561834491917,0.0014649895974314625,0.04528133568429105,0.08426553753538195,0.5389386319439794,1.437989691513734,0.031015839689672652,0.001726235818610545
301,1,0.006598855645953422,0.26998293047370564,0.010379206896378845,0.22759485081627662,4.32622394582435,0.049309378200586305,2.362021339129119,0.03135559704341045,6.629248486522997,0.5260315377392707,3.6423370194503266,0.5739865835568869,0.002318242959899599,0.111676483129845,0.07780363471803753,0.5477992072082973,1.3552026033967333,0.014173395701965264,0.09738330767827048
302,1,0.026968744738015332,0.3150249609201264,0.02721483374715564,0.19223092597133748,4.241491227197408,0.05987082280556393,2.4185107739278964,0.040629037938817905,6.675306837025294,0.515443220907451,3.6861282175695567,0.6387882689446451,0.009308934601698836,0.12426531010026924,0.15791613524170983,0.5305610692025987,1.4223181270512566,0.015903577056675652,0.011677329774016441
303,1,0.009336862432217928,0.3364677352971105,0.007202684793007943,0.15524155685105906,4.143571315182199,0.014378811156291301,2.4361981776655974,0.012666420483729875,6.6800030374242585,0.5729642977590097,3.732490584496524,0.626694752109698,0.001627807762359988,0.09593167818462608,0.1429927742267082,0.48165515684550925,1.4434234820767444,0.02286189950184887,0.04735839917226322
304,1,0.0014275091916690608,0.3202836878098482,0.03376922823586518,0.17208582058778082,4.169502045624227,0.029766482036113255,2.4846329778050706,0.05072433281363436,6.676380960438415,0.6327276576174011,3.7184570850787324,0.5880974476624776,0.008218045728414607,0.08504455749284426,0.08047283774325194,0.48826964928067107,1.4276500077458092,0.014087059148295894,0.03603916202153656
305,1,0.016528954946304474,0.31656046220156087,0.005183213021823751,0.23038617540788534,4.169069150800644,0.06825636149387272,2.479680591777751,0.023030070636306875,6.710868688913967,0.5723128823019668,3.6663569270967247,0.6035298470774855,0.006926575185492581,0.1338630175863989,0.08904244494170532,0.41861687262700154,1.4250122334326876,0.01958808115747111,0.03639205437268446
306,1,0.013581372668574239,0.45222329217748,0.022496548913812496,0.31352576036494395,4.124756040688296,0.050429730468068805,2.454433964202937,0.03401016730387033,6.670393443674443,0.537683993293921,3.5792728019645894,0.6194947694772016,0.003551580702621733,0.1969055902241103,0.14020997724256615,0.41230152143154447,1.5254981309745443,0.010857671030585839,0.04141484182316325
307,1,0.030886318675985385,0.4162874968406341,0.03564401202418324,0.3936011302022553,4.200335903264094,0.04591145693987569,2.40340114628125,0.014409178571721665,6.6966199844360705,0.5061619250035014,3.6504095195245534,0.6146465409406304,0.005323794402329123,0.15492764767890363,0.14754368069222046,0.46754360438784653,1.6108809453195827,0.0029983144975040533,0.00806266873259177
308,1,0.0033690019466836563,0.434862451206947,0.003004071820370439,0.3575023368255602,4.226679760492261,0.018687347549031084,2.443284469399839,0.014955903179503367,6.703623121412692,0.49330025453550563,3.6305967500466814,0.6437377077367372,0.0033291851269930885,0.1446985506744221,0.10906694052168044,0.3858495914672695,1.6576705584359503,0.01640496045759745,0.08597893798130861
309,1,0.026302190689313738,0.37606363903858275,0.010899136504324112,0.3434145948705245,4.29755228214079,0.032205157363322544,2.458854109055349,0.043571802282667695,6.839779244434629,0.484262125499786,3.638487821878011,0.6529286997815735,0.00267868785959628,0.07803610952956488,0.08251595912710495,0.39133235006209555,1.721191398383672,0.008466073902282396,0.06387103014013525
310,1,0.02402610222553855,0.37782772503596396,0.023421085400948175,0.29351975862895463,4.213529134277032,0.02145171022146423,2.416124285049351,0.03204827084461338,6.833968307065397,0.44799580549788504,3.716695958480468,0.6378147077624616,0.0063134415117937,0.1175408493768193,0.12666774944525047,0.45302828755095487,1.7113672559300241,0.00849307616693671,0.02280049302079738
311,1,0.010232946827667093,0.3296514978628625,0.02637062748964878,0.3512536737455467,4.242879913235163,0.012279265363656639,2.461696225025749,0.03741660962705526,6.912908083483691,0.4567186636850962,3.675770417688604,0.708392574428397,0.0008792216182544008,0.09759267286724888,0.102065367368486,0.47913280817278214,1.7333294400132473,0.013635024192854792,0.04096306988789272
312,1,0.024723980226857137,0.3109726515877076,0.033677702517675566,0.3741366439826418,4.191428127885174,0.019445072475597475,2.4342643470744916,0.021835024916304676,6.885085865827063,0.496629340711995,3.6848277285569457,0.7293980677490628,0.009310596815671817,0.08631029585528675,0.13472242674113102,0.47326525775246414,1.6712994982766594,0.004057721123493309,0.033503052160885796
313,1,0.03337052662783078,0.24204980573742077,0.01801835132143936,0.36787236838131293,4.235335454324161,0.023535087243344445,2.481092111260656,0.04714921708059932,6.921639620554869,0.4798630152032196,3.612654535899294,0.7916844602694607,0.001348368901917899,0.028684572585398832,0.18548011206665743,0.4787898331939137,1.7494482555178918,0.03157803815337478,0.0020136602188146236
314,1,0.030962264082355546,0.22386270866614005,0.0005000861931340095,0.39274870560059466,4.195356290884553,0.017863878457008864,2.38237298860885,0.02336048510150917,6.919978455112494,0.4501132612613631,3.559853245796603,0.8057473248839913,0.001662128665351699,0.01552309732893925,0.15014256238870252,0.423389107093332,1.7922088496275705,0.02854207644420733,0.021278904927707912
315,1,0.01709989111743205,0.2540156680787233,0.015766685151186295,0.3920833778954561,4.274780374072758,0.05143482152783839,2.3246990037609536,0.017020482768494664,6.94247726296416,0.5578544253675518,3.4544713499860134,0.7760397407881199,0.0020112313835738303,0.0055274183951354436,0.17176922057733285,0.35766966862379634,1.7960707133049174,0.02913231024352232,0.025409257233274644
316,1,0.02994152141484905,0.2246706459492191,0.015405389242680005,0.35950091471012124,4.258083787462208,0.01944294170951746,2.26712437164301,0.04280646596667155,6.936697101155486,0.5865582183155661,3.4930126679534377,0.8062737269726674,0.0016670063978657507,0.03247932414950583,0.0879113233512016,0.303339883273878,1.8636662654966771,0.029915001136431602,0.007131354419032034
317,1,0.027136262012292252,0.21709627209711477,0.01856164904118608,0.4006021176436932,4.234388321054841,0.03594070819792863,2.3082161315146665,0.045107400931529894,6.994581409184939,0.5592921143328285,3.5142319042654937,0.7709037817683756,0.0009477594696264118,0.050501061184348245,0.07529401067485625,0.2808821186015803,1.9187927969626533,0.016014815928557823,0.035320082213029715
318,1,0.03175175359367997,0.14657620572281363,0.012496625233527554,0.39317280825288675,4.24470030841498,0.036540343282220805,2.371773164314804,0.040014899276780876,6.968327842922529,0.600727766037785,3.592525962245339,0.7140799613789263,0.0009866594628703948,0.00714271109358757,0.048987960672403276,0.2655643599411557,1.922711851498286,0.025569693420739927,0.016823082236391767
319,1,0.03569556185905388,0.18220464615300572,0.0002238472440686621,0.35434614976880713,4.250743405104197,0.054524209563670205,2.4004828658001296,0.026294209705975683,6.976722760199882,0.5735045718821581,3.6097208740133353,0.720523590734131,0.006815180162117286,0.04102282717465177,0.04898884052891228,0.25864927934193344,2.000270478902438,0.03019377104441346,0.010167421856057549
320,1,0.024427185763473466,0.20718580653419671,0.047664348103636386,0.28650910707189503,4.214269030024984,0.03906660601137578,2.457000244259199,0.021385151214132536,6.98492243062534,0.5488201798371695,3.6303756896592403,0.698240003075349,0.00452905139794642,0.028756055352130983,0.12594782971199514,0.25767489539886707,1.9310005007856883,0.0078002835291952404,0.009701010898713718
321,1,0.0022259184262591308,0.2031693846318709,0.013574045574255818,0.3239447085878724,4.122602727112324,0.052045943535531665,2.3581814090566433,0.03148939505036928,6.9550265912705145,0.5559284832619147,3.682527108196409,0.711773521077393,0.009162610277117575,0.023890377488338502,0.13307015697317778,0.296495068590527,1.9406856509724464,0.022578590818464694,0.06081079381755052
322,1,0.00861943067006932,0.15613588956016497,0.00021140690060901345,0.326790850403442,4.100242518150322,0.022664323915291607,2.3676778842134976,0.03877754068011878,6.936637832639747,0.6479314953301751,3.6815084975145624,0.7402126029249694,0.0034725316844824725,0.05662463437493449,0.14382843725866812,0.34546934201042057,1.9900730334508183,0.042152682037804555,0.02882533477391944
323,1,0.006709309357611439,0.16152427086889834,0.009504740164765005,0.439973160191041,4.121569680975542,0.03423178844720375,2.3285029000859674,0.047987342523101516,6.874927405527402,0.6188615528313016,3.571720646226744,0.771754400962114,0.00411093842927181,0.07843296230105098,0.0841170972871212,0.2851892784467886,1.890452076576787,0.030410954837104185,0.036404379506511486
324,1,0.004409983918333658,0.1252547640844315,0.03663055453081711,0.4345279496821662,4.02307702841682,0.051235465838686524,2.3110905314595054,0.06767234469922125,6.866820881180479,0.6227485744051522,3.604734416621603,0.7834210983455171,0.0050671440742500375,0.07183806756366924,0.11849054412738573,0.25506095667136286,1.9574997224568005,0.007222033188725579,0.06877031357519232
325,1,0.012281504391120994,0.15686848904864534,0.023829784700559662,0.38273074189904266,3.988008681023147,0.037843212136685046,2.311977589056003,0.03186422757984891,6.9181239742784655,0.557382593363045,3.626143927452449,0.9526241713908441,0.009832066454051432,0.02781755320619676,0.1729461605617253,0.2803658886680828,1.9834350983161015,0.007169141201359949,0.06554475395868634
326,1,0.03164842253296944,0.17309650980508942,0.04189867149874377,0.3834952364858996,4.014979128216718,0.0195039896211491,2.306224728119088,0.03598650079044473,6.922698251431937,0.5910780912122496,3.6554318152772978,0.927129677918985,0.007112001638725196,0.039755001175354236,0.12179728917601376,0.3160470707245018,1.951772347797443,0.002452039318166429,0.007602968567813153
327,1,0.024356620786580498,0.20301815396587833,0.023510123377666777,0.4022346066313249,4.0319530041358105,0.019950966177230404,2.3065720881042275,0.02576569565550784,6.883539081799535,0.6314244603791715,3.741212985360526,0.9202736914457775,0.002347221715619914,0.06295770094183446,0.11723485738755975,0.2259248374375007,1.948933201631178,0.009357108837507113,0.022338560488556498
328,1,0.02500534541323426,0.10700682875242909,0.0053777618004151135,0.35226673383625323,4.123689566951776,0.027573794449233052,2.337341994487139,0.017188054468603747,6.888980149715811,0.7089938990365312,3.7538759493340894,0.8712751031091043,0.006020842511442077,0.06407681594700985,0.10609683685819879,0.18101476094582922,1.969850229091351,0.015004156150786364,0.036768945202752076
329,1,0.018422908071341053,0.10329810386059085,0.015035338658429202,0.36316368134016896,4.235601271452269,0.01498217293232775,2.366548066671756,0.01259050258915367,6.830303317632084,0.6795802812803391,3.7221986122365682,0.8893924410452528,0.007186719066025133,0.056748841832903255,0.1461500810869585,0.15501316933114193,1.855282597029843,0.038242264286287915,0.01790399614175236
330,1,0.0217741325645537,0.10476795073765419,0.014691871174377338,0.3911077419325164,4.264989610357855,0.036332109328946545,2.389974448506881,0.028661023753101176,6.79594135198207,0.5620941283983608,3.6659740002964587,0.9004750693338743,0.0019940618626128072,0.04758323722176532,0.09878652232060468,0.11708005310021574,1.8401576731819846,0.02407958384252044,0.025009882159519402
331,1,0.03196165161918586,0.05950550262492694,0.0002100415631126242,0.4097471274180489,4.300845577661992,0.03497726256056942,2.413545442001234,0.022777869131390065,6.810219249424666,0.5619948385002147,3.6979142106228515,0.8348206364661127,0.006036343055296896,0.12307150217450731,0.04752583659466542,0.024498609973286106,1.7905269780046373,0.039474470442954594,0.012583486553731434
332,1,0.042387505352360515,0.10748550204758668,0.01963482520973542,0.4434464827701392,4.273074119723896,0.03307094322145255,2.4654041586619755,0.02753320880592758,6.79892565339591,0.550263447816471,3.674062489453375,0.7836237556585803,0.005417366339814925,0.11651743733504115,0.037685197774130964,0.0733461092512971,1.854048921962804,0.020008742352115864,0.0008605179210864713
333,1,0.019822380587484346,0.18638902947621314,0.007335789114584235,0.44688609443292715,4.2095650493289725,0.046930676606614194,2.4524527690951916,0.023674287656148436,6.852476693001711,0.5267433469142184,3.7184973196883373,0.7457687830783705,0.0012084939533705578,0.11671216985072844,0.032383971905254036,0.07267227580306804,1.865198617147459,0.021390637968832008,0.03139225964841509
334,1,0.020148677649738832,0.15615438905737591,0.009103069973293543,0.42445533520160483,4.312795093094445,0.024067498396455833,2.408102167663364,0.05057504556900299,6.838321002027654,0.5098672155330333,3.8033488576188477,0.6877995795158924,0.00666191524314503,0.13888728521599208,0.01611582356010682,0.13131443151884406,1.876512850674791,0.019883562441531725,0.03432403464151698
335,1,0.0394387756664175,0.23704138845753664,0.0006621195045542953,0.41516844304727646,4.3729329847862335,0.03682779257558544,2.434565724772435,0.06341791026525252,6.891314450873134,0.545410383580556,3.790685308216296,0.639027978619642,0.007320312055902249,0.11180483544889361,0.0270560253631161,0.10843012599696537,1.9257330839102986,0.010881222323861515,0.029463342413215608
336,1,0.044598691723493275,0.20528898332316572,0.008264435114025814,0.4214372454778519,4.3743115409800435,0.04969122428803278,2.4459410749643338,0.06254203950186359,6.877646433104074,0.4779038223099026,3.711981060597012,0.6934355836132441,0.005397291354009717,0.15478837089054576,0.07086214081940717,0.10162323350761582,1.9715784683325863,0.008405333826295477,0.005454203226614362
337,1,0.033387084767676385,0.16891692033401723,0.003530889182550283,0.43071096671814457,4.381121352057155,0.03285478744879125,2.3898031230777406,0.046187593064764235,6.889293361107538,0.5316655142147191,3.7158061636967075,0.6633602544685951,0.0008938681929124586,0.15718377327524014,0.07481231130501363,0.08488936945467583,1.872252870672851,0.02084691071745926,0.020278733227968665
338,1,0.018102307272245387,0.2180566075415823,0.03219356165114233,0.4047031598613938,4.4498596037299984,0.06587093772175917,2.355492234758489,0.04087060500890651,6.963524972824476,0.5349751823992874,3.7496546309091245,0.5669366947870081,0.009013740034265708,0.15528801342565243,0.0657752478391325,0.05913198739964869,1.8136217133390136,0.009605863655388524,0.03059462083387934
339,1,0.0019167578158982162,0.1589567625849217,0.008189343071938486,0.4193162666318126,4.431712286016767,0.040720707110235566,2.3469551540720825,0.007596462072611328,6.976159152672735,0.5674092144915076,3.7499514998373744,0.6530113529150157,0.0010830094305850117,0.19279852212139428,0.024112846626792066,0.10091575534987063,1.8087504922640512,0.025479158996290413,0.04997923758532154
340,1,0.03167772769903791,0.21666695816354412,0.011442646529949061,0.3789208408771179,4.4525336767144275,0.061703369280154824,2.414845871110402,0.016349180742707133,6.935071145195763,0.5712038817338178,3.7378583506775453,0.6737565572602352,0.007069770228788675,0.18936572046311126,0.040086528768805016,0.21285562102529806,1.7745573930448082,0.009552595963323507,0.04676051903833178
341,1,0.03981786688563388,0.23055080239139067,0.008856536031680904,0.39791006804164414,4.498299403410774,0.02013965489576047,2.4676153739375146,0.06284261697806945,6.870667346119203,0.600546764867946,3.815731009916228,0.6441637398227271,0.008344246733380209,0.12511424180037656,0.029063990697039185,0.2084151441447109,1.8275465535735937,0.01285718208960806,0.02062859958780597
342,1,0.004391022646525171,0.16475352797352957,0.025381031010899942,0.41427901417398305,4.506148924089486,0.025322619525037296,2.458630873712549,0.03253893909614065,6.875741642753777,0.6097902940343485,3.7899907424317787,0.5889034815675719,0.006033790578443578,0.1124611260649185,0.04589131680037979,0.16711242501298879,1.8071889756308508,0.024885802955745724,0.03718406710566181
343,1,0.022892030407492447,0.13046519694355502,0.005619173686245816,0.37196992529093764,4.418568603148462,0.02589784287447628,2.4444869904566167,0.03403069610395833,6.865008022114133,0.6017214352338277,3.812767806821917,0.4648190503521375,0.006528867911408122,0.16536667028603427,0.005118089753738059,0.24253218478556474,1.7970397043154802,0.02860530236637109,0.015775036652707186
344,1,0.04059622814655271,0.22930700819089478,0.025928142446326723,0.3744847364786048,4.428172628476842,0.043694196160390025,2.4500836539558355,0.01825292977535405,6.8634193862700235,0.53276375099002,3.797046472906864,0.46285586744324975,0.008550258107786904,0.16308706820294094,0.04387468470102322,0.16779799804980586,1.8571551522402212,0.0046461925652083146,0.010281496650676802
345,1,0.03853040775039126,0.25129014273229616,0.0018775418372411958,0.35878776820164143,4.4938284785013485,0.0354390222016972,2.447669116518628,0.061814719716638156,6.796247440103895,0.55107853571991,3.8751964998652064,0.5042771644753951,0.006973928836282288,0.14284060073531596,0.1687991297031802,0.20053363936053742,1.8449087827266475,0.01364553345971324,0.020871723410002922
346,1,0.015063584086237364,0.254030229474938,0.00384459288723498,0.2897853569499418,4.569647520493777,0.0327458075439513,2.4368109967626035,0.06921515837339239,6.851384948915287,0.5780212958688578,3.892215666536589,0.5652199554093578,0.004059314188831518,0.19071316413968767,0.14788770771718976,0.25867288176326103,1.8637626568117276,0.018772885335615337,0.06252294655329288
347,1,0.011634642377304669,0.25352167002248416,0.018163033228667705,0.38186950814063125,4.553398676505891,0.04092997653679642,2.442968111679216,0.06990081336335324,6.797623602792812,0.6388525043062382,3.9600941296134975,0.6114224279261444,0.001345457330526781,0.15302688365626507,0.15053811914759635,0.2412252967650232,1.9673907193125033,0.016825846095026045,0.05485749852246022
348,1,0.020161283907137336,0.2454427751079063,0.01764076726462298,0.4035516106801395,4.531169990813518,0.040748977003083664,2.43882763757861,0.06781287324582908,6.774710079749669,0.49162620552679204,3.947971460736548,0.664496130887465,8.842965732479884e-5,0.12126676946704916,0.16780767978008596,0.12735402956583647,1.9280919679566695,0.01745880835703473,0.026107789341795043
349,1,0.012478641888831875,0.2630584568886301,0.016959285604544908,0.4775537262183755,4.58932568006326,0.030654780867362872,2.445741611700416,0.014796946936456477,6.676265069213957,0.49364084428727995,3.90290931253542,0.6585937542269904,0.00428025379066499,0.13707993342893685,0.0958463160080548,0.08052964700238913,1.9695762083245238,0.008851110677816371,0.07724729201841617
350,1,0.0011979136136550973,0.2414147097242046,0.041719644654989015,0.36011908598930586,4.648963044299611,0.019992264850377767,2.4452265675192195,0.019532334898632233,6.659219263461307,0.4158249919126922,3.8278372948658976,0.7090219980024145,0.009455301457326778,0.11123028770485689,0.16376652649604587,0.09536002102382389,1.9232137281836899,0.007320187445199986,0.06001659194150684
351,1,0.0012583264280445496,0.3472907957156185,0.0067823241319703124,0.3832346298522041,4.726474683916407,0.028923901249910643,2.4611979463033022,0.0318767292421645,6.719942274134234,0.40698608965982896,3.8538688392973945,0.7310335804160385,0.002256707529195705,0.10767392375831088,0.11752173962581394,0.03266015441402427,1.9233164214248124,0.01579245227748086,0.08509411605565773
352,1,0.00015207859270326577,0.26760591836583586,0.01232562858350627,0.39824746127016386,4.640820234496524,0.037950478950234665,2.4979338465794876,0.02467571645452465,6.747782516372336,0.46660647066037325,3.815600892751893,0.6879460651846082,0.006274084633265209,0.14343669900784245,0.12980877773514807,0.02556044458383387,1.9580140253283471,0.022824332171735472,0.06149129235329648
353,1,0.024197166474234942,0.27643094473596913,0.02155228504095425,0.47171471273569227,4.624841285304205,0.0288676201706205,2.449697514758524,0.04891401909903563,6.735645006632909,0.4323306411103148,3.7925554134412525,0.7415830741071262,0.009864663455908208,0.13227452315694224,0.17362937527560085,0.04369264251671417,2.063202219337533,0.013230660239389791,0.030234678446205084
354,1,0.026309138506559738,0.28775497391713434,0.02977502283519502,0.45107890176078963,4.629320844370298,0.0318099255732493,2.3683702899117334,0.06957838514893837,6.729078709279044,0.44423273108689754,3.794200162359436,0.78036925605598,0.006312099003947888,0.1252552054574594,0.11941042440876805,0.09356604661627885,2.0714208734353243,0.004849112846691587,0.05051919632193914
355,1,0.03614997060709213,0.31103896905477857,0.017526692859173958,0.2596926895580758,4.681809529932925,0.031601964910656595,2.35449692732034,0.06873096205936043,6.773944650390204,0.4454453007075295,3.706752335230581,0.8302492234750521,0.005947132037072693,0.13458902417909108,0.03837917169773469,0.07641673942095362,2.0756895896102177,0.023361553410073333,0.007459271454274112
356,1,0.03839069369864901,0.3710351485694644,0.010754046832995074,0.38115517663020365,4.637594722873875,0.016483027056645637,2.320891111126858,0.026452970728822883,6.802480075648153,0.4654513907108462,3.76571086926633,0.921349266770305,0.0013733297763567406,0.09909948407420623,0.0191375879694899,0.12387245543228437,2.047520295348533,0.005334646994957548,0.03882771022980347
357,1,0.0018318224597655413,0.3608778430536082,0.01848170974370237,0.3996661723877819,4.661319702632935,0.023665054658551267,2.3692042715793695,0.06243220910512107,6.873612055339729,0.45993865230010056,3.7950027423877373,0.9029165786268614,0.002783973134656226,0.12045593265198179,0.06318556487756306,0.10558565914931883,2.1555602927908617,0.021652982709979535,0.04699019706334444
358,1,0.010578258380143295,0.3771135559836145,0.02009192579208083,0.3932354192289833,4.800165350338943,0.04460416427364028,2.270032099034464,0.041034879574178715,6.839194271793037,0.5078556025000502,3.76878491206931,0.8545828837218484,0.004992712131696173,0.1564806762872558,0.0369891437156561,0.03213829850836783,2.2218880869042668,0.015353893129295956,0.06457339751640538
359,1,0.0013279660274920406,0.41180294781938565,0.023316416174843348,0.4559720666860556,4.801549539353911,0.050136661139976155,2.237180608113409,0.031606107108405265,6.846529378648882,0.48539744353476616,3.7297814821689816,0.8668779834950012,0.007179290143641401,0.19539189799679735,0.09542120697939001,0.009067104205715545,2.2540338308483014,0.02923317290991517,0.030766826028972905
360,1,0.009482415257646546,0.3647515178847245,0.014256736659837082,0.48403369316845557,4.7863681724476175,0.05673463826947741,2.187961153473437,0.06496338439105849,6.814418774775876,0.419596093678306,3.6828521729875514,0.9029053723142169,0.005351959242542553,0.1762115359655131,0.08433707380385119,0.006685233450662941,2.2569572967695923,0.03700831991210186,0.02235351700253217
361,1,0.0018039444579847795,0.39268297095800003,0.04045643926869293,0.45005522699734346,4.720841816127761,0.03687968082060504,2.1593467479651856,0.0345869823024157,6.783549103918324,0.4745732547161508,3.705121181208665,0.8870193417512073,0.001430907892538591,0.17624978258256585,0.07036822165049805,0.040139869201607684,2.2489181593739356,0.00414660522218902,0.07712474058033884
362,1,0.006484775256614691,0.4188725247455264,0.026037752022045533,0.4945105210804324,4.653557292081414,0.029998920098619878,2.1007140987170208,0.05478151879434987,6.853520238145919,0.48430239357250837,3.710242290918645,0.8649155918375092,0.00010279333646640478,0.15633545831477408,0.05533641177233838,0.03346383166490788,2.149496972028977,0.014778362875313348,0.05459880065554614
363,1,0.014746132385916882,0.46849498355016533,0.027066330164013018,0.4973970307063172,4.64855451487961,0.04594858600300915,2.1061231502978677,0.021650666082165076,6.852576378809303,0.5058865370875351,3.614652114095133,0.8630165379591439,0.006858468060534409,0.07339149677903982,0.07364189936815115,0.03660742521490547,2.1125136166905865,0.0075882254487861945,0.060177590036993064
364,1,0.006147772975932896,0.4510951979929486,0.01931526655786579,0.46870695613278135,4.555800108740204,0.06090254380715636,2.0314303031022987,0.012349688080747821,6.8680174793050845,0.5193513849005725,3.599746485370496,0.9045003719987755,0.007644956931959794,0.09659823510558378,0.08729791630909044,0.01098311485343449,2.133712056826002,0.0075309418344744125,0.08612001401029865
365,1,0.012078830607536874,0.42714011578645394,0.018451865226834136,0.41527430134076027,4.5540511261762235,0.045509391369948964,2.057458130713736,0.025082323024781833,6.902623413913134,0.48356540741644327,3.5504854167005564,0.9563474564451374,0.005818104444933046,0.17891117148589034,0.09169818473297237,0.03824017413661004,2.1719875452088466,0.0209633174531525,0.03869957987934559
366,1,0.02015696304910012,0.4017544808016801,0.013937515124162358,0.3382106700985213,4.484205515086453,0.02139166314841278,2.0941414558195777,0.014052920823307022,6.883343680366067,0.5112974113942225,3.497387727122074,0.9936837422775288,0.0008711128967788116,0.14079671835675336,0.031241849424644016,0.103212955183862,2.1194745854647334,0.02006329113924916,0.03726458957375388
367,1,0.018681810010819613,0.42166665153591065,0.006128774820867936,0.38898693776679066,4.4286254843716435,0.01724540659125463,2.1545576365506216,0.06088761233915418,6.93990510595265,0.5349812878696213,3.5298240680951607,0.9561497712586952,0.0034081089741497305,0.15611485874490783,0.01846536914422608,0.06556302126153098,2.164381437712478,0.013153654285921539,0.06355641406691599
368,1,0.03489933007104712,0.30877390175895536,0.011739369388958558,0.4020537269757946,4.439894766943481,0.040423494842507735,2.1421481805565454,0.04728441716585588,6.9184374481858315,0.6193749131753143,3.5069880755768996,0.9386404186382028,0.0026912467187521012,0.1394597256876087,0.03947976131844499,0.06359028215584901,2.0474516643817564,0.006556672655363106,0.047860821782233234
369,1,0.03034566672952198,0.27885266290319666,0.04257181374136172,0.39890801118618513,4.4959248618052206,0.019001957229210092,2.090729580194153,0.03189843385187714,6.847638913300543,0.6498709768316482,3.4347471657167383,0.95099512177054,0.009235800813061884,0.09552738676133203,0.02227816625309518,0.11052863863670884,1.9824117850658927,0.006908995925265835,0.0315565871263063
370,1,0.024193592065974986,0.2922633373672634,0.009427154181316167,0.383439828265033,4.469777048063062,0.025987527936369173,2.0781119769473526,0.04170077054843367,6.921008579995323,0.6360601867569484,3.4782231653178575,0.924522551659691,0.009708971828941301,0.0783479973363855,0.02991632031716032,0.05171849976247488,1.97669933068031,0.030484397232694478,0.029461398258399316
371,1,0.0014218575244612738,0.35436510801141374,0.015196767156319778,0.3293287997968434,4.393212658005604,0.05553506161329281,2.047147125090506,0.011215550980929929,6.891110003699495,0.6737532947523391,3.4788436659973985,0.9083163913672719,0.00329062537877639,0.05893264881112278,0.08185543983858512,0.027658912084424454,2.0510230097420816,0.02678610368422505,0.049851391002557546
372,1,0.01205752733309814,0.43247928745476555,0.018327888398538487,0.4110089192806915,4.329684715787918,0.03544629933063085,2.142496783832581,0.06513999718790814,6.934320300269753,0.6021840616477043,3.5082455101307763,0.8677030929703566,0.0023095689956879302,0.04551531411999979,0.11341276478645633,0.08734584736382364,2.0971561852074734,0.02584005094842809,0.024941182164725764
373,1,0.0065327422812682095,0.40575401449557597,0.02082297786226263,0.38157256436234244,4.396013101262587,0.05153470252506871,2.1103114119505118,0.013543896974737787,6.854856717004158,0.5600011425598831,3.590980341756042,0.9233002851383443,0.005140468983834668,0.0834785871833288,0.06891352145122638,0.130853822693732,2.0870714871287803,0.018465716759339695,0.04779690365555945
374,1,0.025820115583799357,0.4042324218341292,0.01270882737310927,0.3971784709922098,4.369979307018966,0.05885538328650956,2.099106130413256,0.02088065728889725,6.803385122481739,0.5399585005916323,3.627181899361643,0.8960341747642679,0.006891074369906217,0.09795673591888533,0.08263281269423611,0.07363747125925633,2.1568839303537963,0.009270549932490263,0.03171541748543105
375,1,0.008338521022243946,0.4927397676428037,0.021811311190075875,0.4460949189312992,4.412101925456166,0.042236483834161,2.110813759879605,0.00887709625975569,6.721981898467233,0.5563443937359507,3.6852952340814307,0.9782192973295969,0.002961627748236766,0.04662718386224753,0.1054198646629313,0.043581199107994704,2.2215114229640025,0.01751209189315753,0.041329695509385624
376,1,0.005292151698561696,0.42992366085781963,0.02371726120669999,0.47575603102272984,4.3844211351340325,0.032354604644900954,2.086111413038862,0.05870577024829783,6.681722313547199,0.4981826676894888,3.690356068829041,0.9473304496664247,0.006485524727498891,0.0830978579156286,0.13694016497911057,0.12525047434933634,2.2417564085007853,0.026443161912485448,0.027582002879407392
377,1,0.0006588209309237004,0.45647581031550827,0.03957363139981182,0.4830969026867681,4.45067613116361,0.04633607938515309,2.032947697248073,0.06489229201969872,6.635037427496652,0.5880364002410114,3.6966602083628124,0.9424472055958704,0.009485823076376585,0.03619354253060308,0.13319141099111875,0.15306738714093282,2.1647913431744947,0.004230194485722846,0.07568428426283344
378,1,0.01151735932780861,0.453636457585589,0.018488479179903056,0.40658967857119216,4.474869902006633,0.04248631308634627,2.0992905983924,0.06862508907669132,6.624249945802151,0.5299711169063391,3.735073355612459,0.9380820694520184,0.004846600012749893,0.05658482437220956,0.16723234145954324,0.0488268203755626,2.187072140771084,0.023586493157110013,0.028724644654427568
379,1,0.013368342740136558,0.4071546782462309,0.013970122392940676,0.42269976008369387,4.419009510723132,0.04150351269705262,2.06607514130281,0.04319520962823367,6.514442091802471,0.550012530250767,3.782728986663679,0.9471839320977422,0.00805496925924295,0.12409544659953198,0.164007540680381,0.044082046171680364,2.2281495063045575,0.011243512722059092,0.04990664169860708
380,1,0.023619305497054894,0.43967993094499125,0.019524993793307428,0.42447616517171455,4.4567908571122805,0.034496595804016525,2.0169533784779703,0.05117196601059867,6.480792736737015,0.6004591237497073,3.7392721654676024,0.9302819697188982,0.0011277110950052086,0.13908460455164243,0.1632919668236839,0.0655165007061569,2.2421985130232907,0.023903592581174443,0.01353827935351375
381,1,0.03132476156146215,0.4989398024290073,0.006423263135543205,0.4689459137417257,4.468819477554957,0.02014717624878683,2.0573231981778686,0.06242649216552719,6.507385288503612,0.5444636705815772,3.845783745869951,0.9108655647637015,0.002451812179563908,0.054869424822512274,0.15047975108299882,0.15050601970998193,2.305993786264898,0.015705937952770116,0.013158710018589787
382,1,0.0011650467727515668,0.4237316116506842,0.008069922591444904,0.4820764667616755,4.597602821595087,0.04561791114561229,2.0323163798421287,0.01534768032371701,6.5132380918425605,0.47785535010086755,3.8092236273118156,0.9525794741716614,0.00825089504232439,0.1466267159346657,0.11106823680858831,0.17287415068398843,2.3270901568298945,0.035231712987720216,0.03620188319825348
383,1,0.013843707949614216,0.4107886020914989,0.015199026773584357,0.4692984492560352,4.566435494492046,0.03991965443021667,1.9898390285785397,0.008583536127504635,6.523192529242454,0.48373756426015846,3.8235471905425062,0.9193942699962864,0.007011948122851561,0.1058430221843194,0.09335790736511844,0.10527527982416694,2.3210994331805375,0.015813027062218286,0.03907753273877999
384,1,0.006358663231265844,0.42264318327933936,0.007392666990688439,0.44691820788317477,4.6293171789562235,0.036173309867480005,1.9797280885175244,0.025585642089913638,6.576368743742054,0.4886886210703336,3.8089186535845783,0.9078491793994462,0.007833896826422883,0.1276264771817708,0.13705515146253267,0.09855775827936035,2.3429391181411505,0.022311586257916613,0.06322240377791304
385,1,0.0270492944895982,0.4131189091286813,0.006860507069232475,0.46191429050049626,4.633151060448289,0.02160566107426059,1.9095941028503827,0.05936033978983836,6.695494132015424,0.44822419844143196,3.8136088276397104,0.9955837792811877,0.0064912963776404,0.13697266187916793,0.18373072341579236,0.07644558371154911,2.3474554670478986,0.023011108501653537,0.018417939021330064
386,1,0.034065118054143737,0.40548170238315223,0.005706290972656931,0.41846011603567734,4.662443062926946,0.05443298513160908,1.9226735351166278,0.0651562481332054,6.677223622964857,0.4764753507005133,3.869841526901442,0.9841218335460818,0.006153725240757034,0.06751752024017542,0.1465592293767291,0.019943856082676573,2.377810106565117,0.017724066201881064,0.00818605237262451
387,1,0.006499225564704271,0.4296220990502016,0.011982723256288413,0.47177277212240665,4.634927081107158,0.02133611833752027,1.8889893176237205,0.012220154858357707,6.72042165961308,0.4154733022869373,3.8191502016489216,0.937582591372714,0.008163783934455559,0.09126380227164933,0.13029372159301675,0.07883957027560416,2.254355800279477,0.010331165066535652,0.09222819916288671
388,1,0.004973500873421017,0.3952122373952965,0.008525775576347431,0.44907682448303976,4.693840409130842,0.0253337386651158,1.9785255872659495,0.03581579649224974,6.683331884770466,0.4395846533594307,3.8557757876973633,0.964501820523581,0.003617382917216782,0.0636686009968122,0.10130949273430369,0.10651733387844166,2.249146714721416,0.0244331032600456,0.05290006159508689
389,1,0.012066512278239246,0.3440429306190057,0.0444714456222676,0.44548437178197825,4.644583082317357,0.02808942578898778,1.9676577964896875,0.06288624368985224,6.551047940379208,0.46781995447560776,3.9246013035074925,0.9644146419257372,0.003416556145997338,0.01842896899144994,0.0339419589310267,0.07230562505871144,2.233459679044199,0.0026145380001391244,0.05912626964557854
390,1,0.005178737342638774,0.30805450091960734,0.015088947857751892,0.40046307011501525,4.648408587017685,0.061055773573857504,1.9960045739068684,0.015609046376580556,6.636463922522272,0.41888544764404867,3.8491338358747242,0.981434572248156,0.0025967030857860364,0.036321434496581415,0.045354867157077795,0.045104612016194034,2.2194523793212566,0.022389597659057917,0.041681970059434414
391,1,0.01808796066773583,0.331123455696067,0.03138616236530984,0.4215996302150568,4.614615552468428,0.042087626061823265,1.988771617253633,0.06282045796099048,6.677329093918137,0.47555450625729445,3.7970644909934195,0.9481809045199261,0.008537697660678625,0.006558590328138465,0.026272134419027836,0.07156731304556295,2.239207743272587,0.007799959263728788,0.06379550643579843
392,1,0.0027584975598050204,0.3144659989583971,0.019958213670887615,0.3152871970708596,4.591347527477993,0.040464307982698365,1.9717771199392597,0.04199937663773688,6.6661740448904485,0.5042292705813546,3.813242353359969,0.9182411597085895,0.005102498854088032,0.01517735543831626,0.06726135262261539,0.08661153121091877,2.18665834578134,0.03492920780280513,0.028094708414830458
393,1,0.020131142379152266,0.3683883677228243,0.02374197987940001,0.2320860543127347,4.683260148374486,0.0362125702335776,1.8835973844403349,0.04446404234777778,6.677325932096556,0.555418356048748,3.8578784989096238,0.8699018830682312,0.004398866959894017,0.04474936430524983,0.10006136333428284,0.10694084040268492,2.113533178034268,0.014829381265764451,0.04755667608597159
394,1,0.03566781705424873,0.391766273225682,0.00622678741569122,0.12326006157024978,4.612760679739282,0.03817484241459587,1.8492577777890882,0.06648203889577158,6.732426762221619,0.6006841776008406,3.813109200428695,0.8442444647650527,0.002176597303850672,0.05202369197105762,0.1277060315951949,0.09476980940577212,2.1532852482420766,0.029187642122372327,0.009382037792317426
395,1,0.020596769063278213,0.41100973099474697,0.03903320148947661,0.2773015155176149,4.626776973211126,0.02933809797489236,1.8897898345900908,0.03941920639070475,6.7580313684979965,0.7016202322729507,3.8072667273318515,0.7474810376232948,0.009196377633470344,0.09051912911562138,0.11958162565985576,0.045348425453691804,2.251884088968479,0.0011391872602987017,0.06718233173246699
396,1,0.014883303282041472,0.42049834485362736,0.03982382217809361,0.16166238183287476,4.549468327021752,0.03139650839691883,1.932317723696339,0.03682644181652916,6.735543692301864,0.7656269789412695,3.8833959572387395,0.7915180869428134,0.005660870264283689,0.11311315674758401,0.14955290793967102,0.08909695517850745,2.253708127357287,0.011060870516520268,0.033135730146079276
397,1,0.02126577245053073,0.417103358194477,0.003212445417318654,0.15678592857803098,4.602401001664583,0.04358485894069684,1.9562527403673386,0.058674989604454005,6.778624557301463,0.7063716507367276,3.835843065544612,0.8008991290528383,0.003422801693812753,0.05812333364981118,0.13900838768552995,0.06063382062765376,2.253713412870747,0.054461284177346206,0.014650527630807271
398,1,0.0302100543399833,0.43146419125338337,0.016559477139558923,0.11435306525587027,4.641278101855238,0.04316702149544301,1.904031007298978,0.0425044804311092,6.784623474728742,0.625582986929346,3.9526255909392067,0.7729994832013336,0.006913460415265229,0.03644173228309834,0.18150616840976716,0.1435250200925199,2.2190158887505556,0.033567271340339266,0.004172130393085837
399,1,0.022286636877127113,0.4662061473235995,0.007715491273637811,0.10264555326499522,4.767925888273549,0.04753409964940938,1.968452147745121,0.03711797357253961,6.762861587939994,0.5700768985416472,3.9362567704338973,0.8375958187366351,0.001466978808259872,0.0488080858411987,0.153785658712683,0.16765029057199685,2.1712641933015293,0.03058507506844805,0.018791479234310595
400,1,0.014491448962642131,0.4529539971543048,0.021156752642705813,0.10063182610718831,4.746579689804668,0.014189636462574625,1.917702695416239,0.030995350637482825,6.738831842810938,0.616379163936004,3.96462549893471,0.8764024146744284,0.0064073282581045025,0.0019022763497062933,0.11659831561795046,0.15276070949684714,2.1603490345499154,0.005891475131284898,0.08931085236503775
401,1,0.03276902898115351,0.4205699838442234,0.018164242015285284,0.16497898788000448,4.662548269466284,0.051626120488679685,1.9367565266696805,0.04106400595075797,6.784493645628806,0.6877197791886033,3.9124377534432733,0.9580898434051415,0.00877672305653326,0.03882215101530452,0.10546148954484089,0.07940980061309018,2.0974189755750836,0.034149815641776826,0.0029583743466468867
402,1,0.008241391268414309,0.44940697748090924,0.0149379898992657,0.14179060150958056,4.6232471716812675,0.05950528581113685,1.8772901218879654,0.050352286768174034,6.701652412148082,0.6417065440782748,3.861725351786906,0.9339328496082377,0.0029873327878530732,0.02609237243575317,0.1371410866459758,0.0839491332042773,2.0969108604949747,0.02639092851503753,0.03624903287469694
403,1,0.01973785251648945,0.40236831800564915,0.035864348713317055,0.21192566272801203,4.590664454547761,0.0444693868773277,1.8238943916864037,0.04403499509527539,6.710605942252822,0.63068373840455,3.764591117273313,0.9891926232028866,0.0031785255427487537,0.015284026870539964,0.06070908699051924,0.08314463188518978,2.074324494096623,0.018557285962724566,0.016056080161278977
404,1,0.010536508878006008,0.3989355609800953,0.011545887560181258,0.23292040716560888,4.559387685310934,0.0315689816647908,1.8281593629888262,0.02527439872281374,6.686883635150635,0.6941817535467535,3.7767200809334285,0.9562470382392848,0.00427465718666809,0.03369436200744201,0.04713778051059001,0.06830627548566925,2.0753664174135564,0.032459392743525,0.03816482295274237
405,1,0.01486917938618539,0.3842793036640039,0.03572260024631705,0.24988602233490517,4.58249712329716,0.016849878164350733,1.8429156307546375,0.003880730557281052,6.688774085700239,0.6621821286993601,3.7544622993544206,0.9064720070997091,0.006962595329979138,0.03162463127992213,0.007613195431529062,0.03989937952996024,2.111037776715112,0.00675754014428141,0.06402078110344346
406,1,0.025492868738552846,0.4164906928358736,0.010783639238780372,0.23665237962357324,4.578257281823246,0.038379938970467056,1.9195113788426024,0.019221827298316566,6.693246018513905,0.6966725602088715,3.651008946522244,0.800134919925247,0.007608837453925994,0.07592620522169087,0.13554924433022011,0.09633889568729725,2.0649696156696593,0.010683064452466607,0.06346726546051304
407,1,0.025363390055603875,0.3488333091405434,0.00044142884445879396,0.2745664287524602,4.6444863586765255,0.052746371756516496,1.9521928223128633,0.027254830703350424,6.721676447551341,0.7052802640127134,3.5824970016443323,0.7991063307239273,0.006326934676328798,0.11425324010005386,0.17648351300108428,0.015023267172742067,2.089256757188874,0.017526174200642383,0.03726299619346952
408,1,0.01614285483375082,0.33887319872791416,0.03167817392113502,0.25964724572160863,4.6617653632267535,0.027757804412958074,1.960062599083194,0.05136996574765857,6.682458088253046,0.7153627073628579,3.649810819323921,0.8168378646091191,0.0002853845927246513,0.08462368155453391,0.16806266401382708,0.06610466086502527,2.0784615932273356,0.006633117339955997,0.06860247851691169
409,1,0.00926913731237843,0.4297120808399925,0.020481503930814073,0.3141540756507844,4.696788116275875,0.04656832937400185,1.936345995546173,0.06528215526490667,6.852766345934115,0.7114511356763836,3.691477345109471,0.7957414304153064,0.0063407584184487255,0.10043426683100477,0.1108462048729443,0.06788386729774937,1.9579771450987873,0.018378154735007375,0.057978073948945295
410,1,0.02939181837588268,0.47918418926858725,0.010838950271609681,0.2433403147615381,4.668673519047379,0.058681963849658736,1.949359818016748,0.015919301287763265,6.86594598393688,0.6386727035099972,3.734737990207724,0.8367894026923677,0.009383098330587975,0.05889783478509305,0.08355250575246902,0.07077953730414238,1.9046642984980002,0.02004822017718314,0.015019521400454502
411,1,0.029991423321585286,0.46184360561905746,0.009871520484660277,0.4013753706528078,4.684696312166162,0.023141498115688868,1.9972109803445863,0.006771720640275566,6.831350185914868,0.5526143320912132,3.7627946818744955,0.8474194037114136,0.002664786947572814,0.08485287711157319,0.07764948714325884,0.08479929688360281,1.901371117381827,0.03568026355112297,0.005813924800484812
412,1,0.02468020536116076,0.43048001331168806,0.009607576993934984,0.3199412412434633,4.677120736910973,0.03675521386200537,2.025382715715529,0.03049794881271611,6.923121256688719,0.4741739561025825,3.7645900709090827,0.8012336160978285,0.0020198743339723078,0.1218204190841199,0.057883566768275344,0.1554585394303175,1.8164802743412183,0.011968854651056186,0.027435931087874645
413,1,0.004480317800365667,0.3941892549365185,0.009128042997994579,0.2966053922717986,4.756169581577265,0.04462395114373033,1.9962354465293866,0.06676558523726553,6.8024359795811336,0.539133441464168,3.804244705121418,0.8143137939906792,0.006737812389533447,0.08349196371537919,0.04780218118175877,0.15155910811870332,1.8579905591193644,0.03550871170317545,0.03673736291703659
414,1,0.005616928558162007,0.4641178063621043,0.01458317989488463,0.256377146433234,4.7644748693547685,0.026580323025027962,1.9487073964616473,0.04241363013133249,6.7483466218822885,0.5216696377760608,3.8111097763630988,0.793395500013675,0.006006975678526594,0.13904767855809813,0.09565801241957793,0.12839391861545985,1.8158432781243243,0.03699882792740503,0.028008208931301043
415,1,0.00017546705796364623,0.4360768677358069,0.023229264507245842,0.2325335486711315,4.816912531339013,0.06780107340509745,1.9493083438359997,0.039931264559431086,6.707013773371028,0.6346328089137719,3.8020365586210145,0.8192386630789388,0.006332629865703561,0.1666449092139371,0.1278387879831763,0.01437660455160475,1.774940807693635,0.015242633645565083,0.05624589065423729
416,1,0.0058858099702773,0.45114653379838304,0.004931485235691817,0.18056897514068848,4.826797445266774,0.028349893140858454,1.985402830567186,0.028043081607229032,6.7133126722888345,0.6332230203048295,3.929566534840851,0.7667153449960701,0.00413473886752302,0.17399044782893983,0.11167090536118528,0.11314401123754067,1.6968300269633485,0.04001290648328849,0.04439832741185125
417,1,0.014443074885222291,0.4812707148828561,0.02770381174931321,0.1340525192118069,4.852217657903606,0.023942634301328786,2.006279113905824,0.021971381193484907,6.7149492863705,0.6970428845687083,3.9011151472961307,0.7331363869973574,0.0030845326092132294,0.17265171955246822,0.0952555158635636,0.15417390183139987,1.6258655004507738,0.012124830551732947,0.03722687854397911
418,1,0.023176929010373177,0.4379507963018075,0.025187076635387072,0.16271829900163784,4.821327212056202,0.030073751414486864,1.9966548223325515,0.04449854301258501,6.67737405782249,0.6858292444777508,3.89785320988572,0.7063322480171316,0.0059546615378572865,0.10614535612981045,0.03954633680744627,0.07488970944666179,1.63207030639472,0.012450771616463786,0.042122201297972166
419,1,0.009300752764044296,0.3769267024236207,0.005919301395177429,0.18878146063644913,4.85904580512091,0.028146474784638366,1.9737890367909368,0.04178536290697821,6.628113764084086,0.6586230330507195,4.028902075903203,0.6606395244698295,0.0028643650177760218,0.19908190903909412,0.04845484039744175,0.11869693071778696,1.6498719381397402,0.015452473771977428,0.07514412478654983
420,1,0.03411111619143769,0.4316646423648872,0.022100855684870174,0.1540104022760715,4.803752950394732,0.03176987277009376,2.028302487344202,0.02609085863825269,6.605595535532332,0.6681626357717622,3.9976890708715063,0.6543079880588137,0.0032456401531134648,0.1756230996190017,0.06874628560393348,0.1877487125445483,1.669859683843556,0.01800716098114977,0.007076644407269329
421,1,0.0350043917775443,0.41279892176293687,0.006028067651109921,0.2509977406318474,4.736063476577269,0.01370475633417145,2.0443086247615665,0.053430054547090135,6.629632393365379,0.7111575397494458,3.9839729187140183,0.6682412594351739,0.008268009488838152,0.1218307932064614,0.1259629885373992,0.18482107762328126,1.6030632418157347,0.03842030887112528,0.003327185099627079
422,1,0.029330066188185143,0.4680841334713985,0.007828041644020178,0.22116809557401182,4.7495393971827005,0.049480841118298875,2.058933950662582,0.03522959704237363,6.6078583175726635,0.637282752956629,4.028909644951256,0.7287465166644189,0.008307420633978319,0.13541477882012917,0.129749687001085,0.1783266693314295,1.588930241070035,0.02327452711910322,0.014611854955406227
423,1,0.02795081927124819,0.4388330111958251,0.00025314742936397944,0.18477066492666175,4.7626888317360025,0.05337417431256807,2.032989610840938,0.042239948897357105,6.623537185516338,0.6439917203160695,4.088204405719119,0.6666145200029948,0.008961511863806594,0.07403175812951336,0.12567209587752695,0.2240401155013232,1.4990907098714932,0.02405279520498416,0.011365981026498443
424,1,0.04001709381616236,0.30579468557690404,0.0307442119182266,0.17911805992972787,4.7968598785212935,0.038950450223999886,2.067727441911681,0.052673027093532034,6.655755315569826,0.6672763132295355,4.116782491749647,0.664765805645323,0.008041839401458103,0.06047821894855611,0.10414257216593538,0.27871199619500103,1.5927418891223293,0.008696906135948809,0.01576703758431824
425,1,0.006468346310679437,0.29080979783882505,0.02229123884414164,0.17776748927454525,4.854569665676834,0.035494287170906975,2.041045648222609,0.03038682646704095,6.670620615981685,0.7250028673948561,4.1260726357572235,0.6553616274406593,0.0026960357317439196,0.12328881223450466,0.047195310743718966,0.3128772240909908,1.5805689620381587,0.011773291668105637,0.0878353396701039
426,1,0.03068568433171778,0.2958702757501939,0.011384192523712424,0.1095471945500141,4.880238755982944,0.02377656398716235,2.038785563896581,0.05639630497910857,6.691856826612422,0.6763604347353374,4.103734318847984,0.7146314699752375,0.006074051405519257,0.11630016392328416,0.07723558051170262,0.35865770537495717,1.5145893148145353,0.009005547958343433,0.03905438065430242
427,1,0.012946179462832426,0.3569145751671261,0.014713732992404412,0.07378156308350758,4.83285996528497,0.013499471165704715,2.1103012866531587,0.03483029281494892,6.666611417364281,0.7526509675191057,4.067732547603655,0.6916676048968767,0.0009240185419222255,0.06837587417316424,0.15635451963014357,0.20101912785214132,1.538667800176737,0.02711456703275169,0.04064868873574388
428,1,0.007586919396814567,0.2948245021277434,0.03027042711175395,0.22573364173102123,4.85906899164158,0.05089269396778748,2.098403789329929,0.05447828870578902,6.624352675052215,0.7050247272045758,4.074033119598165,0.5507956109166745,0.009823609332435947,0.10986511958676971,0.18802940340760435,0.11180937290099224,1.4878289337580135,0.009322348822351967,0.06464344280721626
429,1,0.039587965914194556,0.2974862229663836,0.010039017637947232,0.20776381280058664,4.885716027312676,0.06503298719587894,2.1038663910602837,0.03378158437101204,6.701571839346165,0.7186749835336315,4.077991133648252,0.56603583247293,0.004331653692444863,0.04197019011391251,0.16221496217837345,0.09167281938116978,1.4740249420563873,0.011158087165620546,0.0017308927365745094
430,1,0.009460986957408721,0.36570940669375307,0.04443187228288018,0.16817804334338127,4.942809865106131,0.03183917379607818,2.1230893281228744,0.03022083378654254,6.744917415155439,0.7657070640598239,4.076316982713384,0.5617240188504931,0.007270178044718375,0.11333509742551555,0.1791967242025511,0.1140206452778292,1.444838323167333,0.0009015418319536715,0.05351139628530768
431,1,0.009199078441865523,0.4312516355256802,0.02942987959531469,0.21526333544359363,4.906825467345075,0.06594387290587138,2.1644873867477816,0.03224354438104795,6.753582854390367,0.7351277671137625,4.009817227203605,0.49138224123902313,0.003965962094634038,0.1185531786122792,0.18213625361150979,0.08879308223606298,1.4361062351973592,0.013743261219244162,0.03218106152610114
432,1,0.001768934817590353,0.42831939126752183,0.04440643910035792,0.18730410100311345,4.894607752399482,0.022187440567056117,2.146236545691946,0.023069017070386427,6.894778207328006,0.784511142359041,4.012254300820658,0.4337316517242387,0.00632531419999676,0.11678389892773645,0.1917284021967852,0.1294513131503882,1.4182663690226731,0.011636384843402356,0.033120014702216004
433,1,0.020990989056610027,0.46040516332390236,0.024953901018338366,0.22700840007726303,4.892693945871914,0.045532697831030526,2.0447585467800993,0.05975024035813362,6.8623951410562,0.8169636825565213,3.999867747369894,0.5155284768891613,0.00860344379782693,0.11430534594658309,0.15925425911672803,0.1572022519666822,1.3718012553917742,0.02299500639601552,0.015526225093099453
434,1,0.025468588964678372,0.4083311115274923,0.01947068769907904,0.1604862393475505,4.8412475825382355,0.02828508760180019,1.943589593131996,0.059875390140570695,6.857817578574751,0.7772372761210102,3.9685495923353393,0.4641224328830825,0.003693081672876069,0.14320235473125342,0.13594014586569833,0.11482342628139536,1.4188977941999177,0.008047065859670487,0.030788293379808346
435,1,0.03845483423925013,0.36404435917658834,0.006629602293110094,0.12409516086166837,4.878459638236873,0.048433327257016275,1.9532514993450978,0.031230905540496373,6.89624291408518,0.7540062484815725,3.962311559782973,0.4648224904523307,0.0032352123547157038,0.15119044889798294,0.11288014795677169,0.14359029196697115,1.4066457944187214,0.011682511369857188,0.016546987691394028
436,1,0.01616868944896752,0.40505945599402826,0.015424579771079363,0.09293127443419705,4.950609812873226,0.024778793853310423,1.9774919569261322,0.0643655777785568,6.9234255351334815,0.742858384719759,3.912566616724319,0.46163733010824587,0.007526886374195929,0.18109185354293192,0.13441366283969575,0.12905577049094288,1.5626234839168702,0.020843785951067624,0.03427277005978526
437,1,0.016869670032223325,0.44214123815013034,0.024315794018748556,0.13545285216496206,4.9453796175913975,0.02904687175456764,1.895926064728249,0.06846289894947416,6.987890075335744,0.7637847696423009,3.9497700557686404,0.46509040780476274,0.001874236621730444,0.09093772439610645,0.10794559898888052,0.0601947567010613,1.53377579168216,0.023502853979726027,0.020243768360430563
438,1,0.027731164172783606,0.44072456357539913,0.020719085627091117,0.12785794700908548,4.91892159575298,0.025629085274233184,1.9421077971140837,0.03251713279773936,6.999300951646213,0.8353246284394658,3.95304859603012,0.40882017523223524,0.00966813575069292,0.06683548204344471,0.13665251562449207,0.04459323795109585,1.4999010854597494,0.01506034011278966,0.013146564696271117
439,1,0.02977300157284352,0.4207780437280846,0.007105204727617267,0.0695401469410315,5.000588291985511,0.017972354850537584,1.9705684460252344,0.03219311082575428,6.970242722883861,0.7697731156045288,4.010677679396224,0.4201485757329782,0.00804713364508381,0.09786645332500837,0.13009495369454982,0.10644409167126825,1.5077011505863809,0.00969746209550603,0.03422031488206198
440,1,0.021169147495427445,0.41286076107730996,0.023844721056215934,0.030157635648543533,4.935450483134822,0.029443686943794636,1.9033540897713725,0.0596908821836877,6.874801271370307,0.7688337060406802,3.9738821995568436,0.3871810129361235,0.0046137540800137485,0.13024832114730267,0.11282640199330972,0.0393121104407171,1.523126088296021,0.005520600390059922,0.08123873056576182
441,1,0.01172167532771565,0.4297283247099985,0.002321695771259853,0.06482973866068295,4.978987979708673,0.032928475654887254,1.886055638354038,0.034258366474466895,6.840186490679589,0.7835324011783631,4.0047476931022885,0.4010291360839755,0.009664846010053576,0.10627450971812008,0.0551972621984959,0.08688162524330185,1.562443162495697,0.016880348403708802,0.06332087536313397
442,1,0.0039274463967271635,0.38263104574635654,0.02364999981767182,0.05820298949757424,4.947909274313589,0.04431819112972459,1.9246113633637962,0.06876546096529257,6.905315418353808,0.7407885297104967,3.916516713834863,0.4354170063990634,0.008370196440172789,0.13881639547307184,0.08776426239604539,0.08269806574443157,1.5467067527644107,0.015517456673374282,0.07265769707028978
443,1,0.0234642264655425,0.44989904414910775,0.015950945636898584,0.06387910101658686,4.935909732834846,0.01877343203820731,1.9269808906999772,0.03959770827231058,6.936601070857364,0.7234421003661683,3.8840001316062507,0.4730384859524022,0.001029226266117813,0.1392404252954366,0.0067238666538862275,0.10073505956837371,1.5915132224052622,0.011730126272465245,0.04445834337263247
444,1,0.029320593952653854,0.4814380999841953,0.015658147084596247,0.025141290320613057,4.904188075424366,0.030315503688554665,1.9791312740613092,0.06915395463289173,6.944183192379632,0.6844951206790552,3.8889456173577814,0.5211865029171104,0.0073071312385542195,0.109222121381826,0.08960250222258188,0.1272804655437043,1.6010568709232378,0.020704496272095734,0.027929594644451876
445,1,0.037363789005719086,0.43146335550102394,0.0034644022462855624,0.038363095286204865,4.925206641312111,0.04412904252293393,1.9570154948603753,0.038409665637844294,6.960627331938618,0.6495342351118356,3.8979800892319525,0.5472118702954126,0.0013655985736569908,0.13117393329883986,0.10520875484027799,0.14344938708398727,1.5635927865355304,0.013996575540012131,0.01364070778053615
446,1,0.03656972937133686,0.4578670545819524,0.009783350674001967,0.018881329567799896,4.922616869476527,0.018620318759807037,1.8583420609793408,0.055071424867599784,6.947541141163904,0.6429861322304539,3.8842292126868587,0.5709097900709552,0.006397455956183268,0.05220961248879816,0.15116829824854547,0.1516719452609518,1.5067347524145807,0.012214505496254932,0.01592937974144451
447,1,0.018143662431656046,0.4335559846097411,0.015898657417033044,0.05289731394383322,4.879997145313154,0.018698979934398723,1.8504720944043977,0.06830725321475568,6.940065387941646,0.6554007476833579,3.8713032766861013,0.5425882758574916,0.0022448992247704105,0.10527473719419161,0.15133905311027973,0.18634871965163827,1.5009632206086398,0.008750187612564228,0.0756546972626897
448,1,0.040973392336147905,0.388926740930925,0.0008179457685131472,0.07956819126695647,4.8048965403323,0.023505739301021508,1.8505756078816047,0.06335787440190105,6.89691874099773,0.5972027310126871,3.76957811478424,0.5103047406695875,0.004676329497481314,0.12749319770557202,0.16165881958392067,0.153421786367308,1.4743972543570039,0.0067137316810607075,0.032515412021239906
449,1,0.02550042976410181,0.4475225033289729,0.021795146869962423,0.10170358134503713,4.8556911649747825,0.0399168389041061,1.87047057826721,0.06883739886829614,6.940127925866134,0.6521837746476407,3.811267259040836,0.561073822281869,0.007606255972886928,0.1037298546271837,0.0939562642636534,0.12380468725104625,1.6030390822910783,0.009302351260761432,0.0428921983653308
450,1,0.009329730832078645,0.4518698095008383,0.031671149365679364,0.10758588962052903,4.82751647982923,0.018013334136114414,1.8420963784588638,0.04523981881642054,6.964939989888328,0.6516327688486644,3.828459435638162,0.5933315845571238,0.0007327078319865752,0.0535571186092676,0.07186736843937049,0.1663082020559629,1.7040450851383502,0.0063704576168930405,0.06994352319132588
451,1,0.026035477281555922,0.43108168452193957,0.04216018194580101,0.10162712993059318,4.83542852453677,0.0583470999510447,1.9286662713540275,0.05819295222235457,6.975319435477243,0.6263706554954356,3.778520883749452,0.6019096458906906,0.005530227559317532,0.14743933639023485,0.042912367478742074,0.17955159675672971,1.6497230001342638,0.008863349789170196,0.013060807956066492
452,1,0.010035043229611617,0.49439571809241145,0.0336023121761378,0.14176523597861457,4.786779321348233,0.06438141181676364,1.8376680878331184,0.039874614173248744,6.968615047581651,0.5900860919057215,3.7983999962183925,0.5653293789784153,0.0062304475119221835,0.1688089332096472,0.04258926919715867,0.14591422358635445,1.6399849264995179,0.011219275776664761,0.03758663021741254
453,1,0.019099575578857494,0.4291901005435637,0.016294251839087018,0.22523427808607913,4.801648018719768,0.01657489492152108,1.8672303382061186,0.046505928245353816,6.987387375736014,0.5999474578751802,3.827472597428502,0.6244551543208138,0.001191483428313986,0.17509645628300366,0.1114624572887284,0.14631968471690973,1.562290679655601,0.013827635316190065,0.04214619435543558
454,1,0.026358749735542066,0.45000693531481545,0.03518139246894331,0.20096203005599264,4.86188760344013,0.04322813652998021,1.8674828425660102,0.02914682850469016,6.902962748700299,0.6144041637347404,3.8511554754014505,0.6586427147738263,0.003216326507910768,0.1642976370046176,0.11889112873722975,0.11136603203829594,1.5313718148274924,0.01076799016760662,0.01463873283929444
455,1,0.017337213250565614,0.4908358772685081,0.03187318146006149,0.1764781456594917,4.889488849261224,0.03944954986626445,1.8574666215270392,0.011872789281918416,6.9327206121694385,0.5814180749233502,3.8186096330725343,0.7331835536434247,0.003618569070648415,0.16365484614503012,0.09012918169684064,0.11670999369965562,1.472191976894023,0.017064906747153163,0.02701844272075099
456,1,0.03218065725217121,0.4087451528995326,0.03711350150377751,0.20984164597406882,4.993737953580983,0.02150355300419206,1.8724085180132575,0.06708606713196595,6.882768492369231,0.5809610613575598,3.8132892342167466,0.7488887622037912,0.00556565561382434,0.16468734890637307,0.1303846271753983,0.15408337952397164,1.4466516191851504,0.0013348574123706373,0.049762082789299604
457,1,0.0341900342036227,0.3808639006613791,0.02545596824330706,0.24386994679508456,5.019730786187504,0.03387036507200856,1.9547824399763178,0.06844068572849363,6.903898125726188,0.5014818429044046,3.8544083640811353,0.6738840230552084,0.0018044640768271104,0.12520555533968825,0.10643059653787781,0.1283704607519442,1.4017034667953459,0.01891972409462555,0.007827858660880446
458,1,0.03028608448648742,0.3954401643672192,0.01787188180935702,0.302493089549125,5.061833924666829,0.02663328405833534,1.8630855948449594,0.06075829831894242,6.930263617840857,0.4775795700594627,3.862019748542092,0.7373839246861289,0.00926450567605961,0.027946532413509632,0.10008315036785692,0.12230768453423779,1.4625191927616426,0.02382670292334484,0.005468736205866108
459,1,0.011099712813104389,0.36345456017507394,0.009410641992904686,0.3044415531529356,4.997228994389003,0.03955821963767858,1.8050252249152325,0.036556139361904785,6.99514110129484,0.46590154921687676,3.809479877329867,0.7076391956238527,0.0066748009872735796,0.07517619383292157,0.15770828825322836,0.09970472659047415,1.4739395109572748,0.036345921838915385,0.025414714606660803
460,1,0.03456095967261896,0.4112265790220249,0.014208324387239752,0.24404989566219923,5.048725576150234,0.022004148135509126,1.7306145718374304,0.03754798271461614,6.984287514401385,0.4223730542716443,3.864183180030242,0.770819075850235,0.008073429030455916,0.034268137032842864,0.11076431893022246,0.007560554545701568,1.4208365946486323,0.014902431840837307,0.004651920795131631
461,1,0.030719365493326413,0.36447816847384346,0.038684725316302494,0.27230774818895753,4.978715477563355,0.05684089675974696,1.7536915156812227,0.06920881572236541,6.99696274376379,0.4390638402592312,3.815694565420586,0.8491400995287838,0.0027590289418688014,0.0992367731119562,0.1416622990447477,0.003215843860101109,1.4087771077575442,0.0006989491022926688,0.028397964743598847
462,1,0.04010708618572248,0.2675237711069308,0.0005443326685228282,0.2920430865803417,4.941591165217642,0.04400259863047969,1.8170541403371945,0.06055174396705771,6.88150786971195,0.42539966608128466,3.789718098977314,0.7987902377799111,0.005522308006897026,0.057243566568069094,0.17449431391512568,0.016152943384378934,1.3713600553529466,0.011351168601148287,0.013489649718523983
463,1,0.02452169106302713,0.32696220726690534,0.007379593221890869,0.17452125335047808,4.816447308844098,0.023085030994042483,1.9146257767160515,0.04426659575033773,6.8774706396178615,0.42052836616184663,3.7788974250985783,0.7446320255953104,0.00755050876959936,0.12706149979991702,0.15460049791738076,0.024555504663154683,1.3673120211147487,0.008745966713950906,0.06639882788342825
464,1,0.03257047817155135,0.3894820284911985,0.038029841571799484,0.11638593820262186,4.8420545505261865,0.024337281902474993,1.963578544070828,0.04306133222944396,6.892311005651209,0.3869269600066906,3.909771247367868,0.7049537932626204,0.003570487695110368,0.13287678793716598,0.12047320675003902,0.04898399389462838,1.3451325168610986,0.011379617588304951,0.00333235034016584
465,1,0.036939974195088134,0.3859256984525273,0.0021156622298780176,0.07911616290924621,4.863861970503046,0.055943293816875544,2.0041730009244247,0.04130337110700104,6.960878842972726,0.3820598627782972,3.9291755456964235,0.7347823127510781,0.005121134117117513,0.10156226862402079,0.1310360910623436,0.06926201668671737,1.367886793583018,0.03273538483066108,0.002429361143392385
466,1,0.02959816632067394,0.4381947891863459,0.029708702116166337,0.09651292608988381,4.907603062244293,0.07248817745437487,2.0772654889142,0.03456137037811629,6.928045934420894,0.3959218926921317,3.8979365056673174,0.6500833059630574,0.006028967169846463,0.15931314493438234,0.19914768850365563,0.03380638270639344,1.367511991927171,0.007031703830999181,0.02272584700857145
467,1,0.013552342109219797,0.4706164415841375,0.049327969232780565,0.13964121966320062,4.9229649712297086,0.08237215587421177,1.982967149939859,0.06647479817723168,6.950961510797313,0.4202093794624199,3.9034867437482736,0.58674388269453,0.007715199839520783,0.13776609584225505,0.1945418235529603,0.1309038736039505,1.439601239418451,0.0051094468433906075,0.02000031426525004
468,1,0.016943705770671093,0.4823297350687396,0.027789942321436854,0.1695516266028624,4.942184894750661,0.02837098043866223,1.9509091436807757,0.05522361004951136,6.900126102641746,0.5275419908809998,3.955136493825594,0.5675221791529523,0.009773199193401676,0.040289700373413936,0.1216204825876247,0.1558420736874747,1.5121896105090018,0.007760651318974769,0.061807144279903865
469,1,0.01175774676555394,0.4211739335229669,0.011490594405786217,0.1714793565662638,4.985582599096011,0.04519334599303992,1.9213639472547444,0.036770711093076607,6.866115280476005,0.5157504700062875,3.8564541648450192,0.5611419884272899,0.0069223158422729615,0.033946063372561876,0.10433923514917667,0.1259101098663362,1.5638598402567214,0.022729663038734825,0.041571500898161994
470,1,0.008491782488750188,0.40842234124704346,0.00676290749508833,0.15923667956105494,4.999567168812035,0.031209467229309604,1.9924871199059888,0.018749809501908278,6.8948329606712,0.48835633269247575,3.90630203106348,0.5887577230956964,0.004142101566920281,0.1047467074058339,0.12845341413342246,0.10646321226850179,1.4307031328123927,0.030540059289097612,0.045479133993341775
471,1,0.021798121598689307,0.42176081567950313,0.024259609353520485,0.21128710011155827,5.007479618443986,0.030822588795497746,2.008598847778021,0.039871332889334345,6.994617759716463,0.5186427509238244,3.8733768749569455,0.6066060537825265,0.0023767605110870268,0.11505091280301699,0.1429449703807643,0.10908512781480356,1.4808776245048978,0.00818624151583556,0.05429427012843248
472,1,0.0005121497680243124,0.40153755041564054,0.026209936078522532,0.19000699977460758,5.044169638653371,0.0409888035109397,2.030647142200467,0.061179339360131604,6.996304252839833,0.4831565156814472,3.8498325684539116,0.5967429875196435,0.005512048837960413,0.1759091217168234,0.13329055335833934,0.13646933992461696,1.5146604009767708,0.013390705032696208,0.08254563004805347
473,1,0.0076580364252852775,0.4064170857832448,0.028268843082279674,0.17898509783117383,5.024640675144712,0.04003970319790157,2.0409998604436703,0.04772968777156169,6.94537670904892,0.5287241127050397,3.9569398020658206,0.5479248118633014,0.0038741682292647303,0.1622673809109522,0.01266561567088658,0.14338407733765723,1.499399496664621,0.017881891702455074,0.04508489346623422
474,1,0.008816298150704486,0.3321359649141095,0.005668410199454015,0.1531282042281377,4.986824421360037,0.03173122136906373,2.0573679927641138,0.027311932483185135,6.9824555611770736,0.5804257318497861,3.9130354150342153,0.46205739912160554,0.0013654969827025059,0.18861084303768222,0.019430187957110923,0.10663389638116076,1.5170754000509863,0.03342129659022868,0.03650138315573882
475,1,0.022019715030340566,0.29703865820375214,0.007246210645521893,0.25885979459026676,5.011868500007496,0.0499944550649058,2.0369530753634115,0.01652371644755966,6.951913411044183,0.4883068033935696,3.896374420719297,0.4753640636937274,0.00332701677454506,0.191588884509082,0.0443259530022957,0.13152595570343148,1.5275801366075068,0.022964293526083396,0.04077129929129099
476,1,0.02154686376637924,0.30895995986559177,0.04335919878821487,0.27619483257970145,5.021831337927819,0.030549415878622962,2.1330223149406424,0.022265856471869645,6.922706922696179,0.5509286461083256,3.901591797972693,0.5055336213684603,0.001331687684983303,0.19710594495250972,0.08511279091747066,0.16341246518446154,1.4614833219106709,0.007732417868323867,0.02934336167863688
477,1,0.013279744934961276,0.36771805756031706,0.013087349425230314,0.2665694176111416,5.005447736956869,0.053048639261018944,2.1624569375966605,0.05498882393832555,6.882455659863432,0.5041583834869272,3.870106690158514,0.5436742621570458,0.008961107087856654,0.13808663400026863,0.07755194854057995,0.17869371281057578,1.4509680538459615,0.024630978850649014,0.03863675844532554
478,1,0.028019000953109146,0.36929809864798246,0.008817823450020943,0.2508200538917662,5.025692344297307,0.04168028596678637,2.1034820557436404,0.02340491871277726,6.856914835893688,0.5350639687479415,3.9375795166075145,0.6484610932909561,0.0033473132158316236,0.1197432054216205,0.05680100819392248,0.2642345273122419,1.4232253833572013,0.0373047482757722,0.009421518790540541
479,1,0.04403931636610062,0.2958831633734513,0.011669568457198964,0.2799859075374093,5.050993197358417,0.03794969425289495,2.1169191015345676,0.06179132496867283,6.879193852407241,0.5400200337434109,3.952016462079819,0.6954212742865037,0.002865620572330004,0.14542975271935604,0.024388401069489966,0.39447926379698195,1.3275855327954598,0.02049479237275982,0.002158879746988132
480,1,0.03516633717730865,0.28447043864584043,0.02141530977324969,0.33151694566148643,5.0486477600642035,0.04759853712948552,2.0247970388699175,0.017013415124251013,6.837281768185782,0.56704940187096,3.884205453736794,0.7969429991615743,0.002294993438157952,0.10647515762720385,0.04187343275860061,0.3834460350158024,1.3126720885932972,0.03230945838887767,0.0011497561980103636
481,1,0.001959989681564913,0.2506210320113841,0.005462859233406757,0.3316305099660409,5.019710839665892,0.03794105423864771,2.052358028263715,0.0489079271730145,6.8693647161192395,0.5554889541428468,3.941856779664791,0.7817362492605809,0.0026879650147856194,0.08334468520163141,0.0313924665649541,0.27537768490517034,1.2530251694245864,0.059501385952730676,0.025188617231665045
482,1,0.01626973595330996,0.33685569541304633,0.027551380227688344,0.24360356911755435,5.008079723252052,0.04538242080036412,2.0290429892851294,0.03736300865475009,6.844963705495005,0.5241766395664784,3.874809232708389,0.7937950431682702,0.0032537860092520885,0.056418615619001654,0.019492512845542247,0.2994655775977078,1.210642335754854,0.01197245625319961,0.05221073745696707
483,1,0.0009357731404509329,0.30018109529134024,0.01797697723796792,0.25202207488788714,4.959851023550665,0.03121430325866718,2.0023342123345076,0.014670038419414182,6.880451417178031,0.5475518890509955,3.864681757438432,0.8353872925066091,0.004109541047784794,0.053657793875467666,0.07749260980876489,0.2496763945132623,1.126061122819484,0.013698307236841326,0.09108813246172576
484,1,0.010417389626174021,0.38658703411690076,0.0066762897227972025,0.23709596666631458,4.929846731475776,0.05321913811180954,2.0342150621262487,0.02051974740879883,6.954239736181939,0.6268052537501414,3.8504667662046614,0.8378598431184118,0.006597480957579994,0.12036635739999786,0.11043953918043631,0.24787550338062495,1.1870806008003576,0.01959219433544347,0.07388643025720293
485,1,0.030157847442401332,0.4373925176646494,0.0002124602070980395,0.2829542492177198,4.948006562787406,0.018691219595528545,2.0857041441786457,0.037553036901992874,6.901592704482708,0.5596732561584137,3.8480825297384706,0.9422999281163466,0.009156079529086602,0.12461466118769253,0.08745616649710701,0.22328364590282623,1.2153975200547709,0.02300476374777917,0.031401865580179794
486,1,0.021434560929958258,0.355873450232524,0.032824611139967,0.32013729886092124,4.9205618839731615,0.03952451703341005,2.0924455438974228,0.041251589316561206,6.914710883228004,0.6194762099420297,3.7690192357326207,0.9244079640812407,0.0003660122327980161,0.17002632930472472,0.0918655000489086,0.22725969147229735,1.2322004812916427,0.009689322489764859,0.02745021865854079
487,1,0.022211490398493745,0.27828714890656236,0.037837124636980135,0.3924005131852356,4.884047468341023,0.05427652197716716,2.0298146399392576,0.01168036447452052,6.872731942681927,0.5450728437058067,3.7502154913346066,0.988791210167671,0.004301955387383074,0.10860578577250492,0.07723489315495773,0.2961984538802581,1.1713198136162475,0.0037861541710210557,0.05583357825093726
488,1,0.008244263253183039,0.2989327749518761,0.033903031309786044,0.38625311253690015,4.861323575155006,0.0493240928456955,2.0463389857359937,0.023638811315185727,6.8357127057762685,0.5412578085394955,3.7378117669028383,0.92402851438456,0.009550425063890516,0.1315347470289237,0.08138753246221325,0.4152315910417061,1.1013787059836455,0.015275273710249547,0.05126017729602462
489,1,0.028359993404162176,0.24592308035052388,0.0372010476319678,0.4237665954858136,4.848181720879212,0.030397836577201763,2.102529128090222,0.05788336046570186,6.803111100832931,0.5946687846063866,3.736401306124124,0.984596959965526,0.007288123579542013,0.1225500663973622,0.0892532106779854,0.44340259535014664,1.1530205493908245,0.00829667782798391,0.029802520563207972
490,1,0.01749979410870828,0.30402017025116157,0.011519642305634141,0.45934061402376125,4.828194658705254,0.04689370098104368,2.103001570301919,0.05820982253864067,6.812960530311888,0.7084116804872777,3.5735448764016495,0.9804817009972958,0.0037538364650742022,0.17259489100210254,0.13074943319963803,0.40643035696211927,1.1631355060368929,0.03928298876936358,0.02038415439495685
491,1,0.022724535709158805,0.3418445548975611,0.03784464345962686,0.4225669781513802,4.7827936791064,0.04624873887968033,2.0845968730807196,0.03633376389316179,6.863583304597662,0.6964306781588513,3.5702843522799044,0.9626434696653114,0.00019194961598485366,0.1356348501734988,0.17023061016844546,0.35099910875945894,1.2334462915235198,0.008191494515590321,0.04056331935207515
492,1,0.019958470789109613,0.42909092304228813,0.02255130835133902,0.480327814349396,4.769027468318661,0.04143513220525966,2.0756516183879685,0.031387121640266614,6.8917797764695505,0.6690735986010845,3.523480665820576,0.9163621705239099,0.0018658420353727017,0.08645728395519349,0.16393151755219396,0.37257596725164516,1.202148306220168,0.012274747406363355,0.04383820674078801
493,1,0.017701364261321486,0.4925766341788973,0.04025135838102477,0.48249312305649683,4.819792442374089,0.030399930187053403,2.044915683360348,0.03184000545630935,6.884574834703846,0.624516203234322,3.546043803793279,0.8790738291720507,0.007503734449243784,0.1541938010806266,0.19740987589755354,0.33086805921797546,1.147627574835299,0.001124768996630999,0.07062110151979681
494,1,0.0015725082662136109,0.46455083066210023,0.045862117172764505,0.461595692491292,4.836586926807713,0.04895425328997154,2.0190574306633637,0.03123585512644993,6.996894510677806,0.5610153786096315,3.4671675517632994,0.8470270237154868,0.009001362736784256,0.13918376078190117,0.10236648942139599,0.3505616752624138,1.177026729634479,0.004667505839306796,0.05001900688982817
495,1,0.03564936122881522,0.42657782366303093,0.03141830115790502,0.4879002514583604,4.847382785254406,0.06988532464066394,2.0750191342493656,0.037541547629603975,6.94633586296036,0.5616105262584605,3.589348323164962,0.9912663198205439,0.005995459791050403,0.08856244068325712,0.06734872584603041,0.35488360610249303,1.145744341331394,0.0031874028222741778,0.019510443534786853
496,1,0.03787659735248536,0.31598275389357744,0.0007755970364916221,0.4490589504294397,4.8189950694526935,0.04957280417720103,2.0290576567134146,0.022885069404419117,6.877780728638464,0.5166177711548555,3.597827752172226,0.9310298841856361,0.004108765254388742,0.09848520731304955,0.034352885005844915,0.3569803833613031,1.0272187518274176,0.015203134941238946,0.019699147888403837
497,1,0.02894867639376886,0.3164407570601211,0.013726085599235337,0.4139889540844348,4.864243447334493,0.06732115362681806,2.0253002212519897,0.05334810850090534,6.951353885825683,0.5029650965227302,3.625042731135612,0.9167056244224565,0.00932837409713727,0.14111159010181573,0.14166802899559966,0.3598921682607997,1.0237441237443308,0.047036531287662116,0.004140899855771789
498,1,0.010973726219602877,0.3597968880996376,0.024321230796877986,0.3662843586110821,4.948828599683455,0.02392370965449687,2.0005407286710772,0.06868170971274871,6.838574625883739,0.4493915169309271,3.6396614520264925,0.8592433741293568,0.006340342354846045,0.13899845826274987,0.13905247506721055,0.3320399466258158,1.1064315467846753,0.009855322821421441,0.07855498858374432
499,1,0.017971112972826813,0.35274878877505705,0.035268551293540236,0.30515307445532464,4.952312648742537,0.018901180884951664,2.062373599775911,0.054043672111673234,6.833851729891779,0.44251941713277204,3.5455711137063313,0.7864202752204498,0.0017248522175406155,0.17955610571684483,0.10857575832795338,0.32715350663306997,1.07721643506597,0.006976327228493887,0.07092079482807055
500,1,0.018985959093845425,0.34703826332814275,0.045561134775106205,0.2919745890950149,4.920216224217866,0.06112619339043528,2.0625435862577266,0.04600439225066874,6.792530443199096,0.5195344879173958,3.56732765125021,0.773594097047467,0.0036217599463651577,0.1250330118093639,0.05907175798459297,0.3724398773284056,1.0157810584834064,0.0007276998091505305,0.08089874595701664
501,1,0.007840981474149742,0.3752091937476326,0.029059954399470917,0.2891631252788335,4.899966477027121,0.038252751669500575,2.2007635759593267,0.006834218786910787,6.881088272846327,0.46572099791310695,3.627572959847887,0.71595574099048,0.0018931058105002342,0.014317396398614846,0.08826642395328159,0.3857380947509129,1.0490799948160379,0.016681346787691533,0.06122456476623727
502,1,0.003379654924075859,0.435342358875477,0.0049833352479395155,0.35179260201651225,4.861033656072866,0.033596160038713074,2.2004372615924366,0.016335122164695653,6.944794476050687,0.5068107978455234,3.639829835805319,0.717750938632688,0.008957960229821515,0.023029502848735832,0.12051873179694253,0.4255416490038712,1.0930931344758745,0.02531099950145061,0.07275763187874146
503,1,0.0018938089350452687,0.4399866373330471,0.038009828521536414,0.3317042828838438,4.751001928102974,0.030998287989251787,2.242664381475213,0.020795435867116647,6.936550864182358,0.4968655298686413,3.6974668167994467,0.7183926032644095,0.003484851330920485,0.05598120122635748,0.03231915838514958,0.5379901173970201,1.07597446588938,0.006272641334281845,0.06119648374036394
504,1,0.0140630426061428,0.4679028054478832,0.008098771251725447,0.3130943988529303,4.831658591568329,0.028362294433332894,2.255077127392098,0.03094278959820992,6.918084937617488,0.49404718566204275,3.6296682813818677,0.6335294055502008,0.0007876855610158766,0.12399574448584422,0.04146417708291889,0.5503869455482107,1.0769619728653488,0.02214931146556736,0.04080882368314554
505,1,0.003287779274443812,0.4642840969424228,0.035922491894380716,0.3617950982935049,4.811121707754601,0.05374732898301147,2.3467965400736714,0.02436870899006993,6.794399486362812,0.4233653558895376,3.6908469592586353,0.5472045874756697,0.002586696959236551,0.1534683853259966,0.11956857887435828,0.49916563649959234,1.0819290436352642,0.01186342118622544,0.03450331256648336
506,1,0.011344795048229986,0.44512927057633955,0.0006045297326475513,0.3883462773600906,4.828906832526011,0.022964221820750957,2.4132209516130554,0.04505385219121944,6.800889505644742,0.5122853163676515,3.607265528081844,0.5154254622570137,0.006495254015537345,0.19678719174573522,0.09822123431096767,0.44873001483000957,0.9816892462029361,0.034857646706534635,0.04609845085331547
507,1,0.01761557509263805,0.46504254905332304,0.011102399619315532,0.42264157941742514,4.823313588942975,0.03157451927146154,2.3192536098417165,0.036876454503953396,6.795449858549746,0.48259692801785453,3.492529782319139,0.5676153751110076,0.007848971450422255,0.09910012235558652,0.1737838938982073,0.4370582666099432,1.0531129166891031,0.00965766269466133,0.09532756285006416
508,1,0.026034994207354722,0.4685443935130249,0.011594077275478966,0.4425395392302312,4.817836606512361,0.043594730372359954,2.247305114143658,0.05089713952040963,6.8211351581227735,0.4297520437163545,3.5078218377401185,0.5749130989295899,0.00857753472903743,0.03066784676095838,0.11680888643668465,0.4175773448968158,1.079011934577163,0.013078714633187348,0.04105854211254931
509,1,0.04216218403845289,0.3705395633531845,0.0016119309195386086,0.49115677457543416,4.802157618856278,0.019348515419263322,2.1939934803676007,0.025218794785735285,6.848043691215904,0.44733456296717133,3.527579884795565,0.519432587667706,0.0017569878165707437,0.03814711297572241,0.14133206025833767,0.4044800007249771,1.0795918350798726,0.008585559302837921,0.017681674788728532
510,1,0.025125318392915732,0.38894686671129486,0.04480333474853529,0.48863190718270233,4.773963643545887,0.051546141408021204,2.2436515570133166,0.04297698609329533,6.814740909086476,0.42608858828166407,3.5792949757433434,0.606950984785849,0.0031018932837448988,0.09820529663642626,0.16191552078241023,0.44098151731515994,0.9674583549663045,0.002653855654239314,0.018857933076834064
511,1,0.024273614843306087,0.39097411423354117,0.012795550992902442,0.4564824956107122,4.775765750222851,0.02642196829960682,2.2944313662314313,0.044808621971386936,6.874019180712518,0.4403152692747279,3.557076032286942,0.5077790235658493,0.0021432254227627986,0.010320514387233979,0.175638008283089,0.3854932039263406,0.9436903362542979,0.027133516633667414,0.01742313444206626
512,1,0.02791788353378998,0.3497215704295824,0.02519663037887333,0.46262832291013906,4.730577183078828,0.020822394615180668,2.2975370584464243,0.0434433349502561,6.8329951384851055,0.4282481961364368,3.541690458767691,0.5154995590728768,0.0013202919726681246,0.07221769435914349,0.1830953539243572,0.3673318197972033,0.9486582645589798,0.01567483254007792,0.015947544817650424
513,1,0.011221211527753567,0.34532832762770693,0.004849662010097132,0.46811048627731633,4.721279284499324,0.03908654176242669,2.327386805699812,0.040006244223832574,6.878843136793158,0.41539018500065245,3.5273005857987676,0.5028323835183104,0.0019398839457863437,0.08708679045705103,0.18187776052934396,0.3602225944689408,0.9586429047497333,0.047235801860425156,0.020807532317073992
514,1,0.02956629046586439,0.29996886581613696,0.009418964437565012,0.47042582182138143,4.720514305716751,0.03419565392195839,2.2394548778946675,0.036603579295977816,6.889745213200311,0.3785964506941911,3.4761422934023725,0.47463840594746354,0.0037576001372049027,0.11305685770821032,0.15867386130728423,0.36109818727742227,0.9700497426878653,0.04129708761172265,0.009387424489968238
515,1,0.017855855639858653,0.2839001180156974,0.0072645333972650855,0.496734132158145,4.612728896901094,0.054690376272140705,2.2261936296582023,0.03951867824720084,6.833799353058726,0.34559737433866017,3.42907567583613,0.5706369367273431,0.004559936990068082,0.1252181132623839,0.09298255860710815,0.42438441651786735,1.0667625781645278,0.02097394669337722,0.0530481364869144
516,1,0.018821304902948484,0.3114885907107659,0.04129218205699665,0.464428388310664,4.609809636473002,0.033422101944898204,2.1708115003047164,0.020195046950643183,6.882136490490555,0.381224569621025,3.4028809689038297,0.5978052346821859,0.008118941883878364,0.09013700195014311,0.023842060338028413,0.34909761141713636,1.0777989701136474,0.005344440045574069,0.045644691719481024
517,1,0.02079635578145756,0.41896864472809114,0.016233084549872018,0.4397925084766926,4.602959799554706,0.025096046656708094,2.1601897100653504,0.0239209126370454,6.992575346816646,0.38717801184735345,3.4035765831135856,0.4940609184716257,0.005189545124943119,0.0476871462670867,0.0137901262610073,0.37452128508623145,1.1614523382920947,0.011036038883720263,0.07320919993293502
518,1,0.03363897382090657,0.4102036311293592,0.0009440673285393405,0.45649791788365024,4.631929980142559,0.0597686564197149,2.142270129029605,0.04096271725782426,6.955596320916964,0.3500437335466382,3.3510740725687858,0.5108857441529938,0.007339622975173849,0.0509248149143286,0.03348859588656718,0.42084949101700164,1.0931880922988442,0.007814569738175941,0.057294309919183654
519,1,0.017046467897836162,0.4134989905687669,0.009660578298005209,0.41853803218602237,4.611204440221966,0.08795702641272253,2.2018303117112343,0.0378743713824772,6.843157775042802,0.31569850856671516,3.276851226469774,0.47788781980778916,0.009502680344468006,0.10545991780821572,0.1170609235847032,0.3369937277070664,1.1470684159212958,0.011217315404723002,0.06675551344569053
520,1,0.04216855931125749,0.44580185812831574,0.0019436768904359289,0.3833826188293756,4.668633177363099,0.03774618360092058,2.2627554310281717,0.020783967163220268,6.796262996202987,0.27682202771674375,3.301974669658685,0.4917806427959905,0.009034442176769377,0.03743962090382053,0.09453010364030849,0.3686757514014043,1.0891801032202373,0.015470712885181663,0.005089007581510681
521,1,0.023222436113428103,0.4565349595820636,0.039950068884945664,0.4051575813882539,4.60473140444805,0.02290797442419975,2.1997925608808226,0.04790707129708025,6.743727119990021,0.2820339183797861,3.3703835967955174,0.5017595886623477,0.003950234929407637,0.08496445799610455,0.142595199405199,0.24261793998026615,1.0609598499595283,0.00405227056237276,0.030462061746200423
522,1,0.02244345843260116,0.47913640031619964,0.02216487012941057,0.35530143983094653,4.604720109606052,0.01508376459560313,2.1926323287230955,0.037875898427235356,6.780604814900453,0.33961743468558087,3.445399043552322,0.469616113454634,0.0026750740258219803,0.06533110155858367,0.15380277273883786,0.27061799768629613,1.0141771674225053,0.01131150309861617,0.033608168706347794
523,1,0.038050150743634145,0.4124685311050766,0.001403347925906258,0.2929750809143122,4.519081284534751,0.0472869442787751,2.092905039709374,0.05650282959984475,6.64758113160857,0.28340976011266966,3.422919772052277,0.4621664506052018,0.006079067460990638,0.18396036743668467,0.1390441983412136,0.32626113412286695,1.0123724079189869,0.018818277533174513,0.0146785082478757
524,1,0.016187507993100828,0.33386505900234553,0.029396578377652922,0.3160266650473818,4.5406534992313645,0.03411098787113366,2.063880840944556,0.06572973980101371,6.599152689145176,0.3091174927241465,3.3596029758128365,0.39542453632959706,0.006011580639463015,0.1382839669319535,0.130456887795785,0.3060270561868429,0.9073043751011708,0.019531898966617944,0.02932944639116268
525,1,0.00871671655862659,0.24642609574659996,0.011894009603320144,0.4391394782520076,4.516395894987803,0.053368691746109566,2.0855048924300923,0.05818243949489599,6.65529517673639,0.37478501811949755,3.4196874705157003,0.43563443348648795,0.000419773749599932,0.18203614134350654,0.055238717627528015,0.35992824705201815,0.9519435675822516,0.02258218123495039,0.056987860233680306
526,1,0.03301429383120821,0.2825286688442112,0.022244429332578766,0.3805713342769901,4.4248287286208035,0.05863553262240792,2.0301433117543404,0.05035819276174964,6.604275036429006,0.3627278090418985,3.341577979005272,0.4566038909096769,0.008503447859707738,0.14327078854630174,0.032635172344050466,0.3646332301702762,0.8775411751822927,0.008119299885153572,0.042421432095257956
527,1,0.0141671115566594,0.3580052973526255,0.024738766703328,0.38875518663648667,4.497307325212357,0.05408737543767267,2.0374574750248557,0.026954262253580254,6.680085963270244,0.3682836089275129,3.3932664941607547,0.5090948587408086,0.004587895701529056,0.15585577492181701,0.045951523928239556,0.4256702726069199,0.9294794254757281,0.01583187223908281,0.031910651146747564
528,1,0.035955421549052326,0.37096110893238704,0.025389439858060518,0.44053321467274936,4.528288317384854,0.030296712393834784,2.0152708132810857,0.051803364456841236,6.665835661518295,0.42832400976523144,3.3427759308751934,0.5477436800630455,0.007478370032772774,0.10127892835131944,0.09018497284073548,0.47285124687494484,0.9442824775111504,0.0055934458771180725,0.019533069439472688
529,1,0.004550216659759304,0.3312653794615624,0.012027981190436797,0.4631801197225986,4.438081818496247,0.024169415048793667,2.086670653821374,0.035266977186064564,6.637838777765012,0.363284280228949,3.3081759608764414,0.5149919346156121,0.002812403927073995,0.12843082297329297,0.0765478457945764,0.48482238436731195,0.9428568843099779,0.016170677935014123,0.07023382573923542
530,1,0.013089104199626903,0.385700672991291,0.012137687146563374,0.491922385095421,4.435621868426296,0.03921242442059386,1.9844752377891983,0.0417200256514349,6.6271693486978345,0.29588134469854344,3.3353699271782506,0.5158101888321005,0.004549188225195837,0.09417303386453245,0.045788260397364076,0.5382418406551139,0.917151055803819,0.04021550068186777,0.027950372275629146
531,1,0.02994905394845022,0.38644901931390496,0.0038202586444953538,0.4738219653827204,4.438916162273796,0.022855155468596573,1.9108481494137812,0.011020821695683783,6.618181250580056,0.3378800623525448,3.3529242323256465,0.47074295862754006,0.00847733467746814,0.013068809206433734,0.09208925652981154,0.5746564202806557,0.9768298457551238,0.038667949933147365,0.009339740727592279
532,1,0.009606372298153979,0.4250820884811832,0.008810942386598969,0.44087164243236515,4.33636087702089,0.03755118542109019,1.9080551189142154,0.023775268063035294,6.555504401533009,0.28157967293244474,3.405571896681027,0.41201273430224045,0.003230554413468977,0.00691819609893774,0.17275800227592641,0.5444554263138254,1.0282344198402047,0.020386452782936073,0.05904264923467059
533,1,0.014273187470111961,0.4311565411589062,0.02325550945242757,0.4994739299618241,4.424565531231048,0.018597952647712995,1.808517457119639,0.03418411033933093,6.573703616598217,0.25715698907667794,3.483379393897789,0.43315434706862826,0.0012435707693208094,0.017308048032661727,0.1343734195972038,0.5915959768807648,1.0259858959124148,0.01674464631851429,0.0326154295280683
534,1,0.027870365712789277,0.3707298376261965,0.02264433902014871,0.4754866368617157,4.427117979971664,0.03349052439541409,1.719198753148229,0.005654671466534912,6.542308419038914,0.29672679879571523,3.4989390536117795,0.39877765325319736,0.004187910010722708,0.047972041104203965,0.047333773591520516,0.6126895806628114,1.0429815649679945,0.015570194927030118,0.01829168922758645
535,1,0.03573488099017979,0.2895414585961095,0.016525895667437777,0.39729322893939756,4.401297818631598,0.037860721782014745,1.6677529509686055,0.016122918703279525,6.553346168551757,0.29119812423533326,3.540336885088886,0.44176941196001823,0.005987712436334615,0.044605844725189345,0.05815061267352045,0.5543435299372834,1.0558323438024004,0.009168945006025522,0.032912594662169184
536,1,0.016459899237273177,0.28741377079726677,0.008641695224262497,0.3720725791654049,4.421622307684971,0.02526271482697026,1.6496475243652433,0.032952781189528824,6.592586792430583,0.28939651170802727,3.6695894617248266,0.44452133948271266,0.009927311307182028,0.012464745413042468,0.014939218984800688,0.5195435697879781,1.0189635562268786,0.010073478250228364,0.06818734473290186
537,1,0.021758653030147786,0.26585570465869185,0.009709935988731521,0.338941406218912,4.51944817787374,0.020324009138331184,1.6323167650143733,0.013772131221668517,6.576336600626794,0.20722669061247656,3.683617473658683,0.37974894041488894,0.007975879066101308,0.015933951028547853,0.011818721009137115,0.4333026635364612,0.984819601097521,0.029988391261044668,0.029715539568277608
538,1,0.02217986653103899,0.2818078769802803,0.0017940871243997214,0.38944517530449335,4.53463900646322,0.016909925712689823,1.5980497133336296,0.040471639751917685,6.612110127562079,0.280339789946425,3.6804972718776123,0.28939239800628114,0.0034457324796200272,0.02527697022054222,0.03669815447310978,0.4404168277584422,0.9510944183177624,0.03603238798876621,0.02042276535833624
539,1,0.0206783037772994,0.24503155404657928,0.03025821062369191,0.4102306652605185,4.5694110410637165,0.013198617706355185,1.5699726226309634,0.05356084703366129,6.609504938664857,0.33134854525055024,3.687533687895509,0.39775188827782315,0.00227434811655764,0.05864373593997896,0.010605028055167807,0.4138877828101285,0.9305585386312463,0.016553438059869502,0.0207186212293592
540,1,0.004044360503932306,0.22993297630844725,0.0031472014286842804,0.3852714634099375,4.557185281539278,0.01587348766301991,1.6082677003561998,0.041647665565388646,6.675862083843943,0.372918471233784,3.6872448505913376,0.3974185569017805,0.008579488558844358,0.09845952410004973,0.0478117526924677,0.3641488608067298,0.9755332732891572,0.04578289586023591,0.035308302539608906
541,1,0.018445252515522346,0.25770022868767173,0.016442941397834258,0.3880472953217039,4.551467031385799,0.023011259109109394,1.5626071740620162,0.01686487389951311,6.667267144113925,0.369743002244378,3.6374994926436255,0.41096875800141647,0.009703122656969767,0.10610206221729991,0.05356246209081826,0.471219649463072,0.9827632289156403,0.012680495540829029,0.043515122123439234
542,1,0.03982048819148713,0.17453874119040538,0.011278125922758776,0.3935242077738576,4.603575211293893,0.02636264021910041,1.5672666120762513,0.03524219053062914,6.690651081401702,0.38105657498352746,3.688875087723082,0.43752081387798636,0.006597917950004497,0.13991099832664017,0.020014123263356887,0.4580945922489001,0.9643536287387833,0.025046070180738598,0.0032113380931096565
543,1,0.03126617628069745,0.15473759329175454,0.012851525028360828,0.37984741801676936,4.645039709982974,0.0284230801953597,1.5759360493244325,0.06464097267061404,6.670829947064995,0.3293236692375193,3.7296022845062806,0.39823234941704044,0.0034333469151512403,0.04657932104267314,0.02315085239600182,0.3604624807608492,0.9799634472878201,0.03803395551897569,0.009605247371044373
544,1,0.030986075988266738,0.2472000782710607,0.030481348633540694,0.35632893637905044,4.714099586251991,0.024050226286208797,1.5509694462316148,0.035460690680166586,6.598686436486637,0.3025975995395207,3.8013963558388757,0.35685990999324574,0.004163174392857699,0.0393032129280285,0.09955902575998793,0.3682133616779902,0.8971357930180934,0.005995782638098319,0.015350123294703753
545,1,0.039931214568275857,0.14493934000936157,0.011964324179313746,0.3684085539589426,4.732440489496214,0.017030691844813553,1.5413222987809931,0.016425180351249142,6.608143269106022,0.33463857399115693,3.940601100133683,0.3208406319630974,0.0010874011410035485,0.03736112184355769,0.1528460216243407,0.4436741500400638,0.9105414416703193,0.011256179513436033,0.014858171029195323
546,1,0.02341693137941257,0.11313046948952386,0.03304634051989724,0.39817359225221405,4.683540973778014,0.017877859769612044,1.6241776834143329,0.04391476096370736,6.617702008416688,0.33764939166103813,4.079649210363244,0.3218097211430753,0.0004685144386964708,0.07791896704079933,0.17794229328876104,0.47568166964703457,0.9066216897676493,0.006434531969719682,0.02091461124529764
547,1,0.026268405720757827,0.17088748359142047,0.03291299857947754,0.35624574439671614,4.69902459699834,0.015912615820960055,1.5528069256850279,0.011121952574066571,6.7016114529569775,0.30797846665461936,4.088771079430829,0.319125843424849,0.002363658246703637,0.09958982792672334,0.10128369421681487,0.4077805326162297,0.9263629134505935,0.009285644580421474,0.02657230024140064
548,1,0.03313235708801828,0.11740449473051838,0.014456895408602996,0.3963563108119249,4.661179733540018,0.025416758862896956,1.5091439718936532,0.046157381514922144,6.692303265053317,0.31265015997564893,4.034646483120908,0.2869635234741203,0.003603519817713623,0.0733068348166604,0.08287646019012025,0.3889082426574379,1.0084416344290683,0.03576110572610548,0.0054152689259401405
549,1,0.02723824420192984,0.10283606485111434,0.035658130002348486,0.38285704578212354,4.772276131383925,0.04733147827964999,1.5025130768887882,0.05570389537812059,6.697808474545018,0.38180257897283276,4.075095384163412,0.3587858141649712,0.0071288603200472984,0.0807403591507025,0.005545833568112522,0.35743751018607434,0.9634685203605109,0.004172161180118595,0.036661022227623866
550,1,0.018141528929931785,0.1581642700170964,0.02027523470000169,0.407952928822731,4.706634422425569,0.04171941035971083,1.5125330273100117,0.034487439747282626,6.695763011067243,0.4779802981598441,4.1426871466666215,0.29548166244257573,0.00307226820422853,0.033706018535467494,0.09668708115519907,0.4364854253558613,0.9398401345026981,0.01228542970617448,0.035615408801281105
551,1,0.020175181175521476,0.1369450263198372,0.011063963986896684,0.3762698567221738,4.751142537958029,0.03630408391886783,1.5143854034939435,0.041917527877211695,6.709987807314625,0.4166912336826862,4.132281923229405,0.2999718065403352,0.008898086009436312,0.05045309301713994,0.06142741920537492,0.4295383929263627,0.8626392948820494,0.02506874007274677,0.024893901359872746
552,1,0.016539466064347516,0.12335804545612888,0.026095390068033342,0.3680676256655738,4.772669687473818,0.033835540328441605,1.5641282321984582,0.018059971352964648,6.722219557053721,0.4568169833078043,4.143119434172706,0.253667397233855,0.0002268074835493137,0.06583780870443534,0.08789312577654519,0.3632501527925323,0.8576554371906581,0.014714983960318694,0.02443102152938135
553,1,0.028769477504306817,0.13436885610190605,0.03909127596896242,0.39856558306017065,4.753766181980986,0.05002139337991627,1.5563801216822142,0.03640960726523417,6.722401090064506,0.44632939786775455,4.098096943070467,0.2463025350767,0.008030927966984644,0.06970032143793559,0.12328573004829438,0.3139676237169154,0.8738654022787429,0.005907894760055046,0.00871513645474577
554,1,0.020373175132759776,0.18653370366884953,0.026814722554390324,0.26882427307433093,4.727650743593842,0.026997320325057274,1.5515106539006887,0.03620326929220785,6.774786188063642,0.4190196858677103,4.037057205281758,0.1122318827674116,0.006758306684331479,0.08024442051671309,0.14422327672255003,0.2770865609379119,0.9733606883921734,0.0032671265684877148,0.06829404814277436
555,1,0.02540992769558549,0.2289567576785454,0.01818321731987641,0.2547856698661629,4.723620057806885,0.014036158327619529,1.5169730149813887,0.022482759052831314,6.7838904908047235,0.34606553260131484,4.023557259369992,0.09841200323658826,0.005358737132085218,0.15712641522375523,0.16578587072798992,0.3028507256245485,1.0577431250559022,0.006112633183733982,0.05780684976292557
556,1,0.013792570026342627,0.1814851502948384,0.0006092947032231348,0.21957001771350387,4.626148707308836,0.021315927519142363,1.5054160056674264,0.0598309600339186,6.879118254883116,0.32109720994380536,4.023212053771918,0.0390043674808178,0.005304475822221798,0.02928798758826351,0.1401078875248058,0.3097066215222103,1.0752331694379402,0.016514720529196704,0.06489112191101362
557,1,0.013681525712486367,0.18087588068060984,0.00027441194496210543,0.19566544533050256,4.634512290872519,0.03447639993499992,1.4744140624830764,0.06761770682171768,6.946753356724606,0.2929981451408317,4.0340845664256,0.01555832612442275,0.00715810416252648,0.021928904791845064,0.1515116242005285,0.27449191554181207,1.016028057701681,0.02389813821244214,0.048536544389527994
558,1,0.007976386670309633,0.28514263431609393,0.005551156272325614,0.18776277052476467,4.609094162292456,0.039155260459144435,1.4670144951010486,0.058560488592530345,6.927715756553176,0.3043535786982524,4.056176666176946,0.0014323680275685395,0.007572649272203774,0.07356027612445598,0.10943776721337008,0.2579336759959511,0.9849454699501895,0.01580269246394079,0.06444342562609572
559,1,0.03754222450224354,0.20212512143983868,0.02001582437883094,0.20351247578693582,4.5467042936430175,0.030149246851305492,1.3946766196288483,0.01884245005905429,6.957154172175541,0.25536212276746634,3.9991553504114408,0.12026684745909304,0.007259881293975656,0.06850126563197062,0.1282252668524481,0.2686563342311993,1.068158046700326,0.009749365263023913,0.0001521774974298887
560,1,0.01693549985369118,0.1948973014306057,0.02601161899934458,0.15936486910798697,4.510087540900043,0.04460802344203571,1.3743650035715502,0.04669830611674354,6.984490740227367,0.3040324526541229,3.974776907936144,0.13890989782288404,0.0063167316017541586,0.05572417662296358,0.09866247799369997,0.24369385416701447,1.1406400564416306,0.02380419020668572,0.016326957264381502
561,1,0.017734275762718653,0.1503131040361017,0.038802552607725964,0.1351097895362771,4.587440999435153,0.021002535703509892,1.3504674113309503,0.05795875278506543,6.946914050501417,0.3737244614322357,3.9441694411286727,0.12385558305804659,0.0005659993282272563,0.0298235715081318,0.1550835917355728,0.17099181073124345,1.1082074678247085,0.0028668854787446936,0.04457233741944291
562,1,0.028092703603415838,0.11319536808630346,0.013959283289618468,0.1739978971300654,4.573997530452498,0.02826537709999414,1.285261440423721,0.06940951313815559,6.87927073624165,0.4158097369694848,3.8780374284179433,0.15040050483744835,0.002233463054025321,0.057022380022792016,0.1533083341866274,0.24444848619680995,1.0482215843639937,0.013026891327061377,0.05137490768663673
563,1,0.03762658922938857,0.13611175194473576,0.012370033780206402,0.22409380464726986,4.578810243671006,0.017063908128572915,1.228496508675822,0.06451952050140021,6.9061166436148955,0.4576598417605825,3.8518603922452552,0.13350023586517953,0.0034303243285971736,0.06848790007989974,0.08870965115958394,0.23339822592495665,1.0447533279283578,0.025930331635135525,0.011446039925605583
564,1,0.0019359261751672207,0.12074250204454548,0.014146135219804847,0.18047279112721182,4.591313853598339,0.018663587974082657,1.1584914945866718,0.04611405521478298,6.977604596592735,0.5376422306963026,3.7950548507327473,0.09270751569370715,0.0069731383742762665,0.1258984830521123,0.07123567203025413,0.27494636605349415,0.9917413856543618,0.03155742668908244,0.04586986477033309
565,1,0.004898789694509491,0.16260575963066365,0.035760477899615256,0.15670878731174584,4.58511019244664,0.011651064985065756,1.0716051848799861,0.030482075059237546,6.9525235358830315,0.4570227973610697,3.822967820673788,0.18734909198467622,0.004988306149990667,0.1065783131644391,0.135595526291588,0.33040921096488396,1.0001268229577787,0.008583294662344938,0.0788096349378218
566,1,0.03278677221445519,0.26064731153931125,0.02223221808141714,0.1691503245058872,4.607480313251885,0.01992744349112656,1.1432901611578306,0.05256004271871212,6.861321040812751,0.4052059390567925,3.6907296826936222,0.12960342508873757,0.0026232211678471453,0.161108051281535,0.15402723385752615,0.386786137293155,0.9645887394458863,0.013156710279900166,0.021312877347109047
567,1,0.0030568690409334544,0.19689166376397213,0.0019418232412249598,0.24355677345733112,4.659481516848195,0.020552667689668448,1.1725045969345,0.051077444888490385,6.84832772250456,0.3741890608067779,3.7437075577142735,0.13118939082427172,0.0005228558837456627,0.18002580122795772,0.18132633500011733,0.4408758163559753,0.9007122716892306,0.037018532632233196,0.04183024640856688
568,1,0.014576373676117315,0.26919903440392445,0.043819191815824596,0.23518947681200525,4.67405867324492,0.020332690986805145,1.1502510408149127,0.02548397933607406,6.846470042013099,0.32763334849909215,3.7613586462167383,0.1067009866045067,0.0010456169117903948,0.14029311449138498,0.08256923494820304,0.44464131921846456,0.8640570991435227,0.0060814964359568145,0.024500138201148977
569,1,0.006389013280335969,0.2370162428980786,0.02921248045560804,0.2417263392401902,4.619673029190573,0.021467122402241048,1.1922942287718865,0.06784493445415757,6.917296981672946,0.3818318089282813,3.7771456559597727,0.11159750776462057,0.0016194216571505085,0.16066767382810726,0.06721679576406114,0.5223828215155073,0.8537745715084032,0.019480618503537616,0.035283416185745854
570,1,0.033568999983027495,0.2585124031087402,0.03760130012900333,0.29846007636667654,4.669871490104351,0.02028074970329686,1.1493031444855453,0.04179840395615999,6.835427741808047,0.3466222579733833,3.7895103816953273,0.12837132565070902,0.0009791773886056387,0.196296946275337,0.08844407310521583,0.5446079658673959,0.8544923310975898,0.00034337444386425375,0.05399559261382034
571,1,0.025661073002102342,0.26745410512248585,0.022700983666311965,0.2721327969089274,4.567607673515595,0.024400265189910297,1.1981497832892791,0.0264669194119351,6.808652753309024,0.4789800309941402,3.771249163618333,0.16093981286123804,0.0030841565216510763,0.19737671190484027,0.0706973441626993,0.5719627975127086,0.8703419566629315,0.009042917716698334,0.03766113102155564
572,1,0.00829882133926447,0.29981477856343974,0.00476342301117158,0.28947555851740797,4.500204672290084,0.009741371099243827,1.122764123621779,0.033412561209383344,6.795969983293275,0.48079591236460906,3.7677217902640874,0.1729121265826987,0.005627031321928966,0.17331048505153257,0.06395853722767927,0.5176014777603325,0.9620532250207162,0.03059617217006767,0.03489874512134203
573,1,0.011054841780025361,0.28642235408906147,0.0180811356853395,0.3006895665821223,4.452361880425133,0.027785051885657473,1.0845732606085954,0.02847726795556243,6.814479816117183,0.4265144734906576,3.6849984443798847,0.1283480122066512,0.005814103185298403,0.11953353849171965,0.018215762924173907,0.5067079808433773,0.9565121522487501,0.009882973850687322,0.073068288511855
574,1,0.013221234782345338,0.28393380546995634,0.047636314864333194,0.39458675628236645,4.446520593107465,0.012663034530966876,1.1199049630858733,0.025233282139815228,6.804356156995149,0.41907895803626377,3.695670695306359,0.13879778337803686,0.008833786484030841,0.13199639309663172,0.08668260840728789,0.4197218694670406,0.990235144223698,0.00041433851540631175,0.03179935418370114
575,1,0.03008477137623478,0.21723042728457648,0.03758504655504521,0.39641609222045054,4.510825054670692,0.026762176300389157,0.9478405719316066,0.06574082658007875,6.851106987218625,0.5357903572744191,3.623908550243742,0.19572635766343802,0.001262513312107509,0.07412484904942612,0.0995393375968637,0.4057694383997531,1.0243289461430658,0.0026563276286156404,0.039445251833679786
576,1,0.03171762387621293,0.24757746176032655,0.009750767549280313,0.3860426314181937,4.447768273947052,0.01683944929823936,1.0369583430020057,0.06614044919803963,6.886807117489277,0.4844678254285176,3.6422140167762516,0.20232625635105364,0.00014666442302285003,0.024513257134107066,0.11460866099364718,0.3364344480795942,0.9209375912926803,0.02223350641389441,0.008707058160187858
577,1,0.03443000088853005,0.2247890453204421,0.035580727643563,0.3653839694404505,4.482004243218291,0.022884264164438145,1.0944941256001368,0.02130170191018196,6.905510558625658,0.4770737691923156,3.6335480570030882,0.2485790723365455,0.004330222188843138,0.05003331655452364,0.10842262962132579,0.2876052937504142,0.9546491689182567,0.0029863858072942447,0.03601558833674932
578,1,0.011483083013818885,0.2711585999297563,0.011794665818721671,0.3652873131094319,4.546764331659026,0.04105918130684389,1.1315595225044286,0.06609544368636153,6.9515969198221255,0.4421519589259953,3.7006079144397415,0.3068888275890985,0.0047249627287743665,0.071579857605562,0.10581678203121728,0.24698624591111873,0.9500318207739801,0.015316293571111958,0.05094801864386873
579,1,0.002426767860967208,0.35271871978268976,0.02442984633098511,0.4504946700689603,4.555416349662477,0.04303973888645201,1.1808605599363395,0.033867930072650654,6.965346611233722,0.47347734218198656,3.6417560842482355,0.27358464944843613,0.0073222588975977885,0.06141004755591484,0.14813347324993661,0.2988262912775938,0.9050522920455694,0.007811634772264779,0.0741762739120901
580,1,0.004591213506102056,0.3191718784850746,0.03931411990914717,0.45500700417731005,4.569559767611603,0.016757797805848254,1.126908983154248,0.018164063272700797,6.976904401441305,0.45339362756361984,3.50660926543832,0.2646611143282763,0.00903986044201876,0.08184511918552723,0.15175859293644994,0.34155309483111773,0.8682697016566843,0.006476439368492122,0.05308689242114759
581,1,0.017835384651620958,0.3156819603439971,0.021477698800179093,0.4048012138664209,4.588154565013864,0.024596460823658798,1.1151620669239883,0.03790707254615207,6.988450207622645,0.40814633346120976,3.4376971069042774,0.2995330174990099,0.008634153083235641,0.038681327655281234,0.17048063855239293,0.3055335028290192,0.8472796516434251,0.011360973917878277,0.04036339915432409
582,1,0.0166582566823112,0.4140090213444195,0.011387824121653855,0.3569538841701826,4.56595746783844,0.007340427097119497,1.121116793796313,0.06695360346441889,6.963149747924178,0.4239988926889671,3.46422283549528,0.28307920536764286,0.0015189831426484876,0.09963487660617586,0.11828652278317804,0.3829473352404086,0.8612997237954466,0.04586123207729078,0.014465204403940864
583,1,0.004864840701615285,0.33293381865542115,0.037728431613861045,0.3741965028675589,4.486317634707021,0.025866913562275096,1.1301092678645315,0.01400885767928052,6.974397736464332,0.4508211411218451,3.5444763735697955,0.24401306837967682,0.0019761211615677747,0.10445476349937112,0.056508359608128486,0.3319053017571072,0.8748082123845959,0.004287630877319073,0.0634014969329321
584,1,0.030031692268010408,0.37852704956412897,0.03038571662526204,0.2670679283401367,4.450364242715485,0.028425606715556297,1.1874473131308618,0.01909024601764962,6.986823114613671,0.4469233679389011,3.553635794205255,0.3209950431150282,0.007541227033396567,0.06594842724103435,0.030281977577369442,0.370013147672962,0.8650631805522736,0.008015752890400643,0.009662224018504853
585,1,0.03480820709384844,0.3981822003106098,0.030565031913197534,0.19497895469578247,4.53062130865261,0.03432732375264157,1.2201497573242226,0.010947375432143379,6.963376616874396,0.4198164168782198,3.5045434176207295,0.3323624618203697,0.004250273174168446,0.008632083665719114,0.02338024922347473,0.35594574859081285,0.8883314243526701,0.002481610921304866,0.028286888388915844
586,1,0.02129769077579648,0.4274241361385391,0.036429117914284194,0.2669060845698497,4.554795143708091,0.025375901426670365,1.217042960655149,0.04424589795812006,6.943772185683047,0.35083848602893924,3.474143704358416,0.31221215859721707,0.005779521535120517,0.0775294361703769,0.04763364813013981,0.4151096755042326,0.9248432624768442,0.002114955260543951,0.06476688447736216
587,1,0.029169848057267994,0.4502176119295549,0.002465363674117576,0.30131467799280626,4.505897948777306,0.018847651031727117,1.3249608349018478,0.0568758980320555,6.971571144262133,0.4428877178896586,3.48078688014891,0.32500527988646255,7.561260055997078e-5,0.10325479933073921,0.13798247195292154,0.32927146972360116,0.9262686999524326,0.0280003262626667,0.007957167554481375
588,1,0.005482660945454447,0.3411067779814766,0.035659911042051344,0.28567035332038726,4.494723189536895,0.0345370997104828,1.314377734607429,0.05079995365314677,6.953700585066944,0.3889407777887127,3.4107151432354295,0.42254155056525816,0.005759333320404623,0.13460282820301636,0.11020702154778832,0.3164511051035889,0.8336989994765497,0.014255462543711732,0.05451013909297534
589,1,0.005696811095491682,0.3134319282557041,0.01814174003114946,0.313956067286647,4.457181507138844,0.018922886027067386,1.2932908264317697,0.0558831608345806,6.943736919692042,0.4259827190005997,3.455742229934208,0.42709982000675656,0.009900348168835414,0.15433923630364588,0.16333525301636376,0.3006460758338177,0.9386375766696304,0.016581804614891227,0.0729329966301473
590,1,0.018933938041926963,0.39290108940184143,0.03693047768369926,0.35722438968236103,4.433539233114329,0.024129106473029925,1.3142807127821063,0.06336641398949026,6.972135726366068,0.44060816672256115,3.4502228029824282,0.5350512524432744,0.007950751976081754,0.15109020096244655,0.16351369501841628,0.42139962075612825,0.93045299965709,0.0005855046385514143,0.07088129455646441
591,1,0.022826412893262746,0.3784429539296966,0.026614757757034112,0.3489214193448539,4.513578813939502,0.017707570872098462,1.3654086567138004,0.03257825660279496,6.923556052939662,0.3581398104989793,3.580542147630125,0.5058680808879458,8.648156482653274e-5,0.06752009243278181,0.1457631679752006,0.42002053172067144,0.9713005006939689,0.006535860403112035,0.07447155548809767
592,1,0.006113966405132028,0.41694477427240106,0.009295638004544813,0.363086672555604,4.546725593182935,0.025656752539336292,1.30436357308242,0.03191043262475708,6.885290780284998,0.3310195324569469,3.6617641046474843,0.46474944622704445,0.003181071036659941,0.06630198845699564,0.05990252819686242,0.34101959828576517,1.0389255480476445,0.017604296705434248,0.06327285351076406
593,1,0.010794327886407667,0.41409924462885367,0.020747091972646563,0.41293022699713355,4.506592572799289,0.02843119176531378,1.3628574555073856,0.045946672844916846,6.922190277286276,0.31497816596726086,3.732769305269779,0.5215710540384274,0.0005325518187686036,0.06659659871225944,0.04894594557341589,0.34671232823914283,0.9370111555117351,0.011534345501446738,0.044475289452509954
594,1,0.02039257227234139,0.39241403061008184,0.00974494638637779,0.32277720968023493,4.496482590379255,0.013493106755742078,1.34822543545858,0.03248725845565521,6.882652481585722,0.38992953834630045,3.687288724394819,0.4874055033576119,0.0026415477264817916,0.0181857389589919,0.028441832336214473,0.34722425364308623,0.851197759290111,0.028283420969354867,0.0201541110056448
595,1,0.00977450700886532,0.3429074832220327,0.04284562308241553,0.25083246079040533,4.443090869027791,0.05142846049312806,1.3680038193870812,0.02436246025317224,6.904763420016216,0.3313387623918147,3.738313008825104,0.5022718316002126,0.009407259051675311,0.10385475586306733,0.03327614315791247,0.3511449052451179,0.7515864074307251,0.00037046437682359184,0.046836850135216435
596,1,0.02865687134227428,0.2763448405505302,0.030270219732226163,0.21952721747841838,4.40977912406511,0.022306700250859596,1.3049901824342625,0.06293828385492548,6.929987303300518,0.32871888554346573,3.786255215494431,0.4582379108856871,0.001694072981238295,0.03747968432782924,0.016339684395651036,0.4032269245199681,0.7261771518868348,0.019378618002391036,0.009043975989690992
597,1,0.002537528393246048,0.2639142072606637,0.004011629132986605,0.2737694258402599,4.382032371376397,0.021213420225789086,1.2877701985800891,0.04378707926777416,6.923514117945465,0.3066195098016711,3.717412786390553,0.4325563901791204,0.0024629693664132116,0.05648705191738538,0.10772698348321198,0.43495782833306396,0.7274032313929258,0.0583694039514986,0.02829428730965362
598,1,0.03445317976806071,0.23298082685657745,0.0013347435121838257,0.28295845221383076,4.366317870463104,0.01810935440608356,1.321562913979069,0.04791471509250241,6.983854022788109,0.2970436072794994,3.748895924893458,0.40632924682761523,0.001133533495584648,0.015350057894904888,0.0842523660516547,0.5044106416235868,0.7626774673195305,0.026487244297615686,0.007811502330324958
599,1,0.007804288403191091,0.2346804669239854,0.0010998062134616922,0.26809524153530717,4.3761498801739425,0.02633618637595609,1.3295025731693717,0.04774367031696087,6.894294494278457,0.22641521382952795,3.7480831736204054,0.3946647856478219,0.006332454240292469,0.08559786209892713,0.06512282565348103,0.45042666407132814,0.7670119438173642,0.0701009590597689,0.01848094491142024
600,1,0.01875675635063541,0.17768961312427725,0.009793563343403297,0.302668822783618,4.498805829345581,0.05494813409935684,1.3621077887176334,0.05248944199811557,6.850395005824535,0.2019466628069236,3.7326562282251743,0.34204761421237334,0.005005249360721592,0.1391362561004351,0.02516407689659966,0.3682076308414241,0.7174366348542027,0.02562783001916486,0.025783053691173747
601,1,0.016852109334630484,0.15096643148604338,0.0035946109985594515,0.349323731844486,4.4532447379609374,0.035020681805628374,1.3034793630791883,0.02514733022308051,6.871443459963365,0.2836825188663884,3.7498896741050554,0.31735980896261456,0.007530230796109013,0.15857705294003702,0.030187033720695054,0.3414141759228962,0.6641765464749133,0.015305942042491005,0.0576008232972027
602,1,0.010643436356606613,0.11120254993954778,0.02205036968394968,0.34738130540419015,4.558874533303794,0.031861812683668014,1.3588441126090942,0.02999941469745489,6.816345668672262,0.2853901907906182,3.7210844679460955,0.23777860909984963,0.003538864468592864,0.062338825565768065,0.020208246246755636,0.445687194122577,0.6507594169256604,0.01503672965380861,0.060014952187924395
603,1,0.016285802303885807,0.02708982821358883,0.020455126289532072,0.44868521421418583,4.466363572584571,0.031177440872055873,1.3596556463957907,0.062165892092490745,6.81969149088206,0.23291994098650504,3.7587374743954336,0.27658926405436407,0.002924854358339734,0.018575571872384653,0.0332306129690477,0.3157634071720181,0.5266613601846339,0.011529170301785222,0.05761245538537433
604,1,0.01616266168365601,0.027027176155480417,0.002693125863230186,0.48387782931902923,4.38945118348776,0.04072441457424713,1.4010980207952495,0.05908336961907761,6.81590894528197,0.20885906936540122,3.7396010009987224,0.2165762271843055,0.002433707372522227,0.10663777614279771,0.039488796014226495,0.33447183618069826,0.55043187099369,0.01695730077032957,0.045899092686396165
605,1,0.03277638426857877,0.10735991866098694,0.017186474831844687,0.4580143918924365,4.345885928433916,0.032528086029602214,1.3679413213546616,0.017856193932462346,6.810363020081029,0.16474938648307966,3.8510988717082926,0.3004894375659392,0.0011651513510941708,0.1283818255915552,0.08478068189590052,0.39586547905135144,0.501622299609778,0.006121884070474808,0.04317962609881001
606,1,0.03582813337791035,0.0830951550210376,0.03320441048159121,0.3911854698702792,4.363591146769395,0.05385016865844643,1.4674035102869745,0.02072231705143782,6.800185867239076,0.18862364343225638,3.862724765531321,0.33889406801756505,0.0024174144613691015,0.12888138720770773,0.154293316759055,0.4407623242105023,0.5335307265889018,0.0024958108736954795,0.014358992447163496
607,1,0.011479237461195595,0.14140165846714364,0.02032200872348642,0.44311258287896316,4.398280178759937,0.022407001146349362,1.4244176489251323,0.027853913683562475,6.718316858114867,0.11912779686538716,3.807742616525466,0.3020200376979999,0.0014953971349463593,0.13794732687139227,0.1828144004431993,0.45211600852581035,0.45604371539398986,0.010104500506419868,0.07561389502275924
608,1,0.02683355905709011,0.10888160704964063,0.033736139243562266,0.33736115262496463,4.324439245289975,0.015970688251580177,1.419193250893232,0.06917609495654861,6.687917700227488,0.15928797331428943,3.8585273377211053,0.23235330649326738,0.0011517236034327455,0.08786684797776424,0.17985883152004742,0.3530100506346876,0.49544348935849297,0.001213578227878216,0.06700083130341443
609,1,0.01789829269593154,0.08622106149327476,0.0014155907348313522,0.39395255222023895,4.3042137841266594,0.03292255486029989,1.3510330525658085,0.052289890885529246,6.684451991661948,0.1305203574221006,3.779747825798824,0.23230888424715895,0.006343680824496634,0.12557933644497712,0.1733164055806224,0.30536268319562515,0.4788592994225518,0.011213643538401588,0.08109668473429674
610,1,0.035519123406204764,0.08097469672632569,0.025850755078217814,0.39558370208197113,4.310300233370477,0.06246207993223207,1.3354992994670374,0.03969022247820236,6.68486160684932,0.1498297447679571,3.7589227401079808,0.28161477431858634,0.008700160011417848,0.10851957398220642,0.09548699670348781,0.35344998547617507,0.46502730929410957,0.004414849554043308,0.013916346231043854
611,1,0.011954247278183687,0.16440140620257884,0.005376415527776848,0.33330464439619395,4.291585422720749,0.013104642411499548,1.3066274895663978,0.013690074465843069,6.671593720428745,0.16397951723566306,3.752967013427173,0.29680036401039717,0.003176169088573182,0.05447827427045585,0.0721491615847699,0.44238007899863496,0.40885578333880374,0.022600692771560616,0.046340668279387966
612,1,0.010231351652740327,0.188005234659002,0.0009507759493838804,0.2952279843806563,4.2887961205384135,0.01852243626450625,1.3742226788977454,0.0535869693944852,6.7436548552775735,0.14139276638392195,3.7290677747437373,0.22672742881130162,0.0029316256760465744,0.012864092514152997,0.08186105941606911,0.4686107147607048,0.3781914575165234,0.017524967564689378,0.09567944761828441
613,1,0.004758923858028856,0.0764165334176263,0.009245989863203487,0.22220356605790198,4.23732596805079,0.04581704030079172,1.4569595582339685,0.06982385245294123,6.781200846131136,0.14155916669164742,3.671981263406152,0.16202268796064384,0.0008762955886797505,0.012842644276669498,0.15269735673860718,0.4225700690122151,0.2576173623325975,0.029617757507781006,0.05599676811767451
614,1,0.03319517886779088,0.05983160389315539,0.014649605677900494,0.21321270797619316,4.246529672924897,0.04106396997392592,1.4366300188404502,0.04226473562789943,6.930595567692392,0.12254412165628387,3.6168674758475317,0.13927095173514112,0.0038226693443356003,0.032043080072898515,0.15064403535172236,0.49998976299931314,0.21850995113803087,0.01912474573249247,0.0236963691837299
615,1,0.027134587955955435,0.1165395457243252,0.023168148053829246,0.1997976214448313,4.1902523256425965,0.04346786384827587,1.4320994435055674,0.03881939611662862,6.955777861527449,0.13534759639925564,3.6293964628315276,0.16316823160611113,0.00015796368272664562,0.030788827939172096,0.17702814064114075,0.5419125164197319,0.25696902056852944,0.022583481518755246,0.009315152374113749
616,1,0.020172538074113625,0.15373068599713083,0.024195082349655398,0.2579162549544286,4.151640320969396,0.0150610305852442,1.4911515576402088,0.048948862209479756,6.948982926715128,0.11346254545849482,3.618688727477409,0.24273016010502127,0.003259949670056184,0.04421125258508466,0.13896232580785178,0.6490929483250086,0.25865393418716237,0.011013937256525237,0.04006494363607675
617,1,0.006191860876817279,0.18974451229325537,0.035330827941482165,0.21076881896975966,4.089655653380354,0.0352340702375486,1.4599043214089504,0.022447084695835885,6.932453704396661,0.09229503328140591,3.6215706724685135,0.33443615800245136,0.007963620909056173,0.03160134354097382,0.1886330110083214,0.6008719659004726,0.23938211559742795,0.003810050283148392,0.06520456649603067
618,1,0.03793517965726673,0.11375148890434335,0.013385408756027823,0.18474180960028103,4.108739301900536,0.04248836869057968,1.5398381864473139,0.02535055050735433,6.983931684111202,0.10369130432931224,3.69805036949943,0.333768183575585,0.006918547228978636,0.058610803452665956,0.1642651126070688,0.6481362158332729,0.17420363709305894,0.011116147867934733,0.025906510725876748
619,1,0.003456480595892762,0.07592775893507646,0.033374334835715544,0.20345076775270995,4.116597980810381,0.06116934462031776,1.5627058307647816,0.04408363429320132,6.973760734136635,0.10285060032520583,3.7671066538561466,0.38833552427828194,0.008958067249052095,0.06244170031906943,0.1327569239375422,0.613001084997643,0.1756843382322393,0.015974420102266206,0.031564038701299375
620,1,0.011994501907569703,0.07606002900320408,0.019195067006686432,0.2258112730761559,4.019969925940502,0.03370237721807778,1.547115000029451,0.04953967337723153,6.937327033296643,0.09582257714286968,3.7564181220101647,0.4807226732314256,0.005152069649338863,0.0698932975458477,0.1334065800812867,0.6707824190754464,0.14784999320817202,0.026956496391340286,0.02819744154126049
621,1,0.0018972058544030575,0.041753359900821754,0.04576950612890167,0.24653815267256893,4.090791693332448,0.04864046171812813,1.6047557392127598,0.049062270635875364,6.94035832833631,0.14300814948438156,3.8171465754803613,0.4612056256019837,0.0086749155634111,0.05517642522125305,0.13016090619707685,0.6786681128918522,0.16592418179289573,0.002766822840378875,0.054552459090745624
622,1,0.015519994166558785,0.04614452694914634,0.017326864734576855,0.25519697792787405,3.9999912750080964,0.02196960576179582,1.586818041607258,0.04558944525039703,6.907006045391315,0.12255967877086911,3.780960403765957,0.5088395891355924,0.008325282539345528,0.05166771725808404,0.18789348948322418,0.6790232676015948,0.18090708005907133,0.011063653742539651,0.07412336418495467
623,1,0.02939538282835895,0.02110652258306923,0.013700425814560543,0.2639343624617904,3.9403077854276494,0.04526634239790558,1.5287262256648253,0.06458557773889177,6.759888393349909,0.15054672261655613,3.8417497047547466,0.5739243850141038,0.009641745740353896,0.06740481060028808,0.1891612711406537,0.7728004484475571,0.20592160929972964,0.0073634124670638405,0.06876663223728056
624,1,0.013462418177982967,0.022819647549601148,0.029528101437615133,0.22073795330411908,3.9450090829631885,0.04105209862312061,1.47492900476491,0.030198093253995528,6.693710001033439,0.10027585879383291,3.8256040225144314,0.592637385711126,0.006534389585247027,0.04470062238627944,0.17801682539118066,0.7944041498440859,0.18544140774880688,0.005462714680594788,0.06301485181917625
625,1,0.003464663625397832,0.05546999332429629,0.02018121854446979,0.15958485363377523,3.9782779738038836,0.04822557829878164,1.5917221315173404,0.033480315817309696,6.775355379740274,0.07768734931716842,3.8127527616967525,0.6243267632465883,0.008812865682881855,0.002191856937537819,0.19662628869601328,0.7640731613113116,0.176386940534949,0.02212165117905815,0.039004425431468544
626,1,0.006502677450971041,0.05660354421956619,0.0030331789116279225,0.10936485821247982,4.044577732558334,0.0394320113625774,1.6847098178845885,0.03739426494942324,6.696862237913641,0.21523790550142233,3.8666534987268046,0.6440409093122867,6.081686346846742e-5,0.08182589190969047,0.16579738581690512,0.7697889520554595,0.26090267702903835,0.026189927960580048,0.07102379259661377
627,1,0.0012288150957919914,0.018370449468585043,0.0005243686478321162,0.17552594668341803,4.077224775640384,0.05836638985008157,1.617689958750941,0.04971764304418434,6.7254085375101,0.1997616055633821,3.869391525652533,0.5992350739069374,0.0041981868365643165,0.06133284674235554,0.1659155431303123,0.6776646057093445,0.19899405782946067,0.028702000735739606,0.0699629897131397
628,1,0.00923412078399174,0.0726565940098939,0.020292843376556017,0.18448742006907196,4.070668999110599,0.035257495108160175,1.5377246251752743,0.06050990055959518,6.718343468076533,0.12402538198021154,3.9215549576560447,0.49642568996945435,0.007713025589793706,0.10219801185387302,0.13097448184459506,0.7278088365411672,0.18285730162024397,0.010569668538359953,0.06392160873595858
629,1,0.01482694051640314,0.03312122115438285,0.029613873124132512,0.19446912154800594,4.08452049740597,0.026627223954975358,1.608560444032471,0.048121868882782255,6.721586053263905,0.14073463013215082,3.910128458595755,0.5315539373342807,0.004772114653549737,0.06232432473525149,0.1626874927942216,0.624416764072728,0.23310416067386786,0.013793417018951306,0.039387174565057755
630,1,0.0056656775199651795,0.013843737730266715,0.03268137616447913,0.17569305183812353,4.123024299630879,0.015294189299091035,1.6085759911769324,0.05150812558672297,6.720943820561103,0.1608110047890175,3.8811792857323275,0.5415432025888788,0.001559311757178042,0.0755578720177464,0.17194779090006845,0.7269744926693342,0.2503814172035963,0.025349704084114702,0.020951816662744597
631,1,0.012286365967428563,0.01161756864589322,0.0018161015616886401,0.1593497451769717,4.075881123334501,0.010341271387251267,1.5659671959958423,0.030237884315077145,6.70104172480659,0.18223356031492818,3.927893333057623,0.5159333356421361,0.000933528673338448,0.16355846698352688,0.14291370541226348,0.6533698415339814,0.24802007688630404,0.040722386284837785,0.023881616862041183
632,1,0.033403467472180565,0.0019826126025481883,0.0010279335552331574,0.19687647761630883,4.049966734098525,0.038978134060369526,1.4683945547127417,0.0582577103144495,6.75302812476752,0.14158423124791494,3.9301462266808795,0.42048177665714226,0.00742480459752436,0.16752256431494228,0.133921521284038,0.6833278969122899,0.23543743445503185,0.024413624989491706,0.024828335993924342
633,1,0.008939777147941537,0.04945507422239923,0.026789555095558096,0.17387762224755568,4.002319492688063,0.03748362739625555,1.5464014767939813,0.020636665979884502,6.834927983517247,0.12452958452646117,3.843112539951282,0.4908019366303588,0.006114523221731156,0.14540263258467467,0.05217924272717382,0.7413175459677884,0.2524050214675764,0.009897142081910325,0.06143290540078848
634,1,0.00537299779404986,0.007864490060731992,0.012285004990725705,0.18881375694093813,4.077382420160182,0.044563702553287295,1.6325193672756886,0.030804328769943778,6.831766152051961,0.14283651666695568,3.8645664414318133,0.503582108601025,0.0023898766136486744,0.09374785203200783,0.05743292172369614,0.8024463272975433,0.21787601938199225,0.01755676585119448,0.08768115588568032
635,1,0.019595843357981837,0.043027974718140925,0.001070507206074093,0.22394389818613464,4.126632021451892,0.021348305821549403,1.6048565063181408,0.052088931350567504,6.835668677169132,0.11141043830829298,3.8631567721868607,0.457848092939571,0.00591044359761599,0.07251493828992178,0.08083545151838899,0.6982280486479566,0.19720356826100816,0.01813815715462513,0.051062033223469146
636,1,0.0007881651068365924,0.002737826531733491,0.025096972632396554,0.28553045691853085,4.16116340394818,0.041764819975824666,1.565139933229996,0.04533704338880558,6.8519561360688845,0.09851029269451887,3.9030372321542077,0.4987315169172924,0.006468070971218242,0.03919542737899397,0.0005326326584703039,0.6352717789840966,0.19477264730101806,0.020446178858551673,0.044055079957672265
637,1,0.039160471355525084,0.022801592316556124,0.00022656871031253025,0.23890015658158317,4.07742903447575,0.015157458116089458,1.5873243152593122,0.04710919378742047,6.835142413367248,0.08117050166915134,3.885408330656034,0.441653034991695,0.006788010567875902,0.11824133809722347,0.08866041722874342,0.5984262961883817,0.13877338172038622,0.023266131803199405,0.005040689218089452
638,1,0.029429308960590848,0.06291680053976074,0.03774030705823217,0.2530269423267453,4.039043531731506,0.03571415739383103,1.6850548877656153,0.0316995968444858,6.806344128563939,0.04754539055264161,3.832572429416411,0.494569224260386,0.0033913929686661503,0.09282478359739262,0.10542941488872148,0.5912247068995333,0.07819175002064872,0.0025998753431302857,0.01883774646391225
639,1,0.011851082750316832,0.12173882090596554,0.018910470151006994,0.2518371921392785,4.088295666542756,0.038896692290891016,1.7708045381296906,0.0199469302557174,6.75307578331662,0.0228501116654645,3.782980403772861,0.475677044394554,0.0003557163639390217,0.15512231250019956,0.1371767163601247,0.6027449438892176,0.0833210139467441,0.012430156958584543,0.04916432492489285
640,1,0.03233953250392193,0.05844625468196973,0.021324709090501725,0.24032863620436457,4.064505456424041,0.03117856916808592,1.8012383668220446,0.046421294255378436,6.803541736483953,0.06590690603715037,3.7497404605677924,0.5152717475179504,0.0007936439917572058,0.12313897947641088,0.1748769856922023,0.5558467312451716,0.13766220836068196,0.010991881411132488,0.023050077686543314
641,1,0.022862955714124094,0.07167595678171462,0.013450749014190152,0.21929904244693127,4.070497953059102,0.03580880802376001,1.8422746644684078,0.03180206783561597,6.792583857957387,0.05854084756806191,3.6620815661198756,0.46137046547321436,0.0006123801026225055,0.08991086273171377,0.07881514632643756,0.5795670505829014,0.10831710754209035,0.01291371377676856,0.054775923260518194
642,1,0.020409332422858816,0.1225996164415299,0.04213147287702565,0.16617264763102013,4.058295024542052,0.024739883268027976,1.8307989467873622,0.02564074683571691,6.846572390277921,0.032950004200808625,3.7144223910441596,0.47627996886976465,0.00760699868798256,0.08697264129007734,0.12044294759328973,0.5912865342194247,0.0772958864119112,0.0013831029319113113,0.05195109506483955
643,1,0.02506439137543148,0.1400726265535366,0.042794172888322116,0.17825785555028825,4.073628019722876,0.04399948021462673,1.8093694688296158,0.04493520305414265,6.830536270261149,0.022340024523229883,3.759546255650637,0.5009349704944452,0.008707135648857441,0.06583815859451977,0.0730049135028388,0.6380914977555602,0.06562461280412042,0.011342482116073454,0.01343299771775903
644,1,0.027996202084795065,0.11690759897298333,0.004205379234581691,0.200945110313041,4.0482680626887735,0.047691419536049766,1.7492066775216333,0.018301759126089258,6.833546117304445,0.03861163530742894,3.746821403181238,0.42783610067609035,0.006163159695482271,0.08705520381915373,0.09891190241048106,0.6816530746663617,0.08747343337844474,0.013117924751568878,0.04623484230629342
645,1,0.03636099597691959,0.059138116838406446,0.009716047865543956,0.2618348979658363,3.9517966797299655,0.03181306701315112,1.8284894854465892,0.010806973227483634,6.814202522850131,0.05559978034193554,3.7407138287054167,0.39084807146401956,0.0005203276100030323,0.09409781498928507,0.09288785177702043,0.621141040800647,0.16844152056286013,0.014020611307964463,0.016730224757651426
646,1,0.006939235973079932,0.09002227263208909,0.026320248463189814,0.23667676000560706,3.9370533515420045,0.03324224711731481,1.8315648398579716,0.006242519117141344,6.769657722094643,0.1028540876501535,3.7053006670597752,0.3362591285450346,0.004454305218035655,0.09149480814108872,0.06486768616013852,0.6393642099307454,0.22611114618345346,0.01765382002652532,0.035682956994822754
647,1,0.021354166186069834,0.12062690295685402,0.007429622745834896,0.3073803464761468,3.986448800820886,0.022459698010676463,1.7619714968042604,0.0383138328132346,6.662011659987232,0.09694901250382496,3.6336581535014565,0.31974555953433803,0.007664326016509387,0.07640823009889974,0.0027335689220840086,0.6651384683829232,0.24367782840457886,0.024249218592749797,0.03074054071300831
648,1,0.018001858186714265,0.05675126467035382,0.014258750086065999,0.30064842741059844,3.989245182625241,0.03171004269867429,1.7473056717408562,0.03381864835346928,6.649206519632982,0.10675165356726608,3.6383763688737893,0.29036740248162163,0.0029952298008124306,0.031028508673484133,0.047574109080788164,0.6832693363253359,0.2597027353014286,0.016904717993627884,0.04701447586070468
649,1,0.0022491318109865645,0.05668431409360071,0.01629165427652235,0.2551003176965556,3.924460336469806,0.023816507730555887,1.7811764803479608,0.018765801606150847,6.723435785904131,0.07843463681861912,3.5918411945907254,0.2118985464015837,0.0017994500891588116,0.0683212170913843,0.1380706294063982,0.7631215206443434,0.22071694490566993,0.018576246891828442,0.08677203552412537
650,1,0.03223409419404562,0.08664601646809741,0.002843571188042906,0.23687097013468497,3.896461420122348,0.02019437215789049,1.7097892230845126,0.05922769405621648,6.72169267650974,0.08756903786668249,3.5625424039171762,0.21625148823066884,0.009622927100578093,0.04423958321977683,0.07646831443836279,0.773356726764169,0.13891626657492415,0.0069691841407293394,0.07346969953883936
651,1,0.010556161083626591,0.05932492259666789,0.004773077924517361,0.3121491015258187,3.902291943443643,0.02357819196422412,1.6349469009944924,0.03767654656038611,6.700448283562638,0.03269248693020869,3.5289771011884326,0.20624484763534298,0.005042157650384938,0.013387037096073553,0.03422251122419796,0.7416984223186011,0.0556120989143988,0.021900703105064437,0.04625934556538632
652,1,0.017148370987912054,0.049372442125732795,0.020581684804327587,0.34582104069915415,3.9532165905499266,0.039553952850673244,1.6630916281929928,0.04354447748445291,6.629556647141222,0.02110210016628961,3.529512309718627,0.19754320754804974,0.001440424657253932,0.05901795370795813,0.06070815622297236,0.8004319816445918,0.06299356339882396,0.02241035510722493,0.021113634880329548
653,1,0.008404749809690875,0.08852817051392153,0.004647261365520351,0.37211639992160855,3.9455577465610876,0.037231228053446905,1.6486002965280235,0.03138808356758923,6.681683999470885,0.018799166387612958,3.5849523445050955,0.26563060727744975,0.008547846004251363,0.11203898996173724,0.07564650775997746,0.7856987491545652,0.024521093426319314,0.01813465474416077,0.05637289844896168
654,1,0.019599686447844607,0.03611697235874077,0.014495917303272819,0.3576012270890517,4.003116512130948,0.028096241647397418,1.6743323397566106,0.012178477941686338,6.690134386644609,0.0440626525353506,3.6941796790468198,0.3369400233489229,0.0010976318360048974,0.16646356532207493,0.05482170228560515,0.7959427996758975,0.055415039884369646,0.016542276587223553,0.038718542541525514
655,1,0.03098880745313117,0.008984243496058492,0.041593425727854044,0.36142817538523375,4.037556920693738,0.04612051165245404,1.7333392030141976,0.01734787199239306,6.642601672476734,0.0650315443401645,3.6599396106818753,0.3920067051217304,0.004284708761564434,0.08980513754583729,0.030188573270069158,0.8021901651697683,0.05460887679545982,0.0027579403418774642,0.012819945601095842
656,1,0.023194278305938728,0.028691314503065765,0.030694922997349508,0.329191662821884,3.987082089800961,0.025294657621414692,1.7205993815253362,0.006081268537394874,6.627679184126885,0.05124982502861619,3.6355101760870263,0.4215292388256037,0.007300454502558678,0.11497220052279006,0.028235565988690283,0.7982664163028412,0.06717908988916349,0.01103080931802722,0.03307896900156643
657,1,0.007378982726460669,0.045499337172241305,0.0026989651044899542,0.3138614987298685,4.072622194244622,0.014664038022171316,1.696938584164941,0.028268168648437966,6.612374475085701,0.02273135439222235,3.686542982430202,0.3591388014215129,0.00010932321617012555,0.14108054915837195,0.023152834821713694,0.803636261487672,0.055232028910966846,0.04483465394726823,0.029826392629770875
658,1,0.007687295376146102,0.0911471805225806,0.005535280016180751,0.23875036334821925,4.101872873837769,0.016357311677088558,1.6320977243322814,0.05506190127147344,6.6263504233469295,0.06123206994752793,3.6995548386273307,0.3669470668726179,0.009340758280478196,0.11672441675364026,0.04624271796892255,0.8410585360932167,0.08418699498501965,0.019753644618939335,0.08472062813051859
659,1,0.02501259853742267,0.13835234596356533,0.02056526394551642,0.24451107764487773,4.080639967314841,0.009203515140586361,1.6464938533603681,0.0233799631901787,6.566113387117757,0.02680995537327056,3.6591835646039543,0.3562914361842716,0.0024414332473929544,0.16599676755812978,0.15144826802994502,0.8551999775324364,0.08159411053571873,0.026015002286761242,0.019359214386223313
660,1,0.028305340689406887,0.1375561198237826,0.038573807149295786,0.17452651406741407,4.066681735888258,0.03929757083468996,1.6732420960115475,0.04673098465332758,6.583297390409937,0.10020792587674003,3.6979556143725163,0.32301715674536924,0.00804285558643861,0.13446912333760883,0.17924422816475366,0.8346896499798797,0.11315481668419032,0.006726757454637428,0.020698564902575628
661,1,0.02007767145376642,0.18973190913496157,0.047492590611283525,0.1710219168170934,4.165455192977405,0.02096475776589388,1.7176679001258954,0.06665707503072571,6.478393312345619,0.04384665210896575,3.769045585795325,0.332511278892922,0.0007478779092772572,0.11452997160512376,0.145610607196339,0.9558236749989613,0.06477710907988099,0.00021003997165684217,0.0682667019422749
662,1,0.001960239377931424,0.21718940820370652,0.018174059273601866,0.11637372369252336,4.226626209549834,0.050349322815623265,1.7002878454051,0.05588867939873587,6.438090433712675,0.058483609312528335,3.7921774442653144,0.4324118601457734,0.00949141164942383,0.05486073496034584,0.13302344891109671,0.8253873309644763,0.06604145643630732,0.041586480922071616,0.027641610886151507
663,1,0.025047625268307682,0.26192760184508673,0.002963740671105837,0.13244111041421888,4.285207971348752,0.014505678015500626,1.7502168613026634,0.047903713197337786,6.41337788550092,0.029791974507744307,3.7941462871304124,0.4295439534022725,0.0020901461269992295,0.12310922069182598,0.0982945731204113,0.8195674667993078,0.03749729156351764,0.013693319175567657,0.03343359840072124
664,1,0.016281868048057792,0.22300027641114273,0.019932412896795926,0.11881099018804685,4.272184040433209,0.06811171424257137,1.7208393768158718,0.0518766248002543,6.363058341812452,0.05237133676091901,3.7745598787638834,0.4494745807920254,0.008798716972949582,0.07941147196790584,0.06300911704593026,0.849308612698562,0.04657711034304994,0.03674050250701173,0.014837298026179174
665,1,0.04238807536183537,0.24437962092949997,0.00688899816131275,0.08740870311196451,4.3757149557882995,0.04594353556403391,1.668256692122956,0.018360640537568428,6.354377452799369,0.05847821389014188,3.775687940886876,0.5157584499476688,0.0035011379992957725,0.11686087216824524,0.164577902270162,0.8653745874694861,0.09616359672581505,0.013461175546681473,0.005278343151240323
666,1,0.03922140108662875,0.26152731583694594,0.02550766571777421,0.08186217816972674,4.372434887353281,0.03133643158996997,1.6178282657696181,0.061142424161038635,6.336036992455375,0.0903727696785523,3.791340479424232,0.4350994428296742,0.008489942072390684,0.09090755436353441,0.12937473599638674,0.9790941157209597,0.08121017381684441,0.010062487136138247,0.007281216289004236
667,1,0.01930647455870181,0.1823000806290816,0.0026793060988814766,0.144230443956161,4.322126324487711,0.019907880145096965,1.581989715623034,0.03558495695246297,6.2833722836717945,0.09492986743043397,3.7447101796959603,0.39844113458237124,0.006507462905541061,0.059468998778948304,0.09725847749920256,0.8977773064347221,0.14425365216579702,0.03919693402576445,0.02921832848651883
668,1,0.003380243141500474,0.15872100909029146,0.018529292608952863,0.22642828065301376,4.438007592510756,0.01586450292802588,1.4931145910810013,0.026352625363074023,6.315505744957423,0.14067500455319354,3.7200178889405704,0.40274121589612233,0.004270564501736298,0.02972562340632136,0.03292198679062019,0.8548076854420976,0.14119583987929724,0.026075091807048475,0.04942714720019792
669,1,0.0020067645558804383,0.1720771353161223,0.0005768718808706265,0.24838434021102127,4.5112955805431625,0.01941031884149864,1.46880291669306,0.020366584071706703,6.365925663577569,0.07836411395047015,3.7716115303344355,0.3677293392671408,0.003694974393566079,0.013001001554132526,0.03059182404910361,0.8106852400850052,0.12518101085547062,0.037865257418115056,0.05004936686379262
670,1,0.029655195314519305,0.21446044353109975,0.01074926501815149,0.2370753529662577,4.579273226679962,0.024425323185686385,1.556716735392495,0.06622106942280694,6.343442359897795,0.10894459516934017,3.7245735276988508,0.40292854195539785,0.00915448976406409,0.06724364241318333,0.06341595570698011,0.7146170735273397,0.19250888057919607,0.023242302045575574,0.02885465630536558
671,1,0.026314037179615293,0.2665448677706515,0.03132161208889329,0.24786290789182575,4.462870840641851,0.05529213245200289,1.5920568716907635,0.05654327899002299,6.3560839595875,0.12857977094667392,3.7503931119311833,0.43892752261355034,0.009514836411435352,0.09436153027151767,0.07191486410556464,0.7188273961675088,0.17255336683152567,0.002990352777704387,0.051183457178354694
672,1,0.0015336085084259056,0.41880447524877407,0.02667860534786838,0.15468004833372223,4.364366635413888,0.04745652412276875,1.5860827681401688,0.06691396204077373,6.250249099916299,0.08947594129942131,3.7549553061187395,0.42540070556618204,0.005086783564628072,0.09525709934775443,0.06678969608379114,0.7506373914562628,0.2342529110989143,0.019614119778053066,0.03644814481953639
673,1,0.006703136607559721,0.39538240429483806,0.014555645083489664,0.14359559315922926,4.440540148071729,0.04357479696132014,1.6372431906881402,0.05570282324287164,6.2915363530617565,0.08700471795733164,3.7835577990623612,0.4312603577809568,0.008442131138199693,0.0988392086392073,0.08816426492526915,0.8178434348674041,0.1771853096302767,0.012072577307064692,0.061647801536339045
674,1,0.008249773444867634,0.41923202381387775,0.0046927006320645,0.12730032513359854,4.542665997675,0.029869700480515873,1.6690717144924532,0.049555057523807455,6.279028771923124,0.13127894938011972,3.8395679089381756,0.4484917753011972,0.00011558550030215895,0.1554687259722059,0.0397505901998747,0.8371800548590596,0.22188901473194467,0.015519294985669745,0.08188235417184671
675,1,0.005765997104532647,0.3439643832927883,0.009839524452255995,0.1808431101411139,4.54700897447043,0.02137718001406961,1.628607014635038,0.030611545511746094,6.230564208042739,0.18005826965221886,3.7693467888049206,0.42949363385462497,0.008339529610194664,0.14835031778304567,0.009915111812227382,0.8266839246913046,0.2798552220837489,0.02990803504850867,0.04746562561649885
676,1,0.013550987709427238,0.35786863411393277,0.02213205684112531,0.19784349026253628,4.590111054809906,0.025497767024612723,1.6000853417380694,0.007017546464068379,6.226947456321444,0.17670077071887771,3.7991959339498282,0.3288792219796779,0.005395257636296261,0.15933567023157286,0.034871298403898736,0.7763021685434295,0.31720006431337444,0.009592242735132024,0.05847526332036543
677,1,0.015574576853513253,0.36848194641493837,0.01944590845157531,0.20180332906438594,4.575039837767888,0.012028438058161542,1.5915689114334695,0.03860556197223073,6.258428029315434,0.10053052468944985,3.8202213363981326,0.3716037238335712,0.009225404482133718,0.15283628502378788,0.033703332928455516,0.6927635028394149,0.3436421503169152,0.02892756906707088,0.031027337907057587
678,1,0.021243670651480872,0.3231553012597149,0.04613537529937321,0.13025323445159817,4.495353098802191,0.04117509658217578,1.6078980532849576,0.010215498277209616,6.247999263474019,0.13294177030627397,3.885560075577323,0.37762683140860126,0.009166371661437607,0.08905743809519108,0.04151906928998992,0.6888950024312884,0.4329529960287176,0.0002058106701001807,0.04645062856759156
679,1,0.011761546282736915,0.3313584873149544,0.038206564727128425,0.12346356816563006,4.547181517228479,0.03852999904915147,1.6745963028886708,0.042568924980072025,6.2517856411215105,0.1708289242538807,3.888400467750817,0.35795897509889024,0.009580510966212423,0.06125620300222428,0.004306552453390443,0.6970773962507567,0.4560473792449479,0.006373115501804326,0.06253020760441762
680,1,0.009988131365145356,0.310451133010476,0.011493731797837749,0.09818115803689978,4.488906133696561,0.015359712440266536,1.6281396767392486,0.05460757885475961,6.210406585051372,0.16541720494915335,3.886343166899854,0.3305370313059023,0.002934113905311272,0.06793660648369226,0.05102924619171114,0.6578793207782313,0.4873221533672282,0.01962317357231891,0.04705885859274265
681,1,0.017860365920266425,0.445367335294591,0.0024803245940861417,0.16672749929977132,4.45527506407415,0.01707761173321724,1.5914651253974523,0.025785562202810832,6.099445552804648,0.16223839990354258,3.8461591764780065,0.3699668736081077,0.0036828401379006893,0.07395626532547686,0.07979046150649802,0.7677454638336354,0.5577118084058502,0.01337948189040355,0.04586835979282572
682,1,0.010191301217447388,0.45152899506284255,0.03314240225593877,0.137515089121541,4.513497277786918,0.03544481641140841,1.5871423033978915,0.025983835344318626,6.10675551517812,0.15003589738962309,3.8946813219326994,0.37595135664298834,0.006772863311126509,0.021648778022034514,0.06543411182072516,0.8151779780951991,0.5403492922378529,0.012174604558364962,0.03355627915365811
683,1,0.007275095036155139,0.46387266218412504,0.04890172211695647,0.11631347883420058,4.430415870775689,0.020261665081334475,1.5921141777005305,0.05762794904292829,6.116358376315656,0.2129722946050294,3.916254846802363,0.35735102846593864,6.465470981078357e-6,0.02784822232719116,0.11863724447674222,0.8389486637263034,0.5202697518731919,0.0008506295377776048,0.04597264390482956
684,1,0.019840165120129347,0.47849479410168994,0.013703064621648737,0.12137344883887295,4.452827399060942,0.033839740112536085,1.5903083046860658,0.06536178279208384,6.05659237518054,0.1483415193972951,3.936994353258684,0.3661563452106215,0.006167795597997942,0.07160465461551799,0.014209921135245608,0.7997515525825138,0.3165083120400795,0.019488765798072467,0.023833263043136384
685,1,0.01418925542794322,0.4668857595736788,0.012390501372241724,0.13407619864654055,4.5077755745544374,0.03235505968077481,1.5650996007811868,0.03735775256357203,6.014693812599508,0.12642505002232166,3.9281603706994535,0.4394860484114948,0.007912768364729454,0.07859688465253516,0.013307965027537923,0.826155708941627,0.23250890032962987,0.03783077545422303,0.019417923792101287
686,1,0.012600326326716576,0.43393249752818297,0.011147076013071562,0.18365928352118385,4.5417894688792835,0.022342712083126878,1.6390710424968653,0.05616628381035051,6.067069594167363,0.12966977780924668,3.8636851042600693,0.3870775735726224,0.007353561179218676,0.1319886637889688,0.014465690331243468,0.7364018285661673,0.21338928945132649,0.020034441621011537,0.03632780638023425
687,1,0.006856634791652127,0.4209675709816032,0.022693016891257498,0.16583231753164862,4.60669095393836,0.02538403344901737,1.675719503857327,0.007817156913075836,6.055358502342543,0.1753319751590531,3.850250910413045,0.37596929413186736,0.0036181389652339586,0.1991042381057949,0.02076704710393719,0.6120219873060493,0.28972135952914013,0.010132329598576698,0.06285136038338845
688,1,0.021061600025153095,0.41023693737037337,0.03027206628164719,0.14139666740936574,4.601949209948195,0.024084503904937615,1.6703630246550178,0.028625559863419255,6.031016580631808,0.1372935202224271,3.90009237255538,0.356295018807393,0.00660960177057973,0.1917675748792885,0.017528459184662705,0.6624961443171072,0.3301285514014825,0.005041683911558506,0.05429446885617329
689,1,0.012077609363472805,0.38513940054543044,0.011594780766444938,0.11352138968011201,4.599761187588046,0.027521803502857642,1.6712822710765074,0.0463757312886848,5.992539736992391,0.12286137343625646,3.9011046003920713,0.4640402353563593,0.003446103688516895,0.16409479412543349,0.03900478524655088,0.6293707634682177,0.30498235681564106,0.02405627173466003,0.03533502430577766
690,1,0.027620465576396316,0.3300560203629362,0.02102453421462081,0.06534736972390787,4.622341582760189,0.02561075360589734,1.6257166573241815,0.05649689183950969,6.0481591492766285,0.14035779177554777,3.7946831530742577,0.4633727091523072,0.006775511747568551,0.17937403651835473,0.14873726628447062,0.576611089592576,0.2765132408102629,0.011634598796928786,0.042186222812656445
691,1,0.016677363273214035,0.31744721254985553,0.03236316293098731,0.03416144257200993,4.627498131393648,0.036606773241954826,1.6895018121435104,0.04035253101498381,6.003543069608938,0.19155654007854997,3.8461431763167435,0.4323171341285217,0.006698323238776016,0.18350271487986594,0.03355521253749714,0.5026597160754986,0.24362478102151805,0.012427179346125167,0.03692379677016227
692,1,0.02197681798021011,0.3761115562504049,0.04116097858639692,0.05384285387051801,4.590272753267535,0.04699916089903261,1.657031831217491,0.04065001589233497,5.944772510395639,0.17412753306423887,3.847104872585263,0.3947217741529301,0.007480986077776436,0.1503895246933444,0.09596136090912331,0.5676964312053365,0.3296365317012954,0.0009685692061315928,0.03487007362339771
693,1,0.020382163686564498,0.37827608400009755,0.03610544330746309,0.10008344446476666,4.514570479861189,0.020183948593347555,1.625205570627777,0.054491112292430886,5.975844204386831,0.1624945058035248,3.9580026499245538,0.32660898834340873,0.002307668529657521,0.19943733275073539,0.014889741120232895,0.6025885057607673,0.38885978002940486,0.018625688355221034,0.014121052821929539
694,1,0.025196161183819638,0.33750211979933303,0.015522404867604417,0.09350583230188325,4.550570613219225,0.0331714701469047,1.6112622372962413,0.06457376281310655,5.905244171132553,0.13515376124314327,3.8951721527533474,0.3935527760849587,0.003963501338649943,0.19813150182687606,0.08915536018864896,0.6062422654955664,0.43716868895809186,0.00653619775734284,0.07287873133180117
695,1,0.01283674712752549,0.3303041912139758,0.04073977206295389,0.0940094033267833,4.574619374490258,0.04182505627536638,1.6058564951178051,0.03506697198259127,5.880131442176544,0.2805146310320447,3.9181358382001195,0.3645447985449101,0.003649486212849449,0.17000677773148565,0.10159475190336842,0.5917209418210473,0.39798661754776066,0.0049917218590693185,0.03803622549359554
696,1,0.001423456010206664,0.3606283261249889,0.004130560122423068,0.08862717370916233,4.5136799786750945,0.03210581238366641,1.704583383476354,0.0397019053519741,5.84076129110799,0.2711153970236341,3.8846113860021005,0.3856629202685673,0.004145112293798728,0.12473453420715233,0.02315103562461502,0.6127659049545906,0.38339509869789357,0.02038751416236643,0.06850724441814122
697,1,0.006351050469099295,0.2665054905704542,0.04957177043853276,0.08954011777099802,4.526451143038971,0.04066065942230091,1.6949200633621033,0.02432971253242247,5.861303174102765,0.2472397770791909,3.953722613521816,0.39404557722889405,0.007381000290456003,0.19840427433196445,0.06019576461852186,0.6410730742281583,0.46448480733232506,0.0030794277929609235,0.06674319074154032
698,1,0.001848481816646334,0.3501476019743789,0.008437196264181273,0.1357424940442172,4.486442612205574,0.02643976820085717,1.664370531521517,0.035234281304093874,5.883785464098537,0.27078113421348327,3.933343470587098,0.44438381468298827,0.005368102857466992,0.1595003071273154,0.0895198021955024,0.7116214858555044,0.45851478574491467,0.016511649995794783,0.08728928689646648
699,1,0.011743663294588256,0.4229443040506104,0.008149688973151882,0.05725932352336085,4.582070608524027,0.014945061419971987,1.5761540819724336,0.023640208267658846,5.967028854885315,0.30487928778984796,3.94639681816784,0.4678542584073065,0.009111550406426019,0.16220883610814493,0.1007458157674897,0.7792981182357246,0.5148742463387731,0.036087406265390115,0.0283424481873885
700,1,0.016830517353829712,0.4413439849839861,0.016638664814562026,0.001079771822515103,4.686877484171371,0.01605804610476486,1.5827822112213594,0.06054814587333385,5.9746632568699525,0.2806052328731909,3.961888166318523,0.4675181660730455,0.001445294377380419,0.06417038821469734,0.02720461104938736,0.7742836361625195,0.5082771162380965,0.00908234395016193,0.07317468584617548
701,1,0.02858374202032208,0.3984197404603647,0.0028579589770816307,0.03723055454529181,4.8120274503345914,0.021701251977977412,1.473142028440939,0.019526471446523624,5.9965185410774176,0.3376399915300705,4.084669229124976,0.45438306068550993,0.004773466710521943,0.08875414193032714,0.0034443912715850303,0.7724504604728203,0.5604877875351265,0.019266151761574386,0.03867557779504102
702,1,0.014521373056362261,0.4228479388705146,0.04200616799401262,0.04610145571136308,4.841289085606834,0.018315294971987167,1.4688910020410029,0.02737528627638349,6.027910484765923,0.2666032067891075,4.053970869827006,0.44451284925917073,0.009943572881588729,0.05901952768665208,0.030686497746089118,0.816289942572608,0.5956052637235809,0.0070131212145460075,0.052132942580452646
703,1,0.015594856055349937,0.4333377926140412,0.015778504676630473,0.0942760406350551,4.819889982849535,0.016407646481271288,1.419454745138218,0.03582209917222882,5.930690968603852,0.25716066740263754,4.0169549557293065,0.4709842603216918,0.003576695142315154,0.061841226848741014,0.040278193429996424,0.828662022845791,0.5815767072880025,0.032020342369827995,0.031448045282599965
704,1,0.032315042398010065,0.479099797495148,0.017839934541384484,0.10545208501858126,4.895470633700764,0.028352185278971057,1.4466635096941385,0.0077670533501921655,5.89928123349944,0.3573231006676466,4.014580949745319,0.5307236332311204,0.007993088492742497,0.07044428551440966,0.1010101135654487,0.8812815838904826,0.7089830931206016,0.016911210668769577,0.019021767828329796
705,1,0.015105521184954151,0.48372398742204353,0.007351963683507843,0.1977319412820967,4.889576306060547,0.016521134821794688,1.3607570832669225,0.018150759878111794,5.828986858627419,0.31747995149855823,4.048098526781714,0.4799786082459958,0.005257875980036266,0.0623881836764666,0.05820455209851816,0.8586329650845259,0.6788196425217335,0.01030522156517307,0.07254234159857964
706,1,0.005376103942163217,0.42696490720676555,0.028463770006222067,0.2607719444076441,4.817807094800163,0.020385238835748335,1.306236031142056,0.05064838690258188,5.839781690459168,0.29798271517187164,4.103471749110023,0.527516974700435,0.008363266987239801,0.09751972376743807,0.04071914874040846,0.9282544329203377,0.7158161303381664,0.00707870565015579,0.0740017167270402
707,1,0.017089884990443487,0.3455812734068783,0.0051225952260670555,0.23990651306152364,4.7917750877600955,0.015782762903192537,1.3894033607729952,0.04459530932452851,5.707821617690188,0.2920737522588055,4.0743749711033015,0.49321308596462843,0.00309257623487394,0.0826758468297415,0.045709832631316664,0.8300687023449077,0.6251348202513262,0.03031241758588554,0.028023941403719825
708,1,0.0012914759324511179,0.41028832219043315,0.01770864978526998,0.292651893592429,4.903515839176438,0.015564207535571568,1.3961995358754675,0.05221428946997346,5.616554865167175,0.23775064736259796,4.100403539866147,0.5557909132055997,0.0006947517070200061,0.10146589716040884,0.02005489785836762,0.8346242634331728,0.6083642943856447,0.022949812283913813,0.05062679833066827
709,1,0.0056260541680003134,0.3417690089870056,0.0051986208803197756,0.3916140127024,4.868857987859201,0.031703825984599296,1.3779842297543152,0.055729366321037116,5.5608706685964,0.2261136571870997,4.12969028172961,0.6285759320954998,0.0009668237321670364,0.0731206558925912,0.01720829502411349,0.8749158802477449,0.5931470579594018,0.021156341390460374,0.0578049397838317
710,1,0.03426030875495715,0.2899549919112193,0.0018757927800977531,0.344737892360994,4.790033843992106,0.025386869031994132,1.386646480819208,0.006197226867811681,5.577240263131205,0.15737298309233036,4.153639073579556,0.6100311805153827,0.0005404193064417607,0.024262020641832485,0.010370659907691468,0.7986740672328777,0.5301653766365618,0.023589517072126143,0.0013991473534541315
711,1,0.02702455159398197,0.31773597877681126,0.006624877683187616,0.3801207408088259,4.795437662634304,0.022299575390135364,1.4283107664570418,0.024088986950938973,5.575590384060399,0.2498597273609858,4.13149165289047,0.5946538494301973,0.0005004876005742351,0.027755093548091185,0.09957448553827446,0.7795781831238889,0.44060014668708797,0.0151712374492568,0.028481894193223233
712,1,0.005754389351616544,0.332144789458714,0.014478003382704236,0.4378675112847747,4.771729384414577,0.014332124159543887,1.3794954999698248,0.06630036962400003,5.590673526117497,0.2807114565637045,4.183575503621239,0.5630996370832207,0.0065963534934233275,0.02307945789017744,0.1440976143090639,0.8181573766797247,0.47691649778080386,0.014750150344558894,0.06898338950598122
713,1,0.002649786698003671,0.3640735784637694,0.022363840940714405,0.37807704533451236,4.744896880396636,0.025676454868698757,1.3593823768306375,0.04847558670797438,5.704564790361333,0.3032365787080055,4.212725188742218,0.4977104860675158,0.009406418935808857,0.039552094572091204,0.17851065538022656,0.8559323541348426,0.5172882918951143,0.011938012158259423,0.06455732116039976
714,1,0.020506328119315246,0.36730852657110213,0.01605756732070666,0.3429095392340958,4.819363907938479,0.0145026414999753,1.3883626872923214,0.030925083724203755,5.738733017323026,0.3296081113475769,4.195526936926774,0.5286835147511614,0.00015874341971078445,0.0607953139315689,0.10588812626166348,0.9024488925053352,0.5597153647904615,0.009238451252029697,0.05893562126213752
715,1,0.02281436282155405,0.4456157945798225,0.03166033950765926,0.35350065283575,4.83200824567257,0.020496465798899795,1.3861545620597324,0.015489766136451831,5.650114519461936,0.2933007879074112,4.221029863961013,0.5200439932014168,0.007920254161825171,0.04300963255019957,0.053088996595438184,0.9443209951693631,0.5149343068373087,0.004251759958582079,0.03411945011015189
716,1,0.0050286121955919125,0.39660381601798905,0.030459173009713708,0.3400043251107146,4.782859042969006,0.022252142923676912,1.4940954123811416,0.012901852347018314,5.729809581751014,0.21160204957698697,4.223138025771341,0.5006143268148332,0.008571872228392672,0.03879517776705825,0.15008977081435868,0.9136601825835978,0.5098555724104654,0.004308901259263533,0.09356749261875347
717,1,0.01800162311060376,0.3819492475100856,0.023882459100213384,0.313432024256988,4.769417226424642,0.022461224755373668,1.4920886009473817,0.06924867019800755,5.690245213567316,0.147356799589502,4.175471407073903,0.4430283507151493,0.006745195398671113,0.04358056174066764,0.12894900857188424,0.8993365225798833,0.5621399191440418,0.004938243718306247,0.0768488262411199
718,1,0.004889518219053546,0.3090763226872595,0.015263789802134763,0.2381806455818036,4.756394187277938,0.015960661533724486,1.4171489614948896,0.061061256749643335,5.720190842507773,0.17267612696856766,4.3449331837895775,0.41602404710860846,0.0035288742482304037,0.040017657567991166,0.19762062787763868,0.8902611247232665,0.5692439470259736,0.009469557604769786,0.07299485220829402
719,1,0.005558037610425489,0.2958637326938804,0.010723593420224435,0.21500378277315496,4.825081832170131,0.026769647087751806,1.3844463342363347,0.06783166934993211,5.7696068135457566,0.20228947170338327,4.3479327390274305,0.4080738507394622,0.00043664621710676514,0.0026428534576730368,0.163844425578356,0.8881285078876048,0.601553122577866,0.02039402518526629,0.047091843015043065
720,1,0.011651109189965389,0.3237396001268664,0.019665578058427877,0.09310448126784712,4.78949340223076,0.01300508223080563,1.3885251366240645,0.05918455431344318,5.711725746243264,0.20506376025558315,4.3607355642736545,0.4202908743403948,0.009480049025172075,0.012382236418423835,0.18866884891796348,0.8209966342349068,0.62210388120877,0.005715477956049997,0.09507255335099198
721,1,0.01597809103920623,0.27428930731329354,0.014073538172951096,0.12753638937044237,4.845166309870842,0.013102892287788832,1.42484558201747,0.03728088794938769,5.704831678128779,0.24326704316216294,4.373064071132537,0.46159818603442876,0.006954898077650721,0.015230218185071113,0.1219141607371466,0.8257358325871762,0.5864307901609261,0.018474940264440326,0.03999189379286169
722,1,0.02692367341896292,0.29945790247348714,0.011240701869507078,0.1001882562500643,4.852299674373604,0.012408954080195258,1.490354355856106,0.0664592415333793,5.761730059832581,0.2117202732197156,4.362985588101366,0.5270716884027759,0.008674180588285937,0.031615683416280675,0.09237164829179331,0.8531346886431277,0.5692346314342966,0.010963139743556376,0.055691665515901954
723,1,0.01078969085097457,0.38259468125617324,0.0049194519236344545,0.012942728626109302,4.778927673697609,0.035909025447985736,1.5875493721295442,0.04909119933178316,5.770753383500355,0.3251238792919495,4.324437830217802,0.6316924483986562,0.009174716905395086,0.0313971661560572,0.065482253516654,0.8485672290198314,0.5909972461125552,0.012603001782716353,0.0729166042140564
724,1,0.007038023201553928,0.3543046555516828,0.010459200963236489,0.027357147068370766,4.703770856423225,0.020429821645330876,1.5303566816222944,0.06577804258028357,5.779340756303564,0.31143335848324405,4.247957472000605,0.5852048770317022,0.0019498803547456699,0.0591469266000021,0.054923513387020846,0.8277325078519994,0.6677095374468507,0.047417455677335324,0.024710208915100628
725,1,0.032175606091429054,0.39608642230175023,0.0327227976695628,0.06248710941855729,4.701709140051715,0.018452592147059046,1.4502894960149322,0.0325699140768591,5.82400581279556,0.29005281734194677,4.1944031494984575,0.5285709518952401,0.008963198110920702,0.004122335166617922,0.06869654874050204,0.870737880670506,0.5903045384384195,0.01828788353971999,0.006150714092036887
726,1,0.01892264538935504,0.3837775239531844,0.02020139056652777,0.05032336233673629,4.696174305291632,0.032874641395503224,1.4329615869098242,0.05351588119056555,5.870659442830824,0.23026576223697717,4.251166340655878,0.6394795346936483,0.001417942577349104,0.07924895351760022,0.006213773253168178,0.9520219646583009,0.6417620652934742,0.017932196209193604,0.028433340140829284
727,1,0.004055881461399904,0.3816823596291075,0.006806490620273883,0.036191261660509344,4.6905981110766355,0.017630988687467007,1.4091278596062866,0.016112175628434085,5.875055804842807,0.20791916399345486,4.284368856556028,0.6261277306964512,0.007131127887592758,0.08866786133393277,0.06742760858273675,0.9449462649766391,0.6438154343089729,0.01222803891214778,0.08772958164865703
728,1,0.014035169484941143,0.33600816764468794,0.02885799299307294,0.08841324515037229,4.635901564365747,0.03148388141460132,1.3939205668882735,0.013797182198597185,5.824577276183533,0.2819913662864283,4.320631629003378,0.6156980652604891,0.008340029802655823,0.09736329476527077,0.07391560385014423,0.8728392046876746,0.6580266424473467,0.013423658803510744,0.027107403929200524
729,1,0.005980179344872227,0.3133869782672925,0.0372871926039497,0.03689155352304945,4.673295529726276,0.011854329753933367,1.509407082720973,0.023478494517300417,5.817282407163548,0.2762578002247884,4.286168808918527,0.6289889332037312,0.008579295904608602,0.10906291565852796,0.08002550966426307,0.8378924490628823,0.7301617487224,0.006694098501728874,0.06635382156694265
730,1,0.02692632422609659,0.31413233327946305,0.03331193655295188,0.07482021255644226,4.576760420228402,0.00906880794162472,1.540727575323922,0.047624292258806294,5.770203683586271,0.32823147229666155,4.32478443441025,0.6036506900853412,0.0009239781543057802,0.16704371254980174,0.047585392538834564,0.6974148171914561,0.6832360879376562,0.009088619573996043,0.014774791734324643
731,1,0.022661435002363742,0.3255076461523413,0.037134950572766834,0.030034613194415173,4.633525809487722,0.011182656122273336,1.5338593905728977,0.019120614906771777,5.741881462302814,0.23280950747868503,4.321609903262687,0.629387974768007,0.006379958326658722,0.173979149879883,0.11751313440625717,0.6995166035387926,0.6847371776694863,0.007866188165912216,0.024030859910474156
732,1,0.01014455648962341,0.4004633524823218,0.03672359478630323,0.05616967507172944,4.684534806202936,0.028722704480988407,1.5310377555303594,0.04116067630938073,5.646422146140404,0.1917791133969517,4.346532890836198,0.5189282270196682,0.007789821484735927,0.18557915753231788,0.04782797365315748,0.807516608822765,0.6411742282977528,0.01812961562736192,0.022875323661651844
733,1,0.02840404109959068,0.3502260987005864,0.03469995529899988,0.10237418246279233,4.690605978745976,0.01513042428265203,1.5244924385166294,0.029835023752753535,5.599629142909837,0.2397415964663734,4.33465332045682,0.6039876070634863,0.002822234658643833,0.18242553773903594,0.03789453047917942,0.8325205068557542,0.600479442872487,0.007477133246998952,0.008872312365741122
734,1,0.014058802044657981,0.3451821477011117,0.01373364799734953,0.12229257014046946,4.730975540874397,0.01680678672989251,1.5865717746098977,0.016818257371037714,5.597180256335135,0.28947232895474756,4.316116801626738,0.5868423435818225,0.005156058406965954,0.17624936195975816,0.05281810997886534,0.8331482123085787,0.6428662671071096,0.011552374206812814,0.04643182881631063
735,1,0.017569262691390575,0.34132070268687936,0.038927781951527095,0.08659791082332247,4.782136524065938,0.013288762386947518,1.5646120388040465,0.06531582413410573,5.605029044847455,0.20949068051643108,4.310841195635443,0.5932307117122002,0.0089275985995751,0.19153252152809797,0.15698699370366132,0.8537963003586337,0.5788775955491691,0.0005822437488381302,0.06352854425257412
736,1,0.01879558431954895,0.32520414031717415,0.034583742572226024,0.059985487734397026,4.773002899219273,0.014399358032030013,1.6263961938565519,0.04962561917216447,5.607818600711902,0.20005809012241127,4.292028237086489,0.5252971146596889,0.00592069868071807,0.16561489419275205,0.1630566083681587,0.841334842302411,0.6717369763719538,0.006901198602182621,0.05449351319109347
737,1,0.01801324199350823,0.36550505339045325,0.02833153565209526,0.09505249688505875,4.7967032541087695,0.032494695242518565,1.6565404936776271,0.04346683070144181,5.507228922091136,0.2111440102717351,4.260301483369206,0.4550349730672462,0.007799022865887603,0.14504952547039815,0.19326565759985925,0.774783958047681,0.6872744533100735,0.011464678065907499,0.03826835214748247
738,1,0.01804142940771458,0.36215922834226466,0.011031299720227636,0.12083735878500797,4.828764461787752,0.01500387761714039,1.660190337950902,0.018508823616611048,5.430553853389141,0.15739606633915815,4.3100612590321985,0.47176726557844445,0.009314406775912986,0.1693853093902552,0.1637067447984894,0.6970889419293625,0.697502673083663,0.02084524547325976,0.0408597120053066
739,1,0.01398131892101534,0.3545817511565217,0.020840044458505142,0.13362304921997822,4.866682163379201,0.021276350322796733,1.6835636438309471,0.028580722651926006,5.5080506599698325,0.1353634247209255,4.355310928848674,0.5162031661548457,0.0033241615981623603,0.04941131958863089,0.10621637615210558,0.718668728894895,0.6868982826092678,0.005056023303847697,0.09688838251873019
740,1,0.00560299353470659,0.2943159394598776,0.025763262444102514,0.17114511575304744,4.938367802174654,0.03153318986585161,1.6871105671220916,0.02276021263420715,5.477902798214119,0.23129005464767108,4.369852154197728,0.5367958524107331,0.006805347098095179,0.06670487603823796,0.10563443837459686,0.710875851934522,0.680611246898852,0.013216536600263661,0.042630348443527505
741,1,0.01648076107499176,0.26830956548278645,0.016984027251245835,0.2170721255799238,4.9167133884987955,0.0344016882293219,1.6721234279906154,0.03988405989781932,5.481442370443712,0.2335215628298785,4.303237148349721,0.5416970446024549,0.0013866311240977806,0.0967941258936773,0.12774666478924215,0.732110417887023,0.6147769898524251,0.01007976750621271,0.06379927348344165
742,1,0.018660743937768738,0.2314157328260188,0.020633146521471562,0.28838436224218156,4.940529206969953,0.032623951646192854,1.662319218552444,0.014380542887725455,5.468929072860614,0.22824693510410551,4.215075032413634,0.594793794131584,0.005738321618765428,0.11984521597899611,0.07737351969634178,0.6451125973866909,0.5282696151294578,0.01108805035063608,0.07238812208434244
743,1,0.009358028172618623,0.30365706453133723,0.022874701284256605,0.20757917475755275,5.000856678259313,0.012646199360499275,1.5736169636311064,0.0025438787251942097,5.3607947382539844,0.19563361341314087,4.235906396177694,0.5962864113995805,0.0006835078651945176,0.09265764588911385,0.008522046614916323,0.6891593679807163,0.4834338309832536,0.01262993383099187,0.05946126157463837
744,1,0.005921574457841643,0.25277686341804034,0.01673457637487298,0.24193072223880957,4.997746550756159,0.026927043863394437,1.603203654046303,0.05748417700011129,5.389212586144928,0.18670166704448693,4.238375234037793,0.701053745515632,0.0005423073025159818,0.10430522650562958,0.06881660006860629,0.6824048354389636,0.49194618488517633,0.014270187508289399,0.0888180565160529
745,1,0.012977634825227177,0.3562292010042675,0.00519913126140898,0.25837505448672254,5.002792407721765,0.03785776878857237,1.6175573706131205,0.06827341008324232,5.450933787340762,0.21220712376695264,4.188078246281749,0.6544901416132177,0.007114882340941095,0.18036483895679165,0.07684130115017837,0.732389506908647,0.5081768744372454,0.043091260087278295,0.024816772579386855
746,1,0.03644320366156844,0.3067344294220276,0.028240732547725213,0.28892913374477247,5.04591925673414,0.035793581009546056,1.5232109004659782,0.01690701075503251,5.402968868773309,0.25184836251399856,4.130717670650844,0.616588113865327,0.00839912621407602,0.19687689541576878,0.09387860226975935,0.7363045945228743,0.4198064891530344,0.016637837723513755,0.007591688946743165
747,1,0.02035759897249986,0.2974909034898135,0.030998931751665362,0.3018167026070852,4.987950801544562,0.039327359437713594,1.4826172903165449,0.06726326127292664,5.439219214477485,0.24805813670453047,4.187239108437735,0.6695876219168596,0.005866872432486885,0.1935479850656312,0.13624193088331962,0.6821778143847282,0.4337728375447728,0.007192689986155169,0.055788710735401294
748,1,0.013082308754192896,0.25004245684433396,0.03906891415580583,0.32020954653810113,5.013946311830942,0.0328647000797464,1.5055727470806883,0.03523073026175275,5.412573592887221,0.2689489620568159,4.158564099866028,0.600913037501853,0.0038491009384121833,0.1583276262831746,0.14407867425939902,0.742378414874528,0.45092949067998966,0.009263084982104413,0.036873347597679365
749,1,0.03184014332301705,0.2811639221253097,0.0171522017064734,0.2531865399256966,5.018625754513999,0.048701777518599526,1.5373093129119935,0.03733219751759838,5.4791554129843725,0.18788290586757364,4.065918433973607,0.6543112117608765,0.007879978725756518,0.06896878354188364,0.16560123793559153,0.6962787370488338,0.38265489008351117,0.020154239159201996,0.009708701795947829
750,1,0.04334786785332823,0.32484090824924927,0.01002876364757017,0.2726770818333943,5.051151633924042,0.01156100050945075,1.5053104661335377,0.03126249122671862,5.524500919496885,0.18567192327916915,3.9731157944384785,0.6573380064101246,0.006884608381028896,0.06608565611143975,0.17512554287990503,0.6585384371618943,0.33390413427468835,0.02131146408363494,0.004873190543062636
751,1,0.031925102734216046,0.2805689409407784,0.021379613748229675,0.25702716196734404,5.055455804044372,0.0307067728947838,1.4827581125981737,0.03993357654618178,5.538257732637982,0.13202469527223057,3.96229767478863,0.5697378905479382,0.0011883568490441772,0.06291247607327333,0.12215266031394023,0.5471973947235259,0.32524857028374543,0.007344751251926441,0.0459496383616199
752,1,0.04236925581005775,0.35000134412783285,0.03690018525553874,0.20972925805261733,5.123414068626407,0.03566400274969156,1.5211788512321553,0.0411823201519081,5.473415424574197,0.09046285374525681,3.981121803658896,0.4775607305339743,0.0015097450484037095,0.06751758724694218,0.10062396675196346,0.5029784970645831,0.35331904929688257,0.00836189191199474,0.0019374900431280266
753,1,0.02804140947255059,0.3279083562166548,0.03218206112674365,0.26487271640236026,5.125200881224482,0.020795346074130184,1.5664521085517726,0.025182646176817935,5.4087778116676875,0.1478480805681456,3.9704613797001826,0.4478012676372211,0.004196181848778031,0.12054595373936047,0.11798529900200613,0.5434399611299836,0.3613464655781994,0.003916939581244617,0.058857982076334234
754,1,0.013686505057102411,0.3377851485289463,0.03025547321825236,0.33689687759844256,5.0922595925762,0.023361903040112836,1.5659679767080374,0.013175319346952727,5.432386272861249,0.1473902189481444,3.9386433527289237,0.45868319566595606,0.006855396798631998,0.07655676825270881,0.054767329059845986,0.5218872276471794,0.3278841101096323,0.010868224922183508,0.04682594549849484
755,1,0.01459957402870751,0.3424705224362061,0.010979501408025356,0.38927659402262327,5.169580848510097,0.012586259859321096,1.542595406341042,0.039635002907250486,5.433867693480528,0.11657382134825862,3.92765975423787,0.4112916496870205,0.0010550337215263542,0.020800623277164622,0.009372300780697309,0.5553506785159221,0.35382638888719714,0.0143858041694169,0.053217608609465124
756,1,0.0017372341019448998,0.2256221307801313,0.045694785929200635,0.39149986299248263,5.171174575511773,0.032519469599525036,1.652463300950197,0.0525804200849553,5.4730251859919035,0.17447289752518885,3.8776720477288213,0.4566995599213781,0.0020399915714641877,0.03190309065884158,0.021811877957488863,0.571508781204591,0.34838767575286145,0.00342311397950161,0.09434090299705292
757,1,0.010555944096613475,0.2040762423460918,0.012213778674064486,0.4529272211886039,5.280808721671201,0.04479383226080489,1.6419096017945505,0.03384185581762343,5.540825968374373,0.16109562448240983,3.7964420874070712,0.4836794034778684,0.004825236243798825,0.0372645493720141,0.013578566815737981,0.5265236766065301,0.2755421441588048,0.01382430849701011,0.0862774910898641
758,1,0.03958186967352378,0.24470987304366423,0.015924596747295284,0.43225902863277443,5.257239807268953,0.05834412064617577,1.6211163959735135,0.055485035433880905,5.54907157264427,0.12650258894604602,3.8393798907080785,0.4812962668170697,0.00385524209344499,0.05385008756177599,0.020493884253748675,0.4696437224903549,0.2761172077911807,0.016659068863802008,0.0009038986574821669
759,1,0.02128985660873829,0.2559045087132153,0.021389194882971037,0.41379441571970516,5.248171423592712,0.0535905569742532,1.5012740587550009,0.03660206880922661,5.575025235899157,0.11829336531883405,3.8835962806403557,0.47949532355487773,0.0023570650217149187,0.027569599126617075,0.06975758315305261,0.4637813052532087,0.19562023740570095,0.01397389107751802,0.03622364416285729
760,1,0.02609646584552281,0.18826847096259955,0.005699170574469851,0.40337533707432766,5.194690512694287,0.04136838811093185,1.4681830247509482,0.01504099072759867,5.58722313222397,0.11160663938587713,3.882946704283849,0.5273475370509013,0.00823663928193901,0.13690836205070053,0.03577669728491754,0.45495585123094073,0.2209813921544757,0.027948721004351643,0.01579986891110127
761,1,0.002439596185323395,0.27916979178860857,0.008604093044192926,0.3276863777073254,5.250119812699462,0.028881483716621647,1.3827942370149233,0.06916279381231634,5.606057495838964,0.13637522362294852,3.8820122858108737,0.5916039831896539,0.006127064024841578,0.09353708689206479,0.06580919434084496,0.4714803002160871,0.18206952821334677,0.03821670327273417,0.0410922748307946
762,1,0.00940020434167503,0.27067446415792773,0.00892191681489606,0.297504553209875,5.2252014973473315,0.041651605350254625,1.3379966643763035,0.06057325189446527,5.590358521412774,0.11856287609110398,3.9022076558323264,0.5705934198964708,0.008606088556572645,0.08364798916990619,0.031841021580700825,0.46908433114946735,0.16776005392723703,0.03236510804502946,0.030379958271304134
763,1,0.02541384775261733,0.28031031661142847,0.01716221070103621,0.2489204248541124,5.257613176524659,0.02474479797269929,1.319644782305564,0.03641318848460458,5.547507729144629,0.0920161169539634,3.896121444274848,0.5946742062509673,0.001328075064254907,0.1685511141208071,0.0726259037414543,0.5001793459321222,0.1191353572832648,0.026587093342253443,0.017336046393038533
764,1,0.012713923474245485,0.3765386548838404,0.022084431607365233,0.26364233347970345,5.282378728330037,0.023879369933237103,1.3367005133372418,0.012788616994615986,5.5528848799284205,0.08963805963146584,3.857140578350205,0.5751527514937701,0.008775023875780254,0.09432364671840414,0.03294243102212574,0.47916248351074336,0.12780002385764466,0.039975064712379126,0.01564159425609973
765,1,0.03903538396092121,0.35565192238172794,0.019375955658748507,0.3119078711301126,5.342416032462523,0.013674177914654565,1.3459461547674478,0.05682094298810129,5.585855114585745,0.08736923798579858,3.8360274526623392,0.5335009565275267,0.0024245713100158575,0.12303257884403271,0.006124464886743134,0.6027717091349176,0.12153612605813272,0.009743873479385686,0.0037374053216276083
766,1,0.02818269074557368,0.40754063891684916,0.03179895938685279,0.3604196330440808,5.345857288345058,0.015454315397126937,1.3366127570970254,0.0447884408474011,5.644404039450438,0.05617858365955636,3.8439500793166324,0.5398731536221741,0.0010007186977166072,0.1146130069295653,0.03766618480795887,0.5896261699679523,0.11000371075890558,0.010489580712121287,0.015074472378113208
767,1,0.017055287272758193,0.3953829103710473,0.024894280951269547,0.34467631181600034,5.381723379443572,0.030678517207797105,1.3359668054157707,0.013255810494346413,5.709349810634142,0.0361175220641068,3.80854592855643,0.5731163575383208,0.0012060679659558488,0.04507565899193918,0.020751945134211178,0.5713250852899208,0.0834783098723593,0.01578571307462161,0.03602556910389459
768,1,0.010838263958898494,0.3163203242061403,0.038726176366750756,0.2755102187319841,5.402334042872459,0.04624103729413832,1.270075161586472,0.013167216320184782,5.741539664073832,0.07682843811054463,3.7643099704967633,0.5601637981822191,0.009287295976744613,0.04802848271072996,0.014162610079025919,0.5158987248869911,0.15690873194981758,0.011988882266207087,0.04673055934789289
769,1,0.00889633878838239,0.19723267321580165,0.01785890402882474,0.31486112222362145,5.423502395501805,0.016927729181765112,1.2575584186238933,0.0644739501667917,5.767492382048705,0.13471039800374335,3.7974663457013125,0.6402798586643694,0.007271791516918878,0.08884811500195264,0.016637898446739123,0.5506227253179872,0.1290910451106511,0.028548180790395995,0.04428655441951011
770,1,0.027363691616839873,0.21137242987017849,0.030968895128825995,0.3496230384591032,5.40099329926573,0.016212953567495855,1.2692077246379494,0.05169722083353924,5.7428988497724776,0.0963984422930863,3.7771912729548234,0.6571981514865638,0.0013139574505513557,0.01765970510924604,0.05148769437236318,0.5822705413374328,0.10699021351999459,0.01406123002359228,0.021169210328349664
771,1,0.02828045225807948,0.2675256064700516,0.03314792991690479,0.3468433203373741,5.285234875592326,0.045430456345459884,1.2973321977215402,0.051623899232759826,5.6897438924204815,0.11095922269569838,3.950264970966978,0.608643291529166,0.000821245578797912,0.05367995687037813,0.0372271126419252,0.491171621038826,0.18983587133721427,0.013670916024309318,0.00909393059709607
772,1,0.003243034927851948,0.25984043898301207,0.012454907051605513,0.4231804944138773,5.205450284922245,0.04398189446548376,1.1998218751096312,0.05463578070035775,5.705434736053096,0.14908981802128085,3.965297391215572,0.585295891053744,0.0053232444663019384,0.002472128523145731,0.04232376472894261,0.5098352168772594,0.2545302721468919,0.03609557551936527,0.03600795627395498
773,1,0.02155137927281895,0.22858303586260184,0.031711803368325756,0.39716337289109344,5.166603411788269,0.029856049367120992,1.17859533666521,0.007116079188638091,5.785541569014821,0.11962361349090143,3.9145235030529593,0.556963713488089,0.009028438145133016,0.06800556838673374,0.033236499475477216,0.5862220441683671,0.19974965134395814,0.015055852030984413,0.035066729031903957
774,1,0.01999030969293279,0.25735400456502383,0.02406099391137052,0.31812106736781365,5.147462237476114,0.04528454550285365,1.14853540392094,0.05640000385793662,5.841317054650414,0.17100929667098774,3.89667903093464,0.5228946593234474,0.0023866914811241377,0.02541926855148317,0.12344301061592731,0.5790079643716294,0.16175604419033118,0.015891805288349665,0.030956681839969896
775,1,0.03994147766830296,0.1479516820306169,0.03964992400172945,0.3483361126546553,5.113344215549161,0.026921894229110812,1.1378595216910867,0.040427696444848955,5.7902259485720995,0.16999628713141512,3.8391775249436986,0.42529389424478997,0.003888347199201391,0.04177775082143709,0.142232796366332,0.5479918633586317,0.1751352978704133,0.004803737197150956,0.013760202170035672
776,1,0.0415674669307252,0.1113967857291495,0.01746880315615292,0.27124224507403855,5.216013987491174,0.03610372220604591,1.0116853491277369,0.011967485603210865,5.746938888548269,0.15322789780206428,3.8181786432757825,0.42658447005045524,0.0042337229553978326,0.07629202429082889,0.06514102970764307,0.4702380461776586,0.20729951160616317,0.02039567533302256,0.0083103040118197
777,1,0.011487896681154837,0.20452438923902116,0.027826150962975575,0.3181707188652152,5.273046649023445,0.03988936076152266,1.0469671725446752,0.04920447150038653,5.65714636071858,0.1383717485787582,3.708837442960268,0.505164548048345,0.006734624788960423,0.04853414051700131,0.0707177317083132,0.46472373974291203,0.19161036648033272,0.017191215365390734,0.03788028376320145
778,1,0.009099492586872718,0.27912254022491506,0.030658335646991917,0.33451407825315727,5.339198033066062,0.050631718814756616,1.034749772140207,0.06748700884098523,5.6601170072445015,0.1593472016914217,3.8015762886580697,0.5186290608440842,0.009493527819542817,0.04814852128865455,0.09982531725805996,0.5252036108448986,0.16145431549984274,0.006239353354316878,0.08961289577553996
779,1,0.013535780830579063,0.24646260246746868,0.009079679576443131,0.3024915727407121,5.263144353833582,0.018290780132702092,1.1410408855650782,0.044816290131759084,5.72684664638101,0.21929351135386765,3.8275374017512798,0.5421181056018508,0.004587357351610667,0.0024310616852561127,0.12324568960952147,0.4665007934462522,0.21925417534179178,0.01645919955044542,0.07087272340708207
780,1,0.04167520974050633,0.24773851794965013,0.007047630127488854,0.3401865105780831,5.17245664268438,0.04172682117402336,1.145527821557335,0.029035483779599337,5.773534483184154,0.14397326016648523,3.757783348282146,0.5133965729150666,0.0010943276734455259,0.01619377470775419,0.15669757525950068,0.44438285260642607,0.26820858866223735,0.01509071310599313,0.010496341324469338
781,1,0.023805883701816914,0.1981857495052562,0.012080023475861915,0.23969234021653651,5.129210338836789,0.02105935432742892,1.157738358648954,0.029319856209388928,5.814952090299435,0.14923459922214766,3.7347565946997623,0.5462332791799174,0.005028210421937655,0.058065297637497924,0.1762992139856824,0.40748006921852803,0.29621943168904064,0.01945844039561358,0.03724819772317843
782,1,0.019619676603205682,0.24214744808439206,0.03338155759088603,0.20722737818813244,5.129347121636555,0.0476166290610874,1.1430190513357983,0.0656413365325162,5.776918204895552,0.17418203905485571,3.7699863125929616,0.6168190423910325,0.009354704284783839,0.028476840243348837,0.19800412103808096,0.3636873504010305,0.22948074176953456,0.01909297739116508,0.017078054131654145
783,1,0.006893143562509554,0.21828761066134753,0.005807793966231157,0.22539062007129884,5.15014636013831,0.07060453299713401,1.0815024673205627,0.035652345142235566,5.763937615713375,0.13787670838058244,3.7854399179795633,0.6333012855511274,0.008034464433787815,0.07472601401750732,0.16998823312599767,0.35792414890622043,0.14334335848072977,0.03261693796310331,0.04644875934625761
784,1,0.023114599896785267,0.22896034703418988,0.017141073036109143,0.3092469150915993,5.140579734356092,0.08314886428357837,1.122686290355462,0.025950674924854877,5.81980843878678,0.1166858056782576,3.7118381971049876,0.7378820637901293,0.008841726456077968,0.037857326950062616,0.1112335067799322,0.29057375319634626,0.12318377619278126,0.02159091557287675,0.02023905887541905
785,1,0.01914888108431952,0.2272397877239475,0.030229121425904535,0.3496718553102233,5.1665276812491125,0.014170716338777142,1.1078878255450586,0.05848312025507124,5.732560256222753,0.13636290381724525,3.766534401652982,0.7459420937441742,0.00014893919087967202,0.0763388481438202,0.05284111400057921,0.3800272806418496,0.21052382991981225,0.010065544161107868,0.060104122043789
786,1,0.009524629628036118,0.18877513241805552,0.02452697033795048,0.30545938199724076,5.222798599801785,0.01620544507309914,1.0742175002290721,0.06628850194156606,5.81788128964872,0.10213249724789825,3.8010677785844926,0.7798655077383617,0.0009632397175786433,0.011309590963055172,0.010811158307525525,0.4117694959419421,0.16505434230321134,0.01636236959168755,0.0567494107030097
787,1,0.0327949547289159,0.19157469264218202,0.02267387665713596,0.3076103045158774,5.16129582489807,0.014297119212399368,1.0716706546413588,0.03068424650274682,5.75511097294122,0.09475132205129708,3.749115298426497,0.7155139842715524,0.0025270994954812533,0.04288713267235029,0.04110023173962712,0.41407814987774283,0.13589341440163363,0.023684527970789418,0.006007496639618172
788,1,0.03990881455589046,0.1605919430637746,0.004586608230638978,0.37254238687388075,5.084709284255635,0.04971636900688318,1.022647806179219,0.06028738728657131,5.7617446449692435,0.10080750513002745,3.770073599264775,0.7995997364984063,0.0037034673938011846,0.10452503201625608,0.025438563449957156,0.4514799826689235,0.16728912226630105,0.036093216661068385,0.0012008707906245334
789,1,0.02142435292636927,0.23702813781024043,0.004073357742083482,0.3806441807257263,5.152371793649851,0.03346840128063837,1.0193331428292427,0.06483011063882685,5.768789445997675,0.07065633819254459,3.74023216170882,0.7671890320071362,0.008380487364588888,0.06906008021070371,0.033761424293593655,0.46257963707410343,0.1365197277855692,0.02440291517231488,0.050076334127324096
790,1,0.016964146919019554,0.22471059507213886,0.04250817492855773,0.4865817423218864,5.113852204678274,0.017587702878863878,1.0533376113816653,0.04975958280530382,5.696337848186182,0.13662645476902097,3.7264108648165952,0.837396753161655,0.00803280049198692,0.0676537081231148,0.024191383772358136,0.4522714519249532,0.18260429950799525,0.0030763870965942,0.064327952853002
791,1,0.008570349229290243,0.23800404535290395,0.027095724060680296,0.4904713925048737,5.141061268045147,0.0401133447671965,0.998204623171912,0.00777855953690931,5.618055236280242,0.06527056110164761,3.763221059897253,0.7934866097678691,0.007878493623819793,0.10794172313253426,0.019012751775764936,0.45641313288615576,0.15916172805534884,0.01735466976173767,0.05071249516821651
792,1,0.04305290308124868,0.302302451182627,0.0007154354308732083,0.4937507235686693,5.1303611557495215,0.026858718091530964,1.013720713684123,0.05478830013451481,5.626227269958544,0.0511586141617255,3.70170445965726,0.7278643129818312,0.00858601857725361,0.03199547835335021,0.028331927408609653,0.47074453904340785,0.10738534270251147,0.024894675491468937,0.008269025789161479
793,1,0.02792635722381211,0.35815766925734527,0.01946018228256709,0.41770822039601707,5.047993974533621,0.01590904878218531,1.0587237785006984,0.036951758591724226,5.681141406011959,0.06235686569235869,3.687477497842454,0.7340607500692874,0.002163448074914082,0.057782315618367615,0.008512636967126718,0.40572437017539453,0.12690489592373239,0.013661565071540118,0.02212994545754437
794,1,0.03459340092352259,0.3023325563311605,0.02332665448157133,0.4860454652100124,5.0569098254570495,0.025894279723596186,1.0377974520581974,0.04885195573400415,5.713253379496242,0.07248096578164555,3.7373636361743294,0.7331957432895764,0.004518283073257426,0.13604618990816414,0.11077271030411442,0.47937985613374,0.17332047026213948,0.00988100583122443,0.03299333901524033
795,1,0.024894610109586303,0.3085707535407338,0.0019009425231543747,0.49725974209002294,5.173101145352227,0.03258255973297453,1.0429892049065195,0.012502037389444987,5.775745079622877,0.044729327448226656,3.7707478488749873,0.771631010573814,0.0029793253006853222,0.09306988388894165,0.13862255393597672,0.36892539149509485,0.13866429375288775,0.025527142556341822,0.0366789995561137
796,1,0.012559639158736719,0.32738317844286435,0.0026573396884334833,0.47271298715046717,5.237814212287026,0.06325610834031212,1.1072566664056944,0.02257114186739319,5.649237873787978,0.10498925414766462,3.8061517653992993,0.7900214051155238,0.008737325876832937,0.08589233141670158,0.1577944369061451,0.4340332959520601,0.15577676511902808,0.019568643069452708,0.05527603342648138
797,1,0.02187913216471495,0.3732222991757834,0.012654266671596763,0.46624379016620704,5.217206051831801,0.03910763783487714,1.0992442950581034,0.061043145126023955,5.6072177998654,0.07170768393098634,3.890067342642185,0.776486216772431,0.006417796931070202,0.11528892275141163,0.07795303392611502,0.49017625694800643,0.15233914019516714,0.009308210715449333,0.054014781768532104
798,1,0.022010519553364253,0.3145980539337411,0.04606855748784695,0.48445247309757733,5.229835962658036,0.01045666039823828,1.0055428013744991,0.04231827287152215,5.65223082040119,0.10306059319540459,3.91853020864375,0.7220563511642588,0.0037814555058767866,0.09452914470157087,0.030460409420394484,0.5754032089296611,0.13996074693139524,0.0029961820974715994,0.04379971128813655
799,1,0.005362800705516249,0.32722460287844,0.031058602112539153,0.38543291725427686,5.265563159772399,0.03320117879426747,1.0013417564730973,0.0256267727013695,5.682190309058227,0.1478027145247084,3.923513845479935,0.6922743103086147,0.009611980213870839,0.1969879163428775,0.08549584073008538,0.6034205947430392,0.13916367533775154,0.02159792399483044,0.026774085567896153
800,1,0.009188809329729007,0.3862098626532728,0.048168942488953405,0.41784408181631927,5.274110233594144,0.021709191485793526,1.0483687337680794,0.02430105509471153,5.6053794268994395,0.09578501123599288,3.9455951566671317,0.7562615610698572,0.0041884969478487594,0.1961032652810567,0.15787190457310812,0.629876559859145,0.1544455130425498,0.004401987507400413,0.04471833848675298
801,1,0.0015071912912097288,0.4018314554337334,0.040569633134176865,0.46618428591018096,5.295455313429383,0.017201882740475842,0.9995598968030674,0.0659410661832725,5.591299267084385,0.12781506132518616,3.916658419012189,0.7663571238859864,0.0026093187549822475,0.189106446590049,0.17545928734977603,0.5850647477816653,0.16267396641935575,0.015124814015678811,0.0334686671353891
802,1,0.02048453480343078,0.40771567914392415,0.03541762444630566,0.4088204800915918,5.3415885211533,0.040657365571459436,0.9567788520403736,0.026210718578257117,5.6157148196492,0.11047820851792044,3.9022068678634865,0.7980225542105708,0.0031842208331307694,0.19257868026394712,0.187542546766698,0.5381312679351133,0.2204374813563719,0.003763195840659144,0.056042007326780635
803,1,0.030047475729912763,0.46472733101778635,0.017807565336163025,0.31949084832335656,5.2753597833527826,0.03390599319887465,0.9921691654431056,0.03070480178469108,5.574978295229601,0.11184779308807805,3.9275489528679643,0.8462187727607883,0.005206245593914953,0.16837752330147093,0.1930116662203732,0.44331627001051943,0.2128130194767156,0.02248986907421339,0.010029292955916827
804,1,0.018018114641864327,0.3571505826952785,0.01067914801946485,0.2742189082161461,5.21582722378584,0.011516336522684599,1.057996603526932,0.028227651296685443,5.547845144002225,0.09265550949436371,4.041036724152471,0.8935042783526063,0.0016789048853290067,0.14283299357849832,0.17511135961440544,0.4576623763388438,0.1717492320428823,0.047869437489664934,0.015305458106445074
805,1,0.015028849938887865,0.31664153936802314,0.03079242689587428,0.3218325036858444,5.209285571963179,0.031544304701808426,0.9791366571814386,0.020817250707390607,5.530270537053766,0.09635461345945374,4.075496570363318,0.956407697564824,0.007187263457058067,0.11364438354475137,0.19664641169668898,0.49947937452783253,0.1865149619306075,0.014959300109094324,0.0370052271996195
806,1,0.009338921339522141,0.2698546076879173,0.014172720836246983,0.40876728189547074,5.179551008446443,0.03029164417188281,0.9681985657024993,0.035449264919561754,5.48789060177499,0.1329145882632529,4.066903922378262,0.9520018620666871,0.00020036965308378258,0.07232574881655786,0.10369493034309403,0.4685160325921385,0.22331239439207978,0.021653538669276363,0.04746621465011302
807,1,0.03324106230144534,0.2632934333751986,0.007647487470199112,0.394621101031285,5.220669299655319,0.03386387870961651,0.9661352306133727,0.03703732383447123,5.460120675010475,0.17714383296936154,4.139325341583281,0.9392329811276948,0.007452151757511674,0.10145525492436097,0.0597695807478043,0.5679233324101111,0.28807320316182633,0.029398876979550178,0.015273303588067675
808,1,0.023217157830890164,0.22106185012399351,0.03999516364138795,0.40121758187092216,5.194039837937725,0.03431277864934201,0.8216586245710039,0.02040420597197843,5.423346543058945,0.24265078183359926,4.22476828975386,0.9603621028851835,0.004362680965310612,0.1694667780046855,0.07364905681655406,0.51977807069208,0.36916152624328774,0.010979898271439987,0.0155729844094855
809,1,0.022624881268773128,0.21840499098064436,0.04559812037132878,0.39955577993781277,5.15728187494144,0.021189507119346772,0.814929463737848,0.03544931449147033,5.408780295349862,0.1868745827280578,4.2566668397158836,0.922660806854293,0.004696911593983692,0.10925852423362652,0.060095981966350596,0.57295203158416,0.3352965937169816,0.0034215128193615303,0.02694199414803889
810,1,0.029899944429264476,0.2364613102296526,0.028212884657364826,0.29801600341026085,5.135895050341858,0.012295633660141431,0.7785619393790691,0.05235136371778127,5.464506556138278,0.21009737410576626,4.285245306927172,0.8985343120756725,0.0023612885857753952,0.06933835709113864,0.039605958571719,0.6524172197909265,0.3143043614458461,0.008229643991051902,0.0424923393363739
811,1,0.015447831374497728,0.16507162559945546,0.0016104658315374075,0.2825169744327718,5.127178859381729,0.013381842723620944,0.8096017101876238,0.045775663775003785,5.508472033647306,0.17780144356602642,4.314029933025207,0.9093126142354732,0.008332200153303425,0.0812896816463139,0.12689719216858342,0.6942190738534647,0.23080395025125813,0.020634850057371396,0.07602911602952375
812,1,0.01720138048490816,0.17504303400588261,0.038327749752990525,0.2828054974831382,5.108024331674396,0.021530496010926367,0.8185894142047477,0.0434914930968998,5.532131452261143,0.20838441300341012,4.241169091025862,0.9068298662008828,0.0022219211293505285,0.12618466951899102,0.1562766943288761,0.6499401784958279,0.2303089021174278,0.006983799792274322,0.06050769555843303
813,1,0.016401973780139287,0.17253436414724777,0.024517910576168336,0.3078095277378563,5.0010559253781315,0.010554525214495111,0.8367714847460711,0.037239378884844986,5.494635092123844,0.18513214967550728,4.272437440122109,0.8692943089255157,0.004584145164820179,0.07933368414423633,0.19884218513303148,0.6547423823550955,0.26938439040558904,0.008792295196419291,0.08040147209552952
814,1,0.016845761182690832,0.19538354715335682,0.009396679507038052,0.3964956956845645,4.9528540768207385,0.02842091431960227,0.9008625223970832,0.06561862054460046,5.443783099276925,0.1453845997062476,4.368505269398982,0.8818865059825672,0.004516543086760368,0.027961650088386972,0.1490024183101461,0.5639579053427021,0.275111420843229,0.012578042662561415,0.06639925592468827
815,1,0.0037698550371018614,0.205662786090022,0.024800553375829492,0.40297481023547077,4.853432700698622,0.019692216913963,0.9338482248334693,0.026864143566923574,5.4099982041274775,0.11714145529848768,4.389256400252744,0.8863582402896861,0.007407510998648173,0.09263552306936221,0.1129290531112404,0.49447842880673554,0.22513535825974512,0.009244899140208573,0.05984857903251337
816,1,0.009429041820684058,0.10799877322686677,0.01863318109729387,0.42363942960400885,4.862249304640391,0.01251158426117676,0.9005478555822657,0.05453469363851074,5.399278515243401,0.1806203355358918,4.3881038004389294,0.8931295052544695,0.008989717464286118,0.054901469922061005,0.15057197547918044,0.49862795612923755,0.2546502921565627,0.01621853544316952,0.05092974036685893
817,1,0.0017871946510457234,0.0897468731913418,0.03273624859408612,0.4093915920758724,5.032210736188829,0.012742987288362533,0.9207328674406963,0.05060261613108207,5.405874207821478,0.16048885357824158,4.4247817975462125,0.8974997701115461,0.006083134502249469,0.08811474074573054,0.17174888385673925,0.4292270962062215,0.34844963117074074,0.016508023248352197,0.038034924388858235
818,1,0.00440307516813821,0.044979057883836236,0.022647498988908128,0.422324171155766,4.975965103565852,0.022904170443711697,0.976763244789866,0.0656894405463336,5.4617134476783225,0.17592973341390378,4.375391563880631,0.9348813550013018,0.001078722675566024,0.0956912689967595,0.19364010303915763,0.4922473671263817,0.3545234176326244,0.020160863720038072,0.05885609711794882
819,1,0.0201712642508819,0.10265533579176686,0.0012523342716492436,0.47854559163362126,4.95571285214515,0.015665683817115847,0.9332754839789531,0.0223405657344912,5.48503419566797,0.12753121984416455,4.374034242040786,0.8722447801609257,0.0012035270522428839,0.09267579087979848,0.1016517618464458,0.5362894909670249,0.3286536584046264,0.014071686548975842,0.0898125818995614
820,1,0.033858886928038186,0.07028322489201336,0.012341668253783609,0.48218634346127576,5.015981936318001,0.021223137823941477,0.9810103642484949,0.05784521865529878,5.445996795202021,0.15857035800751249,4.306145940725148,0.799266639270886,0.0002679664212944599,0.1250072572816257,0.0770393800753079,0.49449440427262187,0.3948698826637471,0.025658420140631667,0.005967385045117347
821,1,0.007823293370467149,0.13301353323302598,0.02004689761217268,0.49055926859236443,4.93480799397983,0.023716099562173142,0.978167728781519,0.0368012076178657,5.5015545794867995,0.18889677938094335,4.375096158548848,0.8059849042909409,0.005348865182759702,0.10465135709181418,0.07798741058754592,0.5464466988158238,0.44328328055546606,0.012688487844350008,0.07686559695065553
822,1,0.015298148985274268,0.15649547702023456,0.011279370916187777,0.4834854331326132,4.864580611798029,0.028440164599465526,1.005346219347267,0.025620033494103384,5.517533557975373,0.1754156816485007,4.392532759880509,0.7657675578644485,0.006765616457080444,0.08473108761928759,0.0984305082462614,0.5249652095429356,0.35750754407906504,0.009843516335971204,0.06258279147088748
823,1,0.03559930037607114,0.13610508777827213,0.0246256928982424,0.46559218117404716,4.868176493317885,0.039720132795174015,1.0326919395481975,0.06607235002893344,5.43127786475117,0.2338485031551142,4.388477997654846,0.7665662126903731,0.0058413838043463945,0.11181004865872571,0.12651778547720746,0.4561396973592884,0.3689956375267429,0.004719560308761891,0.013619251940050776
824,1,0.027298677416270557,0.10576637770805089,0.01200934486334108,0.47418830744159207,4.836090536470603,0.010828878426162094,1.0042960977634934,0.04267506187251715,5.4733010199238805,0.16048007658346317,4.449675638749938,0.8864330149086488,0.002995442357280993,0.1509392651032276,0.10779259730603606,0.39744437286898454,0.4093094943296943,0.007787231260283928,0.043581455521243775
825,1,0.019154542309348252,0.1065542598949505,0.014750930567263591,0.4497662555399293,4.805835542695567,0.015227348346443181,1.092951647567569,0.06411415493759001,5.469637015835143,0.13922730473165118,4.4389822257831835,0.8842063987578546,0.002594111171346371,0.14631407967256307,0.12260259857601238,0.41680369316498533,0.4394867299136896,0.014282073188446811,0.042522660937950846
826,1,0.0010157139412627237,0.12232143686106797,0.006141876645065752,0.48396471971285326,4.830400830842828,0.017831102261145784,1.1890656126318155,0.013672176730489597,5.3913014799022685,0.09527224500756876,4.440885537960471,0.9139105542216748,0.0027427196564351656,0.13741842765792814,0.19484844151435035,0.4027076216876411,0.40144761484240604,0.02115261041361375,0.06431762009093715
827,1,0.022131391766890184,0.13364518036922796,0.026640752464655835,0.40556670185887744,4.839932007110586,0.012756275325484963,1.2201207700679542,0.04416398757458258,5.415143455761191,0.07828559662632532,4.536525887272053,0.9786341009931393,0.004599169204738981,0.13967153556792508,0.16565915099510709,0.42462642644712517,0.33395834000773567,0.0040857276460946005,0.06311178377098399
828,1,0.021308640306527474,0.10252562907459022,0.01726032996055487,0.4123613240166653,4.806797493863791,0.03211503352124076,1.1823260134040112,0.06735137188876189,5.442108492199256,0.12208862820570585,4.514288386089814,0.8822516532421443,0.006583235242163299,0.13002372687974378,0.12346959272713884,0.4840684415508412,0.25957448277841566,0.008605992860919986,0.05972948729927794
829,1,0.00560244073246166,0.06794855777785141,0.033310806718845884,0.46011758201793695,4.80358072446692,0.02225823190706081,1.156730846701739,0.061452036555516246,5.487074895517836,0.10692422623046886,4.457814153693773,0.9176789327857835,0.0032907042438375697,0.01973237233496559,0.09220421955916676,0.4826052011056331,0.23085633373409323,0.004567275432759355,0.062327301079717005
830,1,0.007903537780640861,0.05020154276466605,0.015148230068224982,0.4918508279018698,4.784801615473062,0.03561056956215014,1.0804866177506407,0.05293952939537384,5.406696946286976,0.1038852046887971,4.4654754040485605,0.8414717699518467,0.005702277087599466,0.023793594750466912,0.006649448142384071,0.507085544134354,0.2226574110094948,0.008555129154731295,0.07535690192086661
831,1,0.039927922117863585,0.04659121162622551,0.0017785832326361062,0.4350755170666056,4.832458186189441,0.03567231055043753,1.137856662497415,0.023032672825765738,5.492461345838954,0.09834384612708542,4.425295499208338,0.7324161960782761,0.007294147869649944,0.04096020288001209,0.011451333522911214,0.5896706728416874,0.1693764724323057,0.011928236584692104,0.019393501589198385
832,1,0.010518886225435285,0.06088808057264692,0.026036361722455,0.44573670497775875,4.789125051372406,0.0205985465660235,1.1596090362063665,0.06284118911791546,5.528228928427392,0.0841051618271231,4.425911621784684,0.7515881620959657,0.00792676192310991,0.05708718282989753,0.09813138522093183,0.5210398431216291,0.16501421162683888,0.013846826247639863,0.03684390393464965
833,1,0.0042589190982351985,0.025797988603132243,0.025039109886007854,0.45627721760511186,4.914937855081262,0.03846064498633446,1.1598780459137965,0.020044469896634356,5.496144010855621,0.08807680573713832,4.460799027999842,0.7214987045301103,0.005576784338951628,0.08685542234728748,0.09436764019412679,0.470287342639845,0.21046369297338255,0.00815319582132426,0.07692447326479031
834,1,0.004614292199102136,0.07638677051551342,0.027657017763766365,0.4811155979145323,4.87515450211348,0.03117301621584607,1.132477721161962,0.05875788527539453,5.574842910927989,0.07385846660411201,4.353000096335124,0.7110081025408277,0.007915758212112876,0.047736556557279264,0.03938669203494502,0.5038541728825903,0.15084851994458764,0.006546703203551448,0.08513769313039715
835,1,0.016374572566991562,0.09139954115641652,0.01028127639746171,0.48996472819075837,4.856541632481146,0.014679061167789978,1.1668394238516746,0.030685133526874204,5.524425776377484,0.08355770725230192,4.451737910230526,0.8094374092092442,0.005020933293847561,0.0560659942723231,0.026248292933695395,0.5184194378843694,0.13156901481322678,0.010756258264278642,0.06898629749707674
836,1,0.02524251141093516,0.03654155319154323,0.0295449540247684,0.3919578759685583,4.843554924623848,0.025633994125206956,1.1566453479931502,0.007228843331403386,5.424912364149288,0.0965122795804106,4.45235394236649,0.7495236284944811,0.006891787686427951,0.10147764477424934,0.003578228114567802,0.5654525745892912,0.13000469725429448,0.00880736384477487,0.02651431535666495
837,1,0.0408456684610796,0.052408173281724445,0.0006282352917064358,0.29592212196188034,4.876142054167733,0.014048454569077233,1.168030139878445,0.028849099967164168,5.310049960637028,0.053143909828337554,4.4932477801342285,0.7688266190193291,0.0015176121765525894,0.09503346234636484,0.10105012956458619,0.5308591374644271,0.10501808636648521,0.008237670688878177,0.02230821110631439
838,1,0.036056675076088,0.05837693804993711,0.009955638644685875,0.34027689597583655,4.85276208921394,0.014833977481436967,1.1581569929615847,0.017624073369255498,5.1893912874278945,0.03741319572225229,4.437691575518996,0.7673486968490942,0.008598359887635095,0.12572188818651694,0.022159735374626982,0.5744713990248671,0.1028794812147712,0.015080028509212383,0.015295921015530291
839,1,0.01682579449127414,0.00784671291689235,0.04031805323946487,0.31410734831618864,4.856717143316984,0.036462063840926644,1.0913086537587655,0.031878089226913674,5.159456186816134,0.1183732377577823,4.376650659831621,0.8424861158252843,0.00817543324992009,0.02053197299465822,0.002197166674047392,0.5197491191830848,0.20010698398266616,0.01507258005985675,0.016982649611809602
840,1,0.02050137268954571,0.05952027144257798,0.016193724788822726,0.3141940920426785,4.9259734959363115,0.0453269610463065,1.0659713944876281,0.022099133333288272,5.183382126104996,0.10863252407123283,4.3723602167543545,0.8078946348557717,0.006890155539316117,0.06261901256017136,0.05464951817833435,0.5114991544689805,0.1513438676423033,0.02533915049041337,0.021936006544370404
841,1,0.01527737361185104,0.08173229689229121,0.037840253133642136,0.34004284955837816,4.9440841478171835,0.03070410816382028,1.1359932317283095,0.06606159305658761,5.212355595235169,0.08452854516076677,4.269618272397223,0.8351655698530602,0.009866911758537857,0.09863048628483873,0.05168256424652701,0.5951531131294822,0.12005654358444302,0.006828524840793767,0.04801268895955775
842,1,0.011460303900848068,0.009898129103098967,0.019182747211424753,0.3674567099461988,4.922044526484185,0.04251186525079303,1.2105990665705442,0.06032222717143144,5.222085263023074,0.12951188576627512,4.209690746100391,0.8945432016751623,0.008865019382652948,0.15497399857905905,0.006579168322716148,0.6155600525635471,0.09788782128626214,0.020174911806524636,0.05405734892745479
843,1,0.03074503914945091,0.09613588070905428,0.02100239664518187,0.33422358262749313,4.870665136621702,0.038410874220141125,1.3208072501105441,0.006782180568304245,5.168411049619186,0.05852670190802393,4.2363770660558595,0.9865227805350686,0.007195301305628614,0.04877326041777981,0.01215461375391155,0.5416838144455685,0.09067869263791324,0.012662888745286843,0.0326703647871787
844,1,0.021098262280126387,0.06468985315094888,0.008115943559787538,0.3808355880744309,4.798817791598622,0.051737648496811374,1.3347246481445292,0.04282695401944501,5.1690436737916245,0.0741638109809896,4.25195552993094,0.9698103999710362,0.00866355305582397,0.10784461105694851,0.02183578642574262,0.5439645922999627,0.18840060109318843,0.027487937482905136,0.0242965911031881
845,1,0.01506027094343338,0.04666868399312404,0.003665707031548967,0.39675482055338807,4.783843733009806,0.0179215915518578,1.3675453823297652,0.01679196772373535,5.157364319750229,0.07627232496135193,4.265745945215987,0.9527560642716021,0.006544470064327787,0.15962672873670064,0.03294563320510059,0.5016836833656814,0.15319077727485117,0.04824280661089765,0.019571257826896563
846,1,0.005341138041805218,0.09262784658618889,0.019887645629996127,0.34026053818025637,4.708246710531317,0.04725922541521355,1.453734828109155,0.03401621643026663,5.198120014128326,0.08322325937735213,4.247300250569252,0.8376132412153336,0.005623405014527137,0.18458263300685304,0.04326650011165766,0.48926901900836445,0.227795218660917,0.018752170455940916,0.05194658936012052
847,1,0.02143657972328634,0.08833470005932631,0.006839519487930526,0.3459824932361871,4.725740475503463,0.021693777973791933,1.4447445793780134,0.033508446459378505,5.2643120135812005,0.09485616889726092,4.233308961408315,0.8580003822177711,0.0019651749735670114,0.15632436723763193,0.07354041470173536,0.4513408583067356,0.21657603832722355,0.015936340943119166,0.05416131990145705
848,1,0.03834564563783212,0.10670845022585507,0.007642831433268766,0.2809521562503443,4.820512092094822,0.016595754130535698,1.3646243971141352,0.015234943172200303,5.265115341529513,0.09072663581857243,4.2015863218585325,0.7576500117026995,0.004111832683521837,0.15565360116468166,0.03860700657076773,0.5141897252041007,0.17189607363878898,0.00816577064705913,0.026849152132174883
849,1,0.03381315462083866,0.08441457531817925,0.01730503882098233,0.22441013475896116,4.872739471040411,0.025127701559582008,1.361346058754136,0.006442534344007702,5.192540954527385,0.08013028141142879,4.267023788681309,0.7797840752123657,0.005101659725705011,0.15752508629747755,0.043919080090474495,0.5091030258871962,0.1611869044215234,0.01897504055024265,0.01996877476058365
850,1,0.003441417199917332,0.10955068718441416,0.010322752883816545,0.20767744475374397,4.80828026902017,0.021340953152901923,1.310730091097135,0.033434409871516954,5.099456516777896,0.05696176970798033,4.196337497665228,0.7544765101601677,0.006258355485611684,0.1584578242018415,0.049041525178114775,0.5263020651089438,0.12497503833277059,0.04734238387424355,0.025726665255098407
851,1,0.02475486496657014,0.17375051588849746,0.03450479166589663,0.1688815331666583,4.793970238976624,0.04066179815253313,1.2956411172036255,0.01536218910557262,5.176463356172158,0.0983760568727408,4.089686339307479,0.6817715258160568,0.005096077423980344,0.12158784293860797,0.005124315284565687,0.532707615069258,0.15616608503080087,0.003190187209079844,0.07981781896798062
852,1,0.0060406894817782095,0.12204567962757627,0.04226740301346774,0.20066499676216315,4.816676159473286,0.026059532248252002,1.3205174230064942,0.026833518969380247,5.158558270110224,0.10338691497099921,4.107669294254063,0.6896572651107759,0.005526957631315445,0.19645004205687683,0.006238635896471499,0.5340265971459877,0.15052134363716027,0.0037815506947276954,0.0912537601075729
853,1,0.008785867058547468,0.12216946102617048,0.02602782700192062,0.25256054869749583,4.8467725336305065,0.012125062603229911,1.297294894789114,0.06295577128165009,5.144072745251568,0.13368873460555045,4.105642670960118,0.6145900762115107,0.002522571763760842,0.1660634736045554,0.0683207021860185,0.5681092441147536,0.20085730856932577,0.015089681306738116,0.0709063558748381
854,1,0.035886767101748616,0.16072025966014578,0.013528797546835376,0.1629486953691871,4.791824138132707,0.04669092911520488,1.2174970534139657,0.03214419087646495,5.104156331355213,0.11237452960659071,4.047947569855741,0.572349139833515,0.003046844664667501,0.16008665950141612,0.017508827569261576,0.518515245341411,0.2496841892645248,0.022222170961848843,0.009794971674737077
855,1,0.024848322638539755,0.1372667752976093,0.007475335090827529,0.1799270307097147,4.830305836969583,0.028315398272771897,1.2197968525880487,0.029935487512390013,5.114907810357341,0.10333070243769263,4.09099852809141,0.5742717100857064,0.005616634950729457,0.08591550073650431,0.0007950090014256642,0.5721066242437162,0.19771236719977486,0.016680015866902546,0.049622957918273626
856,1,0.009277819453476823,0.10555709943108421,0.037271726465188754,0.21551429924123033,4.77821079658983,0.030861668749102383,1.264402884021203,0.04540142342334109,5.103112362282411,0.1478600332953244,4.146672014120386,0.5743198772304229,0.0004305720147609957,0.07853260120134356,0.011483950638265805,0.5895949605428236,0.18313158784319322,0.007778223874352329,0.056730710909075645
857,1,0.03668539257430748,0.12473174904208717,0.0069902827089056135,0.14535204403415958,4.800653971086674,0.062095155177089405,1.2847392205594754,0.046564541423943166,5.007743670661717,0.1388471343633725,4.196615064083448,0.5598691236866719,0.006509015441140453,0.04292097361738764,0.062394116357975274,0.5657782354687004,0.18999204587215296,0.014936701671999347,0.017168924060604152
858,1,0.023060166081385332,0.08075029781028947,0.029104987574699516,0.18296336321049775,4.803148458662063,0.04000435150845772,1.3038002862408928,0.06280819027791787,5.035212770626127,0.15711300401707456,4.285860987972121,0.5774814483977863,0.009477461392400617,0.01415150175431214,0.08660765464629366,0.6404942839066526,0.1690933654611155,0.010678331688157077,0.043447169242340655
859,1,0.012997899990112602,0.11007528144981278,0.028766462901360985,0.1587619347028673,4.796638529711164,0.027034179298447175,1.282622837604804,0.05508027437133062,5.104162588061254,0.21191801367104968,4.341962329307113,0.6483826063441837,0.006808051228967784,0.03409370754535607,0.09184151913463903,0.5194567875023894,0.19933456835058494,0.01466519738199815,0.03447737510032936
860,1,0.015092201271822255,0.049132430357245974,0.02869082648584757,0.15778017348546577,4.776583254770029,0.03289659929793972,1.3094045812525315,0.03472888361569552,5.07333234386069,0.10734729260620177,4.429522847925089,0.614912792841268,0.0017035668116955264,0.04183392000275278,0.028996474139280838,0.49499026038502875,0.2102525187017746,0.007033572131135942,0.07607152195266652
861,1,0.022239740483240563,0.06944355152986174,0.01762698554038876,0.20072423601282688,4.831892854101188,0.03854567715266214,1.258006535255354,0.02995603342085804,5.2223360185485195,0.10662467782728001,4.3823220871873785,0.5696955453124825,0.008504280339956776,0.07757573676736784,0.11217136553437547,0.5036997946463914,0.1950271760818287,0.010655688565665995,0.05621042609429603
862,1,0.014194179315978661,0.06213866221040776,0.025090075665641625,0.1555901847748941,4.839214469703755,0.027165088557846623,1.2820456109890708,0.01768897158555375,5.254170093288294,0.11644623680012708,4.418917007176592,0.6232305588580352,0.00723078808435007,0.1253071914136435,0.10639477106738152,0.4120057178727299,0.2105503333037931,0.0219035184320727,0.021937637893726752
863,1,0.016553482135706028,0.16499214584345742,0.015985453666778515,0.0935217539627314,4.768422744435703,0.026173724963712452,1.240380938727973,0.026244288548342654,5.28258017450472,0.10402966379019637,4.358185898394029,0.6391358112969222,0.0035366529422855477,0.08119592165716272,0.05605415929118177,0.44739245816889484,0.19240751437709042,0.013774570671449403,0.053555838008952625
864,1,0.017697664553083185,0.21505535127002495,0.022696449704236225,0.12615416794783857,4.766028820614262,0.02689489262893371,1.2641250237572468,0.0163154092038126,5.238340071656913,0.11808053469355596,4.411334596904459,0.6275858943253197,0.0009986355863528895,0.10692430856557182,0.06656799768877686,0.4212096069030287,0.27638270910294266,0.00925561477423529,0.04126309342864874
865,1,0.005876621058118697,0.14006950436058604,0.005932059574271101,0.08583243181689751,4.858403460414413,0.02368598777719884,1.3032722170163369,0.0414522185986584,5.210046028382354,0.10646571855369419,4.396283638277161,0.6077195734440178,0.007112087234094864,0.07398850477999114,0.05013353408755772,0.3986932728730053,0.23365355868408344,0.05279607252322075,0.027291198921053684
866,1,0.03256844010248861,0.21272772643674548,0.04155942883100298,0.1603756331474047,4.8488376295386315,0.027666299800892837,1.2606566363714924,0.028056881500190492,5.26445962805313,0.0592236653099309,4.413727547706041,0.6281178672239398,0.009660787866506825,0.047602869499916885,0.08443727346308114,0.4151832326686207,0.19019140259614933,0.002114284931110931,0.021828175445764937
867,1,0.024059928737748867,0.18473603951760903,0.016514101957766435,0.13401137965511492,4.819769261408122,0.030859990946550606,1.1433668629981084,0.041516566063286804,5.296306212998785,0.057001841800551484,4.320461537900835,0.6582929046142476,0.008749528264342886,0.004862628140125634,0.09046954022226261,0.443036716830788,0.09153581400076946,0.020847483585379616,0.01598115765792083
868,1,0.022011165991278274,0.13026121795085846,0.014931736764096983,0.17487331377373624,4.883857437340286,0.0709989492433984,1.1376630106229042,0.03601341578561935,5.265258682368658,0.04393886610067428,4.261503085416202,0.7048297792630734,0.004173172315872606,0.03457491346749402,0.12920823869369982,0.45744476518748556,0.04190471817072017,0.019111259445656236,0.023705302884398326
869,1,0.029043188206760245,0.11769201725108593,0.0015998441621829379,0.12018160975978022,4.903961952385075,0.056269601422442785,1.1490367340529575,0.03546742402474867,5.255912564150755,0.016474332278789867,4.177195222226612,0.7666353162580517,0.003895457299509057,0.04153255286169253,0.0656773860046477,0.424942169324281,0.017930067559156625,0.05090139744777835,0.009584630487349914
870,1,0.027347962297214787,0.17174464574297463,0.013578414766229712,0.16589251344364672,4.8462376374739735,0.056407767076665304,1.1876866990153525,0.025317474686929613,5.241390776156287,0.0254074079278605,4.0973088075971695,0.7942362999605722,0.0013884467084635914,0.05368893456875596,0.04323264370769403,0.3893806931164385,0.06674974930294864,0.02126680545265429,0.01680763701576685
871,1,0.02284666985479809,0.18574232673983238,0.00575209010938073,0.1879824514181114,4.893435316518347,0.045369429704621614,1.245925791224456,0.025227624414563297,5.215631061125931,0.03525835833119973,4.191523006763989,0.8085263679971988,0.0007419240890620592,0.011382470584432602,0.017550800873101523,0.27450102552773004,0.05478416235155717,0.027314415364817185,0.026158237884730276
872,1,0.026454394798955994,0.17626748761158398,0.03795773927323243,0.20910634972482736,4.818644972011837,0.05280512900309739,1.2812361392671159,0.06680390514426068,5.173670808650529,0.02436625197533193,4.223709669347469,0.8133986242826066,0.008472527021273513,0.05165562364268649,0.10556613631219858,0.285291248182224,0.08844219548707351,0.003307307530954527,0.03383744848131805
873,1,0.009094452832452013,0.2656495151865959,0.028522479481486982,0.19134543642246515,4.912046706925244,0.03850827689643426,1.2515417044862913,0.03478901810591525,5.06003679589685,0.02996768520588511,4.1939016694775555,0.8529726876740719,0.0013586049017080839,0.12785964201272362,0.13928686527474932,0.2378877090713072,0.09236798596709855,0.01207097645025812,0.04068047270495189
874,1,0.0002713524371483237,0.3577702753222554,0.042252937056554536,0.21414613515591485,4.978064275566598,0.02105502883116968,1.2021951505380761,0.052992498546730125,5.046636230406086,0.06823496906698868,4.166496386942708,0.820109657608398,0.00011189919127395922,0.1760256787007273,0.18055755763789838,0.2496571062723767,0.16191394559471103,0.001035229476346019,0.06616428603867602
875,1,0.013575054221406018,0.40789670895656394,0.008361926218124455,0.1525576012149852,5.023457733790768,0.019999205772276485,1.2451143099153363,0.031629389585190223,5.004433749501536,0.063202853575288,4.118519137629083,0.788404442133278,0.008079209735305432,0.11649630141267221,0.16285098427521885,0.2264674637478828,0.1946007935285498,0.013578883005944073,0.05362307630855117
876,1,0.023922529221073505,0.3706149054590239,0.029360883361580003,0.11975450525260664,5.076848468154005,0.015558281991811857,1.2805588891115502,0.03277361995691074,5.113207251382604,0.05967790622038003,4.154861123375538,0.7915445091716103,0.006607577615425452,0.07568325100630735,0.1753419991746398,0.2727594522878617,0.16428068182641348,0.010794257621868215,0.031011038528753542
877,1,0.017284135529627993,0.39454407206639186,0.027432310418460504,0.08163903384281564,5.075038292622321,0.028878975535922724,1.2136468869839698,0.05718326832457789,5.158665476672871,0.016225942550171586,4.231956524704492,0.8087527022597865,0.0005055998915007319,0.10413848414583912,0.1992913016497477,0.24928084285126634,0.07627546697686771,0.005304485686798972,0.05386243778195049
878,1,0.008591581385269267,0.4149429985524304,0.019101084177047065,0.06501352011893356,5.14390003470741,0.01746441582572388,1.3191547907005665,0.039300970997157916,5.117921265376519,0.06204336401480287,4.179796667939929,0.8713216418778296,0.002093681333426842,0.036466122169164464,0.16735963600999665,0.2610025687972946,0.1054116847126657,0.01222955843549754,0.055773020967411435
879,1,0.003602980562677477,0.38327034750994926,0.036041827473352765,0.036514773913021784,5.226577690513222,0.03288338062007851,1.336579777979926,0.034637573298077706,5.182131043162833,0.07795682811298617,4.168565784448021,0.8476921385985494,0.007273562681147701,0.011356606738042676,0.14561028343019886,0.37711807372738926,0.1529961323361062,0.005230693974533041,0.06666509603069719
880,1,0.0008859494474965202,0.29441812643566534,0.03485546163806449,0.06581707980346858,5.246131015877222,0.04374071753918991,1.3191539930333023,0.03204478780465754,5.234799160055237,0.14085990905593843,4.249901176619196,0.8613605414583838,0.007356751294406011,0.03566828788474778,0.19680161670526086,0.3089335082443585,0.2068882994581993,0.010750053378135371,0.062026295381480766
881,1,0.030467062192620784,0.25075155871313837,0.020324831654423402,0.10750311704847322,5.179630892889805,0.05872378412633239,1.2851186003166686,0.02753759217357618,5.29445492895449,0.14468345734524618,4.229819342181254,0.8775742038338282,0.005005950760738323,0.03341574616589695,0.15396313657698682,0.3080817082071465,0.20145331557007332,0.0061467368091851675,0.03634675959184702
882,1,0.0239259950241441,0.26830557219834256,6.286667882629089e-5,0.18132423885818835,5.178989293335378,0.037526054414145596,1.2356305557910678,0.06408529069147825,5.2993851241620895,0.18412717340744097,4.278588466262006,0.9064054684930015,0.004324289853307532,0.07918215913505815,0.13937256796399233,0.319231373365869,0.28431244933722005,0.014555222803997516,0.059787209646572435
883,1,0.0334878141737874,0.22771137108161996,0.032986427245436045,0.11195022825094911,5.161783671213874,0.0421654001995577,1.2377363277931086,0.06644437660507907,5.266379322132591,0.1943162009611326,4.319642533065863,0.8444211721657877,0.009309784655111812,0.040101204613554486,0.04879678301815962,0.32406461340514675,0.2978295529442002,0.017136754540554692,0.006275693347903439
884,1,0.038437316675648425,0.24925817154129803,0.03156315336583541,0.09683852201942646,5.126796908261557,0.010862604809232916,1.1398749912610489,0.059251900588142024,5.2891529108184905,0.19412349817815655,4.3031929690758135,0.7646868119437307,0.0030990259762177534,0.16961070909059026,0.14368974542943996,0.35833865578252805,0.38026351360193217,0.003980611216161509,0.024277716448855832
885,1,0.04045550458994521,0.3035871605402614,0.006011347793159189,0.1190226934490922,5.123772503408459,0.040123484029918645,1.1843865307578996,0.03666238215923873,5.194888894791337,0.23505682570766975,4.324146029649736,0.7383654499404478,0.005091354779071459,0.11247846401342813,0.0955319372001515,0.41911710103463967,0.5074380393723996,0.028037304139598457,0.0019209555488995792
886,1,0.03518757443084802,0.29576202208598623,0.028722292371343716,0.1278757314032022,5.153388404283588,0.03580838404869811,1.2778478506411175,0.022846273588987016,5.205201549891086,0.2009947714992218,4.348528394016904,0.7589327994220711,0.007894343296200833,0.03851012586307059,0.07300833864419326,0.4041911136720665,0.4811885208052283,0.0163124596941838,0.005679054923796884
887,1,0.024296357005421595,0.2743485817717877,0.04206562320884634,0.01865670513508865,5.144005231361907,0.04768627882277378,1.2739902019824378,0.01465680840535497,5.198663196714936,0.2032402453555682,4.386059350096538,0.8380652164572715,0.00781810118379832,0.05189877698608607,0.10458992649505584,0.38194245659551934,0.4894891345123091,0.002259084185652385,0.047273325123771436
888,1,0.032110055664903776,0.24683521183893398,0.018699155770078316,0.023135219082840473,5.061893719197041,0.032774760231612535,1.2195298890418458,0.04524432434908333,5.090694815992847,0.1896292909870136,4.367989561866161,0.8536805134061763,0.003203635732175724,0.08686732453111584,0.07619677408844064,0.3866152262404701,0.5052339875748667,0.010309636928969603,0.02750765888773301
889,1,0.03127715354189035,0.26005524312265554,0.011565222416487098,0.040665326285235205,5.06584748393661,0.033344422682400156,1.2401828815162208,0.05529348208100315,5.185835262005396,0.2871275384169887,4.328979883737078,0.832977148340197,0.00041047152143742507,0.08404274276191485,0.024788068084522955,0.36728884146167634,0.5326006661316218,0.02555196035933492,0.016794592425882205
890,1,0.027998795414665656,0.20505060568450603,0.026852788635643637,0.049848112286262576,5.119067253421525,0.01527851134319418,1.273446504664076,0.02965142929576401,5.206177936267527,0.25082744706610305,4.344338314471632,0.8142743732866902,0.002591938648613695,0.10222972248274775,0.034038144764101066,0.3058926425969084,0.5660464691956607,0.014470834322994293,0.03012745943248499
891,1,0.010070338000496733,0.3328217778669212,0.02899094730402312,0.005629177454427485,5.062571510555038,0.025345959809192853,1.2473278815361872,0.0660497198283931,5.1160536946362765,0.28596186139956276,4.340380958084049,0.7832255203765317,0.009605335846793609,0.03730391854664366,0.030479404387292103,0.2845738485029164,0.6409407272731676,0.011619093336564346,0.05827276639161375
892,1,0.014129314216899162,0.2976090676473905,0.036695317405605006,0.07327637580892894,5.099412830747681,0.030078135829713432,1.2736538019539212,0.0383718338021731,5.1072423767982,0.25662725626004074,4.281189580609068,0.8432956426794714,0.0029291809572766616,0.056076348668897415,0.023675492145746064,0.313093382907758,0.6665800140490905,0.010945681854016748,0.031850728782302475
893,1,0.014924404288336178,0.3556790063249248,0.010403149671946188,0.0893658884792457,5.057997242201956,0.026848183996771437,1.2569652044260635,0.06036106683085887,5.108308639371795,0.2370076743033724,4.283135411255063,0.8186989324672652,0.0043842051812471835,0.10320600541335376,0.0017296997224613803,0.35260513073139077,0.6738060560279994,0.014315143683887718,0.049784530949002107
894,1,0.03714855220056684,0.3098196196700557,0.03104485415566303,0.12849697492227316,5.126918097967935,0.041666710281095524,1.286956774796431,0.027995930214961693,5.179168063051863,0.23015853637056494,4.243945255960906,0.8633607518567751,0.007074926766592136,0.12048984428682925,0.004827659125401329,0.2946619362674726,0.6325248111790399,0.009279066590376469,0.019906349532027502
895,1,0.031488544500525614,0.335740052936164,0.04914883865953014,0.11883723052992726,5.1607058617307136,0.0440294665212075,1.3406930724280295,0.03544765250571466,5.1358498717401995,0.2490103977486053,4.190918598998292,0.9362896112411342,0.004117069654752262,0.09592614433761572,0.09149006502030173,0.3046667455234568,0.6878902133910874,0.0019492075309113458,0.02495432470331793
896,1,0.02863398464507692,0.34380048031596006,0.013191221106002926,0.06694101504650611,5.0469263737433065,0.054223419106014054,1.399518625671612,0.03413752085958423,5.083486399686251,0.25184688422174784,4.216330605863631,0.9742859912751576,0.00626973332105705,0.08549941469843629,0.03200338493014883,0.4122753013222067,0.6780226982057499,0.008524864132378645,0.04785336426463572
897,1,0.035493152334124985,0.3258702676547145,0.019683650609411258,0.0718543441836864,5.017167092078224,0.04572808267993094,1.4750461161483643,0.026157653405130588,5.142816416544213,0.307766619784934,4.221788504782301,0.9073968135632668,0.005913255844746648,0.0926106392465237,0.012846252926852956,0.4426702324990517,0.6680697750902083,0.004118603723033963,0.03738754207813459
898,1,0.013579197785640684,0.3060228978994487,0.013498837877137465,0.17007914492430884,4.992593479193216,0.019784859639357458,1.5146291639587726,0.05014306239127051,5.10464603828172,0.32440558003765024,4.161474577193563,0.9436216819507158,0.00603698267060524,0.0915858923332965,0.018599192677285686,0.49168056490673034,0.6231916245953765,0.02877964671739913,0.038877506495266875
899,1,0.030481710085195794,0.333309449552864,0.027081140412554636,0.19709992746023366,4.94130080311937,0.03640664456269495,1.5386345621512656,0.05954170421004289,5.094022506454671,0.33299765382342333,4.193535003323668,0.9286244772777706,0.00991404646374655,0.13052181878001137,0.038594269845308636,0.4532979222817743,0.6347417425381383,0.016531847981902464,0.007192093568188008
900,1,0.03710807462579301,0.35981195704544827,0.017882497688626403,0.16740698335982598,4.912448537039877,0.020309227072713616,1.479308043331301,0.007192303795940952,5.144852193672031,0.3579804151278127,4.112671287959466,0.870863323687484,0.007935473570397821,0.15638722235392966,0.019789097517076866,0.4499232499993678,0.6303490389377101,0.014086016746875159,0.010295060381915874
901,1,0.0035020701321841507,0.3090964097674515,0.019758172865255948,0.18879821259826307,4.894512388548878,0.028195739127655065,1.500231247819451,0.06439375969495295,5.085330781047496,0.3417538431302526,4.1295314146771025,0.8639391709448628,0.006911213321192396,0.07258096807544752,0.04742023011594118,0.5291925619145745,0.6396875489457412,0.026664228274800094,0.04775570128909363
902,1,0.01181157323152225,0.34440754054054595,0.004391558479586705,0.2715103305884037,4.914297965537291,0.02553003630240858,1.4974787082250853,0.038224034912759275,4.9902127796740805,0.3427405841271881,4.16395856175656,0.8613124581424974,0.0010782538346641854,0.16256283899812807,0.11353668804990537,0.5579669718297139,0.6259026121179895,0.017743556135534258,0.07541026091970561
903,1,0.04055338213471815,0.2835948997711945,0.03611829184887474,0.2697992600648427,5.017776092634335,0.05239608418670883,1.4981616355226717,0.013289862876397229,4.994998212615323,0.3693476214466157,4.167265985703682,0.894682233156422,0.0024909459990387615,0.12857905682143472,0.006937101559118161,0.5600667555948545,0.6485197807025975,0.0013652264269371152,0.006054600319574698
904,1,0.009036653990443249,0.3140652808288365,0.004768540581591454,0.2569475847133463,5.0790972782417825,0.03193909671138817,1.5152765503659906,0.015769807555578122,4.988426651047591,0.28636892267503194,4.075424160930916,0.8091063121268215,0.0003916361645927076,0.14761279302047853,0.03859533543692569,0.5374485312458251,0.7064019487275034,0.03747346936743118,0.04148694754800127
905,1,0.008858766551272225,0.33134075564060883,0.008146055574812865,0.2640721199667166,5.006827909633827,0.04484610869403796,1.5899819776487656,0.050689135047880876,5.012339272146622,0.22892417614208427,4.111258572417589,0.8124566941473289,0.007569238141003012,0.11284938748494457,0.08281892661918681,0.5320018823663221,0.6943353171132224,0.05152795365289874,0.022935110717040356
906,1,0.025205662072294584,0.4227938105429644,0.04977984034797343,0.17431318687293673,4.881030110777681,0.04000205254335555,1.5928604025605066,0.06910316163660993,4.987650325898088,0.23817444389272815,4.093505616370588,0.8443154958128086,0.00842243360397709,0.1658634332774404,0.09662573627271671,0.5618676579021533,0.7132501266941139,0.0008383015892769476,0.03578782156647003
907,1,0.02236954720718818,0.35567163961570886,0.032683925014753715,0.25736010893471467,4.83520096037586,0.024863965084891235,1.5206587653589887,0.011454767037912242,4.965459019546914,0.23519000630286674,4.199668405781588,0.8298914902105397,0.002394890251485148,0.13302799263127923,0.1463878878579681,0.6800524391285647,0.6388634793073671,0.0027037471631722087,0.05243865019799442
908,1,0.0008129673449132432,0.3972857059982082,0.049884524896181774,0.18873381640739523,4.847125256454583,0.01244057517018312,1.451624205745155,0.033105903812765035,4.9966754969357146,0.2330991132517525,4.189615426173305,0.8672516613333696,0.007236100780586543,0.19120507431794814,0.12589492466713473,0.6416673610356104,0.6383903742069243,0.0054513459966062565,0.039852604239353634
909,1,0.015530521182262608,0.34977906514085355,0.04786681515526892,0.14076791232800648,4.897640940934489,0.013110014076966972,1.4601295641274772,0.030711765663082997,4.972636911497047,0.27205705717938145,4.2765057257025765,0.85094063096453,0.0003653949923143001,0.19124731994023733,0.16366629334620594,0.6875881569558177,0.689039830510513,0.0004402222034688228,0.05530493789718249
910,1,0.024907621761862692,0.3405992922961159,0.02163947051143043,0.23210281753886428,4.896156471851939,0.019680295296587377,1.518401876348463,0.06662083774971163,4.951483619308056,0.3000843144161934,4.276549259139183,0.8807015330881993,0.002589662932231584,0.14634823644979464,0.13831142983756853,0.640805637903223,0.7647441789732944,0.02939066639587827,0.0166203271491358
911,1,0.015578320697532769,0.324137686175776,0.014125436053262242,0.20809682824261275,4.857891653852728,0.028354044503028888,1.5043370598250387,0.059117994407724604,4.925927062097756,0.2921656334799394,4.240314436356379,0.9046674304272495,0.00045030911052878423,0.17799643025800174,0.1923339043630015,0.6791549197662525,0.7637168723690076,0.0493643917129469,0.013076554809717306
912,1,0.0030470444538151006,0.33106539283115244,0.019657289984973278,0.20937493165491353,4.948323673939288,0.034074224805964934,1.5547340994696401,0.014902265085389329,4.912691685310358,0.35919451220045295,4.226720794452357,0.9880460161858846,0.0011744735336208089,0.1879561113322952,0.1307511930966025,0.7419538334754288,0.7158235143966358,0.02078086508249105,0.0657797712816124
913,1,0.0275970749414457,0.359207378554548,0.013816644668742873,0.25806775184732617,4.963849524346674,0.010681320700106262,1.4858437680138739,0.025453053506899432,4.898588079430144,0.25453747392290765,4.208170588538864,0.9810909815430836,0.003661337229982611,0.1497850468952735,0.09572510381159037,0.6880420394716574,0.7073332254437172,0.006011244490670733,0.060446866309572765
914,1,0.00599725629026399,0.3035813317609084,0.002434817858433033,0.27651927579317553,4.976751681886394,0.01998941170944013,1.4550282386003235,0.06919785836104145,4.922939685192704,0.24374621877802388,4.187139579144425,0.9193759102850237,0.009889624395216014,0.14928257698236091,0.16769244574148903,0.6432194497468251,0.7042932004220217,0.05755556555149787,0.02447605599024311
915,1,0.016410241557613288,0.29230678370020186,0.020463644758290187,0.22495973820656193,4.9092491563790785,0.0354158239191383,1.3748924288733189,0.052393292044834165,4.836311533967002,0.2831806364701552,4.195898058444936,0.9233961091030336,0.006370572985020489,0.1332448125223622,0.05565435889756665,0.619662838158239,0.6126941411966161,0.020985897559113943,0.03141855038360519
916,1,0.031172761305011815,0.3532025822844581,0.005160710584120395,0.22753733552056934,4.914709539660118,0.02161910035986118,1.3807295277162819,0.05867936818962915,4.8381954028256935,0.24731345148535946,4.226343431095539,0.8770875909514155,0.0076385299308318975,0.12890577531923392,0.009817403850970971,0.6220733282311871,0.5577691311638394,0.03850031010142457,0.0030815562443056816
917,1,0.02266316987718433,0.3840199286958744,0.006662713090953444,0.19363563970938436,4.847959866967145,0.02497271628746804,1.3394117298118458,0.038861019776425296,4.840948740065716,0.2674475927629854,4.186888336468018,0.8743917039882639,0.007277565638757644,0.1834837904964148,0.02944807045673401,0.680530794806325,0.5751941995639823,0.05773399169356945,0.00866497567466479
918,1,0.026984994780397755,0.42591444014351454,0.016593428732666893,0.2572877058537785,4.893186863106215,0.03231439044520837,1.257228717975915,0.05232436097539267,4.890045860377285,0.2453371186852581,4.103031528500483,0.9232568408797218,0.005518389034973882,0.18341553623794213,0.09361744093170499,0.7201914886905737,0.646265383960565,0.01365421990429726,0.026129449034613384
919,1,0.0424930323992629,0.4258418321165549,0.022040717765967804,0.2846981154108612,4.981228648075114,0.022820600917138983,1.2768608422590177,0.03385476837406264,4.999801030228534,0.25555619024794823,4.051743655738615,0.9092521714455272,0.00787869603648033,0.03511532288667099,0.03630940318230551,0.6369406508701848,0.6860138303329438,0.007179527801715266,0.00929675390440747
920,1,0.03455064452029991,0.4402904525713813,0.01723038590527488,0.29017848751581987,5.019208569219538,0.019325303919060424,1.2844059572860311,0.021425539347629,5.019885060573975,0.2790712949380594,4.0257961972175735,0.8615308289459254,0.0015561476479970203,0.03237180464495221,0.06747660450328088,0.7070721824775537,0.7545947374507809,0.019642141632917734,0.010619348688909486
921,1,0.037849067600845006,0.4689756772575396,0.00658920191622175,0.20505486071659998,4.989370823051477,0.010928932193561702,1.2873428655140229,0.0042457295023664975,4.96956462915489,0.34399061877226456,4.0540024618902395,0.8421904238447153,0.0004433947306204214,0.13561893449882687,0.03781098281432655,0.7644429026189233,0.8280313846151359,0.007472621855419943,0.031249322452104787
922,1,0.030746472070907135,0.4502868015417658,0.021975003585595818,0.23593404175527946,4.977559008873562,0.025190387086905575,1.3109196871215052,0.020365510623734078,5.001518068848371,0.36514597061483145,4.0618846553731975,0.8612719157820414,0.004491111222417587,0.05817997253183973,0.07858013165769179,0.762921600133709,0.846098024586608,0.00703334000271448,0.0346290286647251
923,1,0.023613804568048496,0.39925886555945794,0.009896995760066777,0.3054444719748699,4.903596843177424,0.01978244604424036,1.390134626527791,0.01612608073240477,5.029175750934486,0.33525215472670206,4.049891438604793,0.8761509311912664,0.007344837787689579,0.1565789244021243,0.08169579539355312,0.6768530749068536,0.8799557442399529,0.04142985178553009,0.011974454348520947
924,1,0.007849851419913968,0.34987132287338113,0.0023551026579598363,0.2658209435322719,4.971219117160938,0.04234070950928363,1.4516001234771125,0.02094333071201502,5.012581799828423,0.40782189238331246,4.009450235683852,0.8371269961185829,0.004191628290428,0.14796953672678448,0.012517628730208,0.620955328755027,0.8723139860357574,0.049086798606138064,0.03110840031836411
925,1,0.03266104626546614,0.36428678092434635,0.018375290263197903,0.3220102235650159,4.971745565434431,0.014679142954560149,1.469927409817865,0.03039650383890449,5.025853833842263,0.42828561767746526,3.9129914638540266,0.8628726234770618,0.007878004364711711,0.11792101416262936,0.0018994684461797228,0.6232568724114015,0.8644295777973485,0.022915115770012942,0.01369830695340101
926,1,0.03972625477750099,0.34302336925701454,0.009586312381131569,0.36797821973333616,4.98110990043948,0.02033668814008324,1.4087416067259997,0.008972540336726053,4.970828075440932,0.4210414823618027,3.860672251665715,0.7668191386306733,0.0006828935965885623,0.12474967772849847,0.04770602448421031,0.5861999378078531,0.8092951693236381,0.012216364543647143,0.020928426021618856
927,1,0.037094602533270356,0.37814837309546334,0.010390990769127749,0.40336778552902736,4.984376056738869,0.025062041072560822,1.3859562519688424,0.06820724627482441,4.944284447374813,0.4991534115589639,3.9206731709150286,0.8309970509608395,0.0008796396563299861,0.13843786155288237,0.0762018497348079,0.5148480104424816,0.7640257603603159,0.0075830134950348235,0.03908035664898153
928,1,0.023587987325655573,0.3250009928682194,0.00883178650818883,0.38518522495176205,4.969361705357093,0.026962101861891595,1.2657415269250796,0.065896186275972,4.91134831412871,0.5187238904166651,4.002084147349167,0.7594385046279842,0.008819190839766561,0.07395501817382291,0.03265036196065372,0.48857240620244446,0.7076810423105121,0.035404580063774845,0.016949375916509225
929,1,0.007739235004192648,0.33667330134480283,0.03268177105869543,0.35240295951267886,5.034536593426639,0.014571418812359557,1.40298218062132,0.06558472880795557,4.889464269557978,0.5482357322392929,3.9456112263884235,0.7539997137948042,0.008665013656903461,0.1255515262118655,0.07102462880047213,0.4730526944025831,0.7299473419713542,0.019632004742247234,0.0292680307436845
930,1,0.01566990473767401,0.33957101013145036,0.020844604714617833,0.42626162548903157,4.934337166965521,0.0318801103788126,1.3524767128354356,0.058333555892563595,4.917760942153066,0.5331967997909735,3.889337836721581,0.6767953399853366,0.006998440357437395,0.09855631565476336,0.12255671484465638,0.4296954630566017,0.6768028713077352,0.017539013200766052,0.031922204137114114
931,1,0.021445418773773,0.38874913368869424,0.02065856936108817,0.3339440367829969,4.93999953780033,0.01438152355581089,1.3826166929781836,0.04109762965307394,4.958797656024114,0.4744804062851341,3.870405573125248,0.7363469350540895,0.006217817132310775,0.08173963678423785,0.17519773185890233,0.3775944902933958,0.6208059583918103,0.009707241603311321,0.04855431303867793
932,1,0.014985133535966474,0.4368717163612995,0.03677640703799524,0.3009555636792758,4.974435539576763,0.02998136076341344,1.362564098115071,0.031525642374536714,4.990770743978014,0.47635096112395703,3.8179966168805533,0.7570252138832284,9.477060505393484e-5,0.06310641660510852,0.1186899600524308,0.39888298293227475,0.7077850936929174,0.008407256789840929,0.03239754082979006
933,1,0.019026278099758633,0.3906769646671187,0.03425182057624253,0.28161162862493877,4.9507194130546655,0.03255030267402362,1.4088068791605237,0.026812711313142792,5.00018428020519,0.5407396341335018,3.854376937058174,0.740831175466716,0.0020803822940153693,0.10507040807391291,0.11319092686751361,0.36563815366258484,0.7333461193785257,0.0033531491748573536,0.07607265679978684
934,1,0.019159548920082363,0.35852003647270897,0.0014057259173931589,0.27602679206052894,5.00613654567148,0.03348347101033314,1.4784337906713734,0.041242405805435235,5.005424319389722,0.5694201269163041,3.9001311432856367,0.7525916682330961,0.008896140537914156,0.060757704873490595,0.1742620214304069,0.32677800091197745,0.65598082630144,0.017834558795126756,0.052513670346717896
935,1,0.01629931606022185,0.3493024681221936,0.043381545538395266,0.31123451668669394,5.071089780183128,0.03370122885002324,1.4861219254734424,0.06056610301721821,4.954663655378964,0.56770157795368,3.907236080642892,0.7529305975987854,0.009883281999650549,0.03393731230635572,0.17982121604358325,0.2528402050054427,0.7219292103991578,0.004472439417332401,0.03131259598795551
936,1,0.0405354563629466,0.3761004470742054,0.032969371989869364,0.293203720897311,5.107691406690652,0.03864363282972074,1.4476461770050153,0.04746108334718019,4.9971463777191625,0.5181734578236085,3.9776488826982495,0.7552876273714494,0.006317767094178557,0.09708170618266829,0.08887366403342746,0.280046117410844,0.7715546627200054,0.004265570066700232,0.008943997755292955
937,1,0.019097504027085915,0.39240483141354443,0.043770851471842266,0.2585534016725614,5.105607482364645,0.04936470755581441,1.4788606548053504,0.048862449318423914,4.972993349690819,0.5668407533256838,3.9900655979895903,0.7857749748814303,0.007442255331956365,0.08599000172158922,0.021269832082650406,0.3576150924375966,0.8164876734562505,0.001873232564146001,0.057243626330481946
938,1,0.023089317818807485,0.4374945081241752,0.008687167642226566,0.28688262307138934,5.1028898914817225,0.021710324043691526,1.4217440445414475,0.05416817187447359,4.904791257903147,0.5937254612410887,4.012908784601426,0.8732910699075361,0.007876265073464724,0.19200611911388016,0.05289943839032781,0.40058809953180147,0.8147370664036814,0.02497316097232414,0.026043268480307896
939,1,0.018499924710607664,0.45444896744332913,0.00695738161749503,0.2669034373762393,5.126392317557218,0.03151684981994904,1.429005415964415,0.016821809381218533,4.958631773309246,0.49985791484475406,3.948485407840386,0.905124247113071,0.002351088351271263,0.1503056383829515,0.08140731043170005,0.4536295129563302,0.8469992397486584,0.03652962718639696,0.025354064137297894
940,1,0.013838074743838087,0.43573341673580995,0.04908006676866193,0.2714978987848304,5.177086994839488,0.026042004159564293,1.3933876537153569,0.036837217387412614,5.00372701590026,0.46647294606622397,3.937998743030123,0.9744621432898324,0.008915848474277009,0.19284464367613396,0.11969434563538398,0.41826699028237413,0.8183553559057198,0.0009298272602576188,0.06239933563291658
941,1,0.018087594918302294,0.373158001954901,0.032528427278976646,0.3282761639059406,5.154729978136703,0.022763989262596103,1.45153456858843,0.024369512423931674,4.927118877326493,0.4621054255516574,3.9832053471071824,0.9971470223168033,0.002050186100484936,0.16777443060422184,0.16406423897157804,0.42265086547047187,0.769965050186581,0.004448400440562627,0.07020071605224502
942,1,0.026159073969748172,0.39028787154259437,0.019263464983316676,0.19675692474101916,5.136899600346646,0.012519498517983898,1.3554187861744238,0.054973310870909474,4.920719400746129,0.48865854128907626,3.9805929802947295,0.9677453861936937,0.007219703424229382,0.19265783534727313,0.086706842974033,0.41067924542031636,0.7764068318476143,0.018809674074356002,0.038609168246679
943,1,0.024327181673098316,0.3481475273695895,0.021889931520728826,0.1368671720751457,5.175781803469727,0.012672737601531954,1.37206031346033,0.013987663841544009,4.848461858377056,0.47562223754774774,4.052478103622999,0.9767975709983856,0.004460788709318488,0.14073090571337768,0.11505712116763497,0.3715331588022781,0.7987089409399082,0.015030785993851098,0.04557920638112905
944,1,0.011637461056485264,0.3213672998707886,0.03801298603907674,0.18800324666622317,5.193028522117305,0.04110456173262721,1.4545145385043923,0.04006308670570996,4.856654791632868,0.4734996110836674,4.086044226557419,0.9628137930465391,0.004074816007765787,0.16171148375393704,0.15288897365091159,0.367573896583321,0.7156918735791801,0.007284181313482544,0.062129406528779026
945,1,0.01359608713833669,0.30397477351408986,0.005559033735149769,0.23527143638925702,5.241429541241732,0.03832069334540732,1.4767191656604521,0.03001458647574191,4.767949536025517,0.5197065356186192,4.0717681317410195,0.8855273754302647,0.005686118423131521,0.18664346473449042,0.1945755736274624,0.34799079132752203,0.6915252853842062,0.0445080259228402,0.02869227618166472
946,1,0.004482587031692878,0.30468417718621055,0.04109407005388564,0.28800018604172756,5.232295816784275,0.039799963098039785,1.4310746399827443,0.022022803673432928,4.7273495021234035,0.46630054452728104,4.055857353966689,0.8243953121760319,0.009523170015452482,0.11934417187891429,0.19448199297830612,0.4361091126372817,0.6438403444044866,0.017443150707471565,0.021218114860192327
947,1,0.013617455626409519,0.28079144177554477,0.023097956937190404,0.27458112425500714,5.28044474962346,0.019442408065117166,1.4119761756317268,0.048779541068827474,4.723638146328048,0.48907510905993906,4.04229059053357,0.7976025695725766,0.000458424664696124,0.07764097468411377,0.11056586564185579,0.45590097855799555,0.6342922815032702,0.017600862654443335,0.056992494592123424
948,1,0.022159803188783005,0.3047170237338063,0.01503889764022326,0.33066180994380984,5.255578580578517,0.03741350633009918,1.367272468826444,0.020737554341895788,4.7172300454642775,0.5170230973275055,4.02309456263796,0.7709721605357366,0.00836504122151436,0.12778701952047108,0.13127887086825207,0.6052205688580958,0.7208983630203156,0.018723186023219856,0.04286472868723938
949,1,0.014007286770050496,0.25777316482185675,0.023544966456381666,0.3920445714395689,5.241431443650492,0.0331940851843918,1.3097846400257018,0.04274912086776559,4.7785885790263505,0.45264671047325417,4.094961107738967,0.7830225202281632,0.0014835891770406423,0.16138078632059372,0.10307647512216682,0.6428108600892769,0.7545575656959359,0.009416069650614823,0.08659010709631637
950,1,0.008855443994117926,0.3337891728715572,0.029380245922249457,0.3995048163432217,5.293508406964679,0.025384308070982034,1.2829873956352436,0.033362278337946874,4.720866164697517,0.483852548250821,4.128285764488538,0.7478335172457989,0.00644836654395684,0.16315077758308957,0.13413397421055256,0.6239693963263078,0.7458257836676405,0.010028450844141843,0.08022424253175801
951,1,0.012533298610161126,0.3497451825032885,0.0023593828400043774,0.3419345028498851,5.3042315015260595,0.03602383810369847,1.4021964994820897,0.038682771120506707,4.73805336366833,0.4128429821021327,4.147097027049778,0.7541938559735991,0.0008247857067164168,0.19287008839062478,0.09335472108512861,0.5541117175772257,0.7122816499515204,0.019374897309140313,0.07258953558140009
952,1,0.003514061350287829,0.3395387537871588,0.021403579660502693,0.2954304481137836,5.319135537566007,0.022179639274691052,1.4580105097505685,0.05178142472507964,4.616097623326383,0.3521331651887697,4.150674050937141,0.7794859765153657,0.00785559426610358,0.19195251392064083,0.1872883740696532,0.525232920269919,0.6778763571788923,0.022012120426039578,0.047767783816513164
953,1,0.02936946802301849,0.34373964436203797,0.015609556088668635,0.338282905856719,5.289942231899149,0.044594230809156025,1.4713983239645294,0.05954707951416718,4.684461526603719,0.3191407198952683,4.071520667446686,0.8303379554331504,0.009291917051015505,0.1448144364712255,0.16550023282988927,0.4718112041689945,0.6907724410487025,0.015833859581438778,0.03590217153465937
954,1,0.0223306036698436,0.4112841193568204,0.012229933104837571,0.3055250036721363,5.274503242488943,0.04278548566505821,1.4851313121911167,0.05455223161500968,4.71591487017436,0.32351716752882137,4.115787773436979,0.8784176000186792,0.008335545669528113,0.138495963478187,0.0933302489261316,0.40098343139498377,0.6557152094006605,0.01634073051499337,0.028071985094960755
955,1,0.012073129980210403,0.3873272428792361,0.02346227115184344,0.3625617121236152,5.217221456816728,0.023027566547908034,1.4889085763355818,0.056456397721048206,4.680991027945759,0.26806186469573845,4.0914420791012445,0.9179988826749096,0.004608894576484113,0.096876074590345,0.07707381692021731,0.37987081534852984,0.6404124194830861,0.018117975256031545,0.03098948945401278
956,1,0.009612525464134351,0.3910568912494977,0.0065525237638348255,0.3241803805481987,5.206812200970185,0.013367199012346485,1.5027966234820982,0.046588747541766146,4.662574181199054,0.28800043108809037,4.100347896827803,0.9718268711968753,0.007575793397187263,0.12033746248267647,0.0580086291448515,0.37263753450699755,0.6496518990779049,0.03717982636073516,0.042867526222548684
957,1,0.03480713044618415,0.3795327629727487,0.0066362371852829736,0.23140297326215145,5.206322732489706,0.047068089649349526,1.4800124715871654,0.01698593559196719,4.695642247445603,0.3406134324896633,4.022719318009891,0.8872998431676947,0.006845485704012889,0.13722800321955317,0.005052957023144408,0.3390782833823831,0.6637744241464915,0.04518707487373265,0.0010701597463889509
958,1,0.007001457746070867,0.35065438870899296,0.0251874918568907,0.32538849087577687,5.16950882314763,0.04687886271809613,1.4875688205904567,0.014215064393787252,4.641312346627173,0.39695177847854857,3.994552517864599,0.797642317113316,0.006286721231993989,0.15063499899580193,0.018645031566838506,0.3228847428337963,0.6936706683301662,0.027253970955812293,0.03065267957885968
959,1,0.01613172722352996,0.30496405373422825,0.008815740333080435,0.29816802607103793,5.17006466868489,0.04278865005117462,1.4759261100009242,0.029630785139392577,4.626271247440254,0.41272905511129204,4.073700229382583,0.8687100112106947,0.0030282871398284485,0.17669233293553752,0.021644986853262983,0.28452806420311794,0.6547674528739584,0.02353265051453175,0.03471466246182851
960,1,0.015442865951087141,0.23389249129772474,0.00543095948607477,0.2544832914875352,5.159123728068189,0.054020434198003786,1.504063097980104,0.059041494045979824,4.501161278315675,0.5104643134216144,4.069162157134446,0.7717221770387664,0.0054400827752934975,0.19614849949259838,0.046529860593841156,0.22593933734744162,0.722677149579514,0.03984012604804335,0.032713897518444515
961,1,0.020753764585737938,0.19034600212195438,0.0003566541060230456,0.19280495628976596,5.151493024029564,0.03496494869377855,1.4888875540058695,0.03125015992714617,4.504938293426861,0.4680320979654104,4.119700734534691,0.8871304124878531,0.004887817819774558,0.06453532317431211,0.04633442614562798,0.17769450901536313,0.6832024768561722,0.027510560692936212,0.04851585841963959
962,1,0.022039649001099254,0.19823638874928332,0.009142573047984855,0.20972565732040982,5.202390524102268,0.052933320573991846,1.4668156666068057,0.047081636571403886,4.472235036841859,0.46416766254687103,4.1252002744016965,0.8851862001649089,0.0076575271886151295,0.16332604124708436,0.06120113268937753,0.1867544909320984,0.6619303960800987,0.031902121677394486,0.02330544976557431
963,1,0.04488705886522848,0.16772069040798981,0.036720976047483894,0.26192703714605786,5.175125345139787,0.046093193026073835,1.458899127177098,0.035741466728675196,4.50432264216988,0.3645114611350083,4.142488489185584,0.8495176670490489,0.000795395914680995,0.1544104292394435,0.0680007970158453,0.2044195569706926,0.6710194612663722,0.005079448544782394,0.00568770485789398
964,1,0.021948274345668154,0.13059055840597356,0.013529316780392566,0.2389967525280278,5.130975450727702,0.056407988625304654,1.4047857756600468,0.056028145524490855,4.5311331416247524,0.404425746273348,4.16870525278093,0.8861358438867317,0.006946721234144688,0.023625021417289237,0.06638296644502828,0.217569316707989,0.6852600748914005,0.03508123092810393,0.018541164120076975
965,1,0.03620264317890787,0.18413317556475858,0.032034013493611915,0.2604231215364291,5.147175983510203,0.03687407056640272,1.3491105173642746,0.0694225462984475,4.626755056368272,0.41048945961441996,4.200851164550482,0.821405151740958,0.004545619326740457,0.04496736927915688,0.04851738482969103,0.17910763428690238,0.6682031786573704,0.006473437289593288,0.03135923771846432
966,1,0.037075330821513326,0.20562809457281458,0.0434131534771508,0.2840149720054561,5.102510559698963,0.04443261234181544,1.3216916710058235,0.012298985801935008,4.6205213361977915,0.424614119760218,4.06301914629129,0.7973107981404758,0.0022550220486201983,0.08328856234351233,0.07055595869939031,0.2715987848811544,0.7185251268010037,0.00720372873996474,0.002973568883677044
967,1,0.02291364475613045,0.23296552000015008,0.037443461641757915,0.2705983983401711,5.121057566238957,0.05953784123365019,1.308153168278351,0.046286181529979355,4.581268879871593,0.4485360214499024,4.093890439976801,0.7685013301340295,0.005417636604525908,0.17272516116708309,0.13703057935513452,0.29578624571615186,0.725656300432164,0.01184131408755387,0.017495563118231455
968,1,0.004423638554181,0.20178446395347585,0.024671028287889748,0.2656405764066612,5.100961407250161,0.013347211114536182,1.336735720542388,0.05255348661905148,4.537287461323122,0.3959898380042506,4.136471889716113,0.7277498367466658,0.004471509092975575,0.17750345014028115,0.13042896276650057,0.24914865199445493,0.7917902236436606,0.02082833490969674,0.05583030348727896
969,1,0.005009775234587528,0.27901813274368004,0.026381048114980155,0.24058563180609419,5.101233937014754,0.015095454125340134,1.3472351700465435,0.04356139537665498,4.508350016950398,0.40591330159654126,4.074044140659517,0.6466250234673523,0.003094035565760884,0.15608151943436174,0.18285434521334504,0.31444823097330765,0.8031426593525793,0.022590635994564942,0.04376275432992275
970,1,0.0093834665443784,0.32497952924393314,0.000799238921397187,0.28535736639092335,5.149405146487092,0.019582514030926694,1.3109518605825208,0.02258925222028007,4.559124839531474,0.4419987824340877,4.004547421989296,0.6593274928881322,0.0011792382153475772,0.1291720552768818,0.16683361930742543,0.2470943729708622,0.7628231374757942,0.018033161540479813,0.0918576242152571
971,1,0.01073663124659284,0.310468537106027,0.015885875639416833,0.3702627712950765,5.122112237674673,0.031495098562652056,1.376121321972067,0.05731827311952248,4.617808321604857,0.46064716248343923,4.085597420431234,0.6917005274214993,0.006917612985364385,0.04586593196539503,0.1241028728035446,0.2603449928173137,0.7589273888006633,0.014791033127154615,0.054478464564816
972,1,0.022330939977376885,0.26935897540654785,0.021961255139282175,0.3848553393872592,5.145727298458117,0.03572114034213062,1.417488296428914,0.06328251836775046,4.6478691010100235,0.400196427714217,4.043575997473081,0.6829925452461649,0.008628330138076436,0.06812337908267102,0.10606246684009799,0.1833978075548193,0.7240644649028056,0.012100863268726956,0.021426311094196168
973,1,0.016054648656086065,0.20092464350070763,0.0089554477279758,0.406076912902616,5.167244292491448,0.02256132646434733,1.4526568139434517,0.05213104162313538,4.6271032121050695,0.5159239264487006,4.045588422522705,0.72943954717596,0.004352178079096496,0.062350762933994504,0.11200488169421673,0.21464232879985493,0.6579710258928103,0.019007642611252276,0.05310585347448558
974,1,0.009834036350650133,0.24841677987406616,0.008668268412501186,0.46421812567912557,5.255983062915175,0.02697552927080651,1.4671136956898134,0.01569228176866105,4.654461758634423,0.5381407083818465,4.129781185066943,0.6825479333029452,0.0028334820515106478,0.0258364058482257,0.10425911578585348,0.18488349689196346,0.7505865797735112,0.012576713204188109,0.0836143745332874
975,1,0.03740907719397021,0.3441100442454129,0.023880598152592403,0.44401680728517323,5.291802815281737,0.05410439467252797,1.4067840324905758,0.038822477152718235,4.712569831741426,0.5452559946579606,4.085509001496382,0.5713137026970961,0.009533014376941078,0.07828530008706648,0.1281180589362848,0.21820501089377334,0.8001120332651301,0.006909996462072619,0.004679258785431213
976,1,0.011633042757207303,0.3375536279647931,0.010779624191471288,0.4369834955912968,5.256019462674278,0.06157713285540302,1.4438620147750187,0.06668667362406684,4.724477404575515,0.5279225218529598,4.082539174285821,0.5492510095032181,0.009843430831626433,0.16348469565006682,0.14953660823297785,0.21986652801918824,0.7873378469694325,0.021566940929706856,0.03463101689357641
977,1,0.018788085058591718,0.32679140175507654,0.001212148294617907,0.4824362371208311,5.240950918194793,0.022205693573814102,1.4517938631911085,0.018768298412316538,4.782206238663492,0.5529056440255186,4.072686836108264,0.5423071807338539,0.0007645201741377413,0.15391844420439016,0.1236559665903275,0.22341720517712535,0.7648966425581587,0.01898967188097075,0.03964638685313095
978,1,0.02840938829431253,0.27062791868739516,0.004032049341645062,0.4585598950135893,5.160032329020778,0.013116407706920831,1.4728163874425646,0.040269031747137085,4.803116771600185,0.5409764660212559,4.0752255029217554,0.6243920386088128,2.204416947802475e-5,0.133272723934384,0.14854673410177488,0.25248607910241455,0.7385035493114934,0.012079846936294051,0.04232219434909394
979,1,0.004379890582966261,0.31218273180890577,0.030696751917178904,0.46959873764041754,5.176334956199346,0.028425761006273025,1.5798818651029707,0.05169693519237608,4.778431704273542,0.5088909233455208,4.005330993374607,0.5401558074976279,0.006129710145374702,0.09095498466310246,0.1279006918618114,0.23922629198532616,0.6952142607549585,0.009146170314728108,0.051840112316736145
980,1,0.02210457581709668,0.2897106863772216,0.03602712293973302,0.4029957672324806,5.148535005753162,0.04750388525687094,1.5603697596755686,0.033261990450469604,4.868884257278349,0.5368310356693854,4.049919726698938,0.5379585881132606,0.0023206272421391876,0.14067662447598378,0.11600241191532207,0.20822219691105992,0.7780839910244822,0.0030494719479227314,0.033552293986246796
981,1,0.0003302334620226591,0.2938071623430813,0.026607140490395007,0.48567100129749674,5.120894782999146,0.024644970627046972,1.563041982649322,0.023367427804594523,4.907430789102352,0.540703233753905,4.076862076512877,0.5658680889356352,0.005188726407262449,0.10217602257370445,0.1612565207456134,0.2485786815333077,0.7754802830995032,0.005997653596491503,0.09274816130438557
982,1,0.0044921200808429075,0.25611214304363605,0.0006434781475660087,0.4897708355938295,5.1237721559384,0.05541689585231502,1.5786865619460453,0.02471432902262142,4.927565328892112,0.4927328064547622,4.105487589006052,0.5561450903106585,0.0078047338992333366,0.12652458843026787,0.10987577783489481,0.3506701410399415,0.8158698111162416,0.01543442003147477,0.09703441399046686
983,1,0.013199513354373364,0.24180989216305276,0.03401495248892598,0.4036980681762265,5.076547145863608,0.023642759701214353,1.5485703218024305,0.040128006839909774,4.844481799256881,0.3809646524976045,4.1588453886636225,0.6019852291638677,0.0015929940353715422,0.14960408871195308,0.1364543650687454,0.3130530380149305,0.8704569581958793,0.005676063357697331,0.0819042182135018
984,1,0.02443586274912526,0.2637870785465698,0.009415206601225365,0.3966106394645266,5.05387815485196,0.024421800482646052,1.4843272395087412,0.05884311234344263,4.811595455849494,0.41148881618580274,4.116124176594618,0.6383099654967298,0.0012610421823207156,0.15321537161911528,0.15513110664141716,0.38529778356983435,0.762779592825192,0.03764228127764615,0.009564346322606273
985,1,0.015287658799649535,0.24225977101343782,0.013645169655976062,0.37524669890624607,5.01264634874625,0.03882117874224969,1.5151657670664447,0.05875768985216926,4.7690628865699685,0.39020723360318105,4.138130580293119,0.6198878135346769,0.007084093115561239,0.00031586526627640205,0.08587200606592456,0.4931872882671708,0.765349992928,0.02490991858137769,0.02692185516221295
986,1,0.029969639955531483,0.2876260822631411,0.009414489311165352,0.46571637942640687,5.022329603535079,0.03502196496985287,1.5190193164852943,0.053568846031339795,4.7380796707726445,0.386093167073794,4.219980467240922,0.6827243067762822,0.007215549233761409,0.061903076593947816,0.11594922124334144,0.5337647732547268,0.7100286959831613,0.01749927858592809,0.015531900151566108
987,1,0.003086842082598298,0.2930837642059117,0.02822492130971669,0.457171015454887,5.0428060378878,0.03172065138968463,1.5738890714534088,0.05782119118115117,4.666705731479496,0.3557490840849731,4.280305932780357,0.759977479144811,0.007641935549675697,0.06314007673256743,0.13715188001461726,0.5369458464953877,0.7109508279854279,0.012642253008322736,0.05496662731347734
988,1,0.007282711479785101,0.37596256235021835,0.021406633387770876,0.43165776272161066,4.96157059815748,0.027538255111539442,1.53439977975175,0.014078102199864382,4.566265659135963,0.35701313041976745,4.2205798355391915,0.7152799801120926,0.00875360324834636,0.003730483591115768,0.07065863914732637,0.5222639157591853,0.698351134052079,0.009876813173314177,0.06114947220375943
989,1,0.03298120333152371,0.29262144240046595,0.010161091871080639,0.44785325098698686,4.912044954879855,0.026418239822695692,1.5350544870516531,0.026838211530829506,4.630064946326839,0.32266488054473264,4.284412992454702,0.6984173041962194,0.005692230085575331,0.01843286485599326,0.11970197089190956,0.45651445168600147,0.6959069537855243,0.008630617610261062,0.029081291478835182
990,1,0.008786034536459151,0.31665392524900815,0.013087831025686303,0.40151206694509645,4.982147768177367,0.032754334278733845,1.5566298906585678,0.06547215736260555,4.5940114931851905,0.23554935754827053,4.320658484473913,0.6997121385717189,0.00493097666111856,0.026171090467982938,0.08434669910128115,0.5073753102375638,0.7051452508204196,0.012167140863320419,0.0661908713594481
991,1,0.0067066165657221465,0.2616772864653493,0.004692246410969867,0.41528680396497375,4.938678947844722,0.018261064403289125,1.5589980844026583,0.017818121325370327,4.576794436334718,0.23635696608580248,4.317015458699031,0.6585249045203247,0.0016359731182233113,0.041714424269938856,0.04631904978249316,0.5057056122608916,0.687304641641829,0.03039915913003994,0.049659100954714035
992,1,0.02205832091347171,0.2366915297676073,0.006747583737184097,0.385728865642981,4.994960901766346,0.02194160547972822,1.483249555435416,0.04172464924925422,4.60373682636941,0.2459884710265341,4.329855480937478,0.7621828350773385,0.009373615974994741,0.039797353169436604,0.026020620892423414,0.4876314718600815,0.6691727097403141,0.010643559822163412,0.07021398157244609
993,1,0.0014118088004771347,0.2277561569560941,0.005315728672006346,0.400268950522655,4.98220264198148,0.03608053612155443,1.4395551171673286,0.018214507355178926,4.592163201853579,0.19226897254575367,4.229821690415624,0.7424486404281525,0.008041174392259447,0.05624084873966629,0.04945382523976703,0.40095052929656677,0.6047573379988229,0.02985233361582223,0.053464899014339304
994,1,0.02002356809244046,0.22563663569065037,0.01665870564086517,0.4128343838643904,4.998379938767173,0.04687836218430801,1.4278819262467006,0.02116454677978004,4.594872819401492,0.19449411844070252,4.2210305563558945,0.6424298420397119,0.007901641619432152,0.08883579223835705,0.05794365134171563,0.43612387173516715,0.5599736948608374,0.010678714673796481,0.056317448215230374
995,1,0.03216027429456052,0.1698096699241428,0.03675194216348231,0.43292157863182035,5.041964506852747,0.04217909429320456,1.431294356198988,0.023295158156308626,4.550920980447861,0.22036082370564308,4.193650946552433,0.641477229071744,0.006839502651789323,0.032763114925823233,0.015976915838269434,0.42891892179283453,0.5427995091448863,0.010688801182313414,0.009918373732949355
996,1,0.036218791089314556,0.24779474129993279,0.023596269966903328,0.4674381011106002,5.071329359761447,0.025389239166652495,1.4461833304149352,0.055662819771211194,4.565685708120256,0.19111030590439745,4.166678598918696,0.6435584434066921,0.0039992873809892955,0.04037132150626153,0.05761089359361103,0.42960299832503523,0.5351220152202687,0.003090885670729372,0.03896308412878677
997,1,0.011056769105592872,0.18788911496166993,0.0051324374236405785,0.4956607655270942,5.1768093945891644,0.04715937807831617,1.4290125112904128,0.05582031812423837,4.596892589365312,0.18631880246916713,4.180554915970623,0.6019074095834911,0.0036503956865365362,0.060881683862043,0.11156724773326983,0.4298464480581369,0.5532747051722587,0.02130467763495445,0.05906113420879191
998,1,0.036095880653334404,0.20563398891632353,0.04004821051510645,0.43834889978336844,5.246815700242005,0.016498684062730685,1.5900842980504357,0.03405216031011341,4.634916371472911,0.2628946426175379,4.179021829229395,0.5190151593933499,0.004133680034946038,0.083386438845364,0.0595931592111814,0.49379635622621487,0.4823662457900491,0.0030127181917595923,0.004091734135466414
999,1,0.005062657413005081,0.1390486568468626,0.021207603753008675,0.36999435970159433,5.240848979729804,0.040858609859504895,1.5131723121416416,0.039079701341689706,4.601721487580348,0.24235247283669573,4.123442090341685,0.47829860329324664,0.0002860647667473398,0.08688425941477941,0.08120514935036195,0.4857338470113963,0.4164766533825928,0.021688621184689894,0.05096526848693359
1000,1,0.018244350516840133,0.13484714937230888,0.013657520336807689,0.4060462857595377,5.22702843870962,0.02775172348945645,1.4715968538443593,0.01959299762053132,4.6248126094883855,0.22993760033366972,4.166029200485318,0.6021358241429262,0.0057036537202043505,0.034290734396146536,0.08534473151209782,0.3583637419252181,0.5167367619395469,0.025136426086103076,0.043769570685022
